"style","artist","song","label","bpm_exact","preview_url","release_date","duration_sec","country","city","artist_bio","artist_genre","artist_profile_hint","source","genre_evidence_url","source_url","track_url","deezer_track_id","deezer_track_url","cover_art_url","youtube_track_url","source_type","source_tags","energy_band","catalog_role","status","confidence","source_note"
"acid_trance","Art of Trance","Easter Island (Cygnus-X Remix)","Easter Island","","https://cdnt-preview.dzcdn.net/api/1/1/a/f/0/0/af02f6f2d1ef22f35b5cd830f4477ef0.mp3?hdnea=exp=1787243666~acl=/api/1/1/a/f/0/0/af02f6f2d1ef22f35b5cd830f4477ef0.mp3*~data=user_id=0,application_id=42~hmac=9f4e82d1a721f0f6cc8daa4d4275ca4c40de8d63f9959682b04c76f7d893733b","","415","","","","Acid Trance","Art of Trance foi curado para ampliar a diversidade reproduzível de Acid Trance.","low_coverage_subgenre_expansion_v21_20260820","","https://www.deezer.com/track/15269818","https://www.deezer.com/track/15269818","15269818","https://www.deezer.com/track/15269818","https://cdn-images.dzcdn.net/images/cover/5284b222e74a0f83f3ae4e66bf3e91b3/500x500-000000-80-0-0.jpg","","verified_low_coverage_subgenre_depth","acid_trance;Acid Trance;curated_artist;playable_depth;low_coverage_subgenre_expansion_v21_20260820","catalog_depth","low_coverage_style_repair","published","high","Artista curado para Acid Trance; artista exato, gravação e prévia verificados no Deezer."
"acid_trance","Art of Trance","Madagascar","The Complete 'Madagascar'","","https://audio-ssl.itunes.apple.com/itunes-assets/AudioPreview115/v4/a2/26/74/a2267487-55ad-d868-b320-cfe1f2786abf/mzaf_13617839792342643044.plus.aac.p.m4a","1998-01-10","444","","","","Acid Trance","Art of Trance foi curado para ampliar a diversidade reproduzível de Acid Trance.","low_coverage_subgenre_expansion_v21_20260820","","https://music.apple.com/us/album/madagascar/486221065?i=486221066&uo=4","https://music.apple.com/us/album/madagascar/486221065?i=486221066&uo=4","97361308","https://www.deezer.com/track/97361308","https://is1-ssl.mzstatic.com/image/thumb/Music/1f/bd/c3/mzi.ybyhrhnx.jpg/600x600bb.jpg","","verified_low_coverage_subgenre_depth","acid_trance;Acid Trance;curated_artist;playable_depth;low_coverage_subgenre_expansion_v21_20260820;itunes_verified;deezer_verified","catalog_depth","low_coverage_style_repair","published","high","Artista curado para Acid Trance; artista exato, gravação e prévia verificados em Apple Music e Deezer."
"acid_trance","Art of Trance","Octopus","Octopus","","https://cdnt-preview.dzcdn.net/api/1/1/e/8/1/0/e81f4e88c1092a64df63bbdabbd6737d.mp3?hdnea=exp=1787243666~acl=/api/1/1/e/8/1/0/e81f4e88c1092a64df63bbdabbd6737d.mp3*~data=user_id=0,application_id=42~hmac=e1e8f73d70b10d0cdd7193c609ca6613fb0df7108da2e22010bb70162d52013b","","460","","","","Acid Trance","Art of Trance foi curado para ampliar a diversidade reproduzível de Acid Trance.","low_coverage_subgenre_expansion_v21_20260820","","https://www.deezer.com/track/3042901941","https://www.deezer.com/track/3042901941","3042901941","https://www.deezer.com/track/3042901941","https://cdn-images.dzcdn.net/images/cover/5626f35e1cc3312be43112ae8c129abb/500x500-000000-80-0-0.jpg","","verified_low_coverage_subgenre_depth","acid_trance;Acid Trance;curated_artist;playable_depth;low_coverage_subgenre_expansion_v21_20260820","catalog_depth","low_coverage_style_repair","published","high","Artista curado para Acid Trance; artista exato, gravação e prévia verificados no Deezer."
"acid_trance","Art of Trance","Stealth","Voice of Earth","","https://audio-ssl.itunes.apple.com/itunes-assets/AudioPreview115/v4/a1/87/5e/a1875eb9-5df6-a87b-3148-053a89ba8805/mzaf_10568968868892658809.plus.aac.p.m4a","1999-10-11","430","","","","Acid Trance","Art of Trance foi curado para ampliar a diversidade reproduzível de Acid Trance.","low_coverage_subgenre_expansion_v21_20260820","","https://music.apple.com/us/album/stealth/486202244?i=486202259&uo=4","https://music.apple.com/us/album/stealth/486202244?i=486202259&uo=4","15269633","https://www.deezer.com/track/15269633","https://is1-ssl.mzstatic.com/image/thumb/Music/12/ba/eb/mzi.vnjjspqg.jpg/600x600bb.jpg","","verified_low_coverage_subgenre_depth","acid_trance;Acid Trance;curated_artist;playable_depth;low_coverage_subgenre_expansion_v21_20260820;itunes_verified;deezer_verified","catalog_depth","low_coverage_style_repair","published","high","Artista curado para Acid Trance; artista exato, gravação e prévia verificados em Apple Music e Deezer."
"acid_trance","Hardfloor","Holy Guacamole","Data Mining, Vol. Two","","https://cdnt-preview.dzcdn.net/api/1/1/a/a/c/0/aacd1e2b3cc5d9655c0e05fc51ce08ca.mp3?hdnea=exp=1787243668~acl=/api/1/1/a/a/c/0/aacd1e2b3cc5d9655c0e05fc51ce08ca.mp3*~data=user_id=0,application_id=42~hmac=569a4c3665a0d85bef8c86ac6bf2e57eeea2e54b82475121c225869accb0a526","","440","","","","Acid Trance","Hardfloor foi curado para ampliar a diversidade reproduzível de Acid Trance.","low_coverage_subgenre_expansion_v21_20260820","","https://www.deezer.com/track/1889647647","https://www.deezer.com/track/1889647647","1889647647","https://www.deezer.com/track/1889647647","https://cdn-images.dzcdn.net/images/cover/f92ea2146c5cfa58dc443dd3674cf543/500x500-000000-80-0-0.jpg","","verified_low_coverage_subgenre_depth","acid_trance;Acid Trance;curated_artist;playable_depth;low_coverage_subgenre_expansion_v21_20260820","catalog_depth","low_coverage_style_repair","published","high","Artista curado para Acid Trance; artista exato, gravação e prévia verificados no Deezer."
"acid_trance","Hardfloor","Lost In the Silverbox","TB Resucitation","","https://audio-ssl.itunes.apple.com/itunes-assets/AudioPreview115/v4/fe/c9/3e/fec93e89-63e1-c5a8-582b-8c8dcd52ebcb/mzaf_7120007782972297517.plus.aac.p.m4a","1993-05-01","495","","","","Acid Trance","Hardfloor foi curado para ampliar a diversidade reproduzível de Acid Trance.","low_coverage_subgenre_expansion_v21_20260820","","https://music.apple.com/us/album/lost-in-the-silverbox/158241259?i=158241260&uo=4","https://music.apple.com/us/album/lost-in-the-silverbox/158241259?i=158241260&uo=4","2480445","https://www.deezer.com/track/2480445","https://is1-ssl.mzstatic.com/image/thumb/Music114/v4/01/1f/5a/011f5a11-874c-2853-4fea-0700f1dd6da9/dj.yajlknog.jpg/600x600bb.jpg","","verified_low_coverage_subgenre_depth","acid_trance;Acid Trance;curated_artist;playable_depth;low_coverage_subgenre_expansion_v21_20260820;itunes_verified;deezer_verified","catalog_depth","low_coverage_style_repair","published","high","Artista curado para Acid Trance; artista exato, gravação e prévia verificados em Apple Music e Deezer."
"acid_trance","Hardfloor","Mesmerizing Liquids","Two Guys Three Boxes","","https://cdnt-preview.dzcdn.net/api/1/1/9/6/d/0/96dd72b85bae5b710d51e08238717c3e.mp3?hdnea=exp=1787243668~acl=/api/1/1/9/6/d/0/96dd72b85bae5b710d51e08238717c3e.mp3*~data=user_id=0,application_id=42~hmac=a4891f606351712a61c984464ad0eece4232e818bc69e1600c92425eb5f71a96","","435","","","","Acid Trance","Hardfloor foi curado para ampliar a diversidade reproduzível de Acid Trance.","low_coverage_subgenre_expansion_v21_20260820","","https://www.deezer.com/track/7448051","https://www.deezer.com/track/7448051","7448051","https://www.deezer.com/track/7448051","https://cdn-images.dzcdn.net/images/cover/297f7ea78d4f3903a10a90762e35d749/500x500-000000-80-0-0.jpg","","verified_low_coverage_subgenre_depth","acid_trance;Acid Trance;curated_artist;playable_depth;low_coverage_subgenre_expansion_v21_20260820","catalog_depth","low_coverage_style_repair","published","high","Artista curado para Acid Trance; artista exato, gravação e prévia verificados no Deezer."
"acid_trance","Hardfloor","The Art of Acid","The Art of Acid","","https://audio-ssl.itunes.apple.com/itunes-assets/AudioPreview115/v4/65/42/d3/6542d372-cb65-9186-ad91-a99112f07dc5/mzaf_2993239143779605488.plus.aac.p.m4a","2014-04-25","500","","","","Acid Trance","Hardfloor foi curado para ampliar a diversidade reproduzível de Acid Trance.","low_coverage_subgenre_expansion_v21_20260820","","https://music.apple.com/us/album/the-art-of-acid/844170150?i=844170277&uo=4","https://music.apple.com/us/album/the-art-of-acid/844170150?i=844170277&uo=4","77380051","https://www.deezer.com/track/77380051","https://is1-ssl.mzstatic.com/image/thumb/Music4/v4/70/43/6e/70436eb6-6872-df8f-20d2-7cdc7e021b5f/4260075410999_1448.jpg/600x600bb.jpg","","verified_low_coverage_subgenre_depth","acid_trance;Acid Trance;curated_artist;playable_depth;low_coverage_subgenre_expansion_v21_20260820;itunes_verified;deezer_verified","catalog_depth","low_coverage_style_repair","published","high","Artista curado para Acid Trance; artista exato, gravação e prévia verificados em Apple Music e Deezer."
"acid_trance","Kai Tracid","Drift Deep Into Your Own Thoughts","Contemplate The Reason You Exist","","https://audio-ssl.itunes.apple.com/itunes-assets/AudioPreview125/v4/07/6c/32/076c3292-1903-654f-ddfc-c71aa1e6c152/mzaf_3957235524810260366.plus.aac.p.m4a","2005-02-28","476","","","","Acid Trance","Kai Tracid foi curado para ampliar a diversidade reproduzível de Acid Trance.","low_coverage_subgenre_expansion_v21_20260820","","https://music.apple.com/us/album/drift-deep-into-your-own-thoughts/438686775?i=438686851&uo=4","https://music.apple.com/us/album/drift-deep-into-your-own-thoughts/438686775?i=438686851&uo=4","12254760","https://www.deezer.com/track/12254760","https://is1-ssl.mzstatic.com/image/thumb/Music/b5/7c/39/mzi.ulkbuvtg.jpg/600x600bb.jpg","","verified_low_coverage_subgenre_depth","acid_trance;Acid Trance;curated_artist;playable_depth;low_coverage_subgenre_expansion_v21_20260820;itunes_verified;deezer_verified","catalog_depth","low_coverage_style_repair","published","high","Artista curado para Acid Trance; artista exato, gravação e prévia verificados em Apple Music e Deezer."
"acid_trance","Kai Tracid","Life Is Too Short","Trance & Acid","","https://audio-ssl.itunes.apple.com/itunes-assets/AudioPreview115/v4/3b/eb/1e/3beb1e76-89c5-49be-b8e1-d55fce21689f/mzaf_6332490713790721930.plus.aac.p.m4a","2001-01-28","221","","","","Acid Trance","Kai Tracid foi curado para ampliar a diversidade reproduzível de Acid Trance.","low_coverage_subgenre_expansion_v21_20260820","","https://music.apple.com/us/album/life-is-too-short/438738762?i=438738836&uo=4","https://music.apple.com/us/album/life-is-too-short/438738762?i=438738836&uo=4","12254668","https://www.deezer.com/track/12254668","https://is1-ssl.mzstatic.com/image/thumb/Music124/v4/c9/f9/df/c9f9df6c-8248-2d10-d4a2-270743cb704e/mzi.cozesvdo.jpg/600x600bb.jpg","","verified_low_coverage_subgenre_depth","acid_trance;Acid Trance;curated_artist;playable_depth;low_coverage_subgenre_expansion_v21_20260820;itunes_verified;deezer_verified","catalog_depth","low_coverage_style_repair","published","high","Artista curado para Acid Trance; artista exato, gravação e prévia verificados em Apple Music e Deezer."
"acid_trance","Kai Tracid","Liquid Skies","Skywalker 1999","","https://audio-ssl.itunes.apple.com/itunes-assets/AudioPreview115/v4/fc/e2/01/fce2013a-b6f1-71e9-2833-684a0e501523/mzaf_4328553931900611335.plus.aac.p.m4a","1998-11-02","235","","","","Acid Trance","Kai Tracid foi curado para ampliar a diversidade reproduzível de Acid Trance.","low_coverage_subgenre_expansion_v21_20260820","","https://music.apple.com/us/album/liquid-skies/438700698?i=438700730&uo=4","https://music.apple.com/us/album/liquid-skies/438700698?i=438700730&uo=4","12254681","https://www.deezer.com/track/12254681","https://is1-ssl.mzstatic.com/image/thumb/Music/74/80/ca/mzi.ojkvrlie.jpg/600x600bb.jpg","","verified_low_coverage_subgenre_depth","acid_trance;Acid Trance;curated_artist;playable_depth;low_coverage_subgenre_expansion_v21_20260820;itunes_verified;deezer_verified","catalog_depth","low_coverage_style_repair","published","high","Artista curado para Acid Trance; artista exato, gravação e prévia verificados em Apple Music e Deezer."
"acid_trance","Kai Tracid","Too Many Times","Trance & Acid","","https://audio-ssl.itunes.apple.com/itunes-assets/AudioPreview125/v4/ae/f2/27/aef2270f-4a0e-9d9a-b122-4f3e842789c4/mzaf_15518083745345345899.plus.aac.p.m4a","2001-01-28","231","","","","Acid Trance","Kai Tracid foi curado para ampliar a diversidade reproduzível de Acid Trance.","low_coverage_subgenre_expansion_v21_20260820","","https://music.apple.com/us/album/too-many-times/438738762?i=438738791&uo=4","https://music.apple.com/us/album/too-many-times/438738762?i=438738791&uo=4","12254734","https://www.deezer.com/track/12254734","https://is1-ssl.mzstatic.com/image/thumb/Music124/v4/c9/f9/df/c9f9df6c-8248-2d10-d4a2-270743cb704e/mzi.cozesvdo.jpg/600x600bb.jpg","","verified_low_coverage_subgenre_depth","acid_trance;Acid Trance;curated_artist;playable_depth;low_coverage_subgenre_expansion_v21_20260820;itunes_verified;deezer_verified","catalog_depth","low_coverage_style_repair","published","high","Artista curado para Acid Trance; artista exato, gravação e prévia verificados em Apple Music e Deezer."
"ambient_dub","Banco de Gaia","China","Last Train to Lhasa (Special Edition)","","https://cdnt-preview.dzcdn.net/api/1/1/9/9/a/0/99a783b067b1fc15e46ffdbdc7730bfc.mp3?hdnea=exp=1787243669~acl=/api/1/1/9/9/a/0/99a783b067b1fc15e46ffdbdc7730bfc.mp3*~data=user_id=0,application_id=42~hmac=e94bf84499bdd756b6d61223b6b5abbdcdff61c3e3de9cc81667496555275fdb","","450","","","","Ambient Dub","Banco de Gaia foi curado para ampliar a diversidade reproduzível de Ambient Dub.","low_coverage_subgenre_expansion_v21_20260820","","https://www.deezer.com/track/1150428122","https://www.deezer.com/track/1150428122","1150428122","https://www.deezer.com/track/1150428122","https://cdn-images.dzcdn.net/images/cover/f55ccacbfd122ba9a484484eeba1a0ed/500x500-000000-80-0-0.jpg","","verified_low_coverage_subgenre_depth","ambient_dub;Ambient Dub;curated_artist;playable_depth;low_coverage_subgenre_expansion_v21_20260820","catalog_depth","low_coverage_style_repair","published","high","Artista curado para Ambient Dub; artista exato, gravação e prévia verificados no Deezer."
"ambient_dub","Banco de Gaia","Heliopolis","Maya (Special Edition)","","https://audio-ssl.itunes.apple.com/itunes-assets/AudioPreview125/v4/3d/ba/d5/3dbad5ad-c01f-7ae5-c1d6-aa73db7aa248/mzaf_8398155717888417098.plus.aac.p.m4a","1994-02-28","445","","","","Ambient Dub","Banco de Gaia foi curado para ampliar a diversidade reproduzível de Ambient Dub.","low_coverage_subgenre_expansion_v21_20260820","","https://music.apple.com/us/album/heliopolis/1541205276?i=1541205277&uo=4","https://music.apple.com/us/album/heliopolis/1541205276?i=1541205277&uo=4","1150427512","https://www.deezer.com/track/1150427512","https://is1-ssl.mzstatic.com/image/thumb/Music124/v4/c8/84/33/c884332b-82e3-19b0-072d-ff85e419b03f/5038719001556.png/600x600bb.jpg","","verified_low_coverage_subgenre_depth","ambient_dub;Ambient Dub;curated_artist;playable_depth;low_coverage_subgenre_expansion_v21_20260820;itunes_verified;deezer_verified","catalog_depth","low_coverage_style_repair","published","high","Artista curado para Ambient Dub; artista exato, gravação e prévia verificados em Apple Music e Deezer."
"ambient_dub","Banco de Gaia","Kincajou","Last Train to Lhasa (Special Edition)","","https://audio-ssl.itunes.apple.com/itunes-assets/AudioPreview125/v4/e4/2d/c0/e42dc0b4-84a4-38ac-6aba-aecbb2016b2f/mzaf_14848079420064635949.plus.aac.p.m4a","1995-05-01","409","","","","Ambient Dub","Banco de Gaia foi curado para ampliar a diversidade reproduzível de Ambient Dub.","low_coverage_subgenre_expansion_v21_20260820","","https://music.apple.com/us/album/kincajou/1541253561?i=1541253566&uo=4","https://music.apple.com/us/album/kincajou/1541253561?i=1541253566&uo=4","1150428142","https://www.deezer.com/track/1150428142","https://is1-ssl.mzstatic.com/image/thumb/Music124/v4/6f/49/a7/6f49a723-845d-b6d7-cd58-ed4c8ec61de8/5038719001655.png/600x600bb.jpg","","verified_low_coverage_subgenre_depth","ambient_dub;Ambient Dub;curated_artist;playable_depth;low_coverage_subgenre_expansion_v21_20260820;itunes_verified;deezer_verified","catalog_depth","low_coverage_style_repair","published","high","Artista curado para Ambient Dub; artista exato, gravação e prévia verificados em Apple Music e Deezer."
"ambient_dub","Banco de Gaia","Obsidian","Rewritten Histories, Vol. 2: 1996 - 2001","","https://cdnt-preview.dzcdn.net/api/1/1/4/1/3/0/413de9bd2004c30387c9753b727d2f26.mp3?hdnea=exp=1787243669~acl=/api/1/1/4/1/3/0/413de9bd2004c30387c9753b727d2f26.mp3*~data=user_id=0,application_id=42~hmac=37ce2da81fed22fa37b6d29a24cc340058348481b30bebbc874d2f822d1562b1","","467","","","","Ambient Dub","Banco de Gaia foi curado para ampliar a diversidade reproduzível de Ambient Dub.","low_coverage_subgenre_expansion_v21_20260820","","https://www.deezer.com/track/1150429722","https://www.deezer.com/track/1150429722","1150426042","https://www.deezer.com/track/1150426042","https://cdn-images.dzcdn.net/images/cover/86719bd6a8451e55dd05876d4b88cb47/500x500-000000-80-0-0.jpg","","verified_low_coverage_subgenre_depth","ambient_dub;Ambient Dub;curated_artist;playable_depth;low_coverage_subgenre_expansion_v21_20260820;deezer_verified","catalog_depth","low_coverage_style_repair","published","high","Artista curado para Ambient Dub; artista exato, gravação e prévia verificados em Deezer."
"ambient_dub","Dub Trees","A Way Of Being Free 'Are You Sitting Comfortably Very Smooth, Very Peaceful Mix' (2024 Remaster)","Nature Never Did Betray The Heart That Loved Her (2024 Remastered Edition)","","https://audio-ssl.itunes.apple.com/itunes-assets/AudioPreview221/v4/00/60/2c/00602c09-79f7-f8c1-1a70-f4c39b061244/mzaf_5798826898457722525.plus.aac.p.m4a","2000-01-01","333","","","","Ambient Dub","Dub Trees foi curado para ampliar a diversidade reproduzível de Ambient Dub.","low_coverage_subgenre_expansion_v21_20260820","","https://music.apple.com/us/album/a-way-of-being-free-are-you-sitting-comfortably/1861854748?i=1861855056&uo=4","https://music.apple.com/us/album/a-way-of-being-free-are-you-sitting-comfortably/1861854748?i=1861855056&uo=4","","","https://is1-ssl.mzstatic.com/image/thumb/Music211/v4/c4/d5/2e/c4d52ee6-4cde-0266-dd4f-1c449cfa1a01/5053760141921_cover.jpg/600x600bb.jpg","","verified_low_coverage_subgenre_depth","ambient_dub;Ambient Dub;curated_artist;playable_depth;low_coverage_subgenre_expansion_v21_20260820","catalog_depth","low_coverage_style_repair","published","high","Artista curado para Ambient Dub; artista exato, gravação e prévia verificados no Apple Music."
"ambient_dub","Dub Trees","Almond Dub","Ketama Vision (Mixed By Youth)","","https://audio-ssl.itunes.apple.com/itunes-assets/AudioPreview118/v4/7f/33/39/7f333916-3c00-16ac-76f4-a22abcaa702a/mzaf_7625009817125349439.plus.aac.p.m4a","2011-12-16","246","","","","Ambient Dub","Dub Trees foi curado para ampliar a diversidade reproduzível de Ambient Dub.","low_coverage_subgenre_expansion_v21_20260820","","https://music.apple.com/us/album/almond-dub/1272261370?i=1272262707&uo=4","https://music.apple.com/us/album/almond-dub/1272261370?i=1272262707&uo=4","","","https://is1-ssl.mzstatic.com/image/thumb/Music118/v4/08/74/f6/0874f621-f7ef-13d7-3c8a-e618685f4c2b/cover.jpg/600x600bb.jpg","","verified_low_coverage_subgenre_depth","ambient_dub;Ambient Dub;curated_artist;playable_depth;low_coverage_subgenre_expansion_v21_20260820","catalog_depth","low_coverage_style_repair","published","high","Artista curado para Ambient Dub; artista exato, gravação e prévia verificados no Apple Music."
"ambient_dub","Dub Trees","Buffalo 'Utterly Incredible Too Long Ago Sometimes Mix' (2024 Remaster)","Nature Never Did Betray The Heart That Loved Her (2024 Remastered Edition)","","https://audio-ssl.itunes.apple.com/itunes-assets/AudioPreview221/v4/f9/ed/60/f9ed6048-4c65-f1ea-68c3-ad371c040304/mzaf_5957113642855174322.plus.aac.p.m4a","2000-01-01","636","","","","Ambient Dub","Dub Trees foi curado para ampliar a diversidade reproduzível de Ambient Dub.","low_coverage_subgenre_expansion_v21_20260820","","https://music.apple.com/us/album/buffalo-utterly-incredible-too-long-ago-sometimes-mix/1861854748?i=1861854766&uo=4","https://music.apple.com/us/album/buffalo-utterly-incredible-too-long-ago-sometimes-mix/1861854748?i=1861854766&uo=4","","","https://is1-ssl.mzstatic.com/image/thumb/Music211/v4/c4/d5/2e/c4d52ee6-4cde-0266-dd4f-1c449cfa1a01/5053760141921_cover.jpg/600x600bb.jpg","","verified_low_coverage_subgenre_depth","ambient_dub;Ambient Dub;curated_artist;playable_depth;low_coverage_subgenre_expansion_v21_20260820","catalog_depth","low_coverage_style_repair","published","high","Artista curado para Ambient Dub; artista exato, gravação e prévia verificados no Apple Music."
"ambient_dub","Dub Trees","Cobalt Waterfall 'Opalescent Dawn Mix' (2024 Remaster)","Nature Never Did Betray The Heart That Loved Her (2024 Remastered Edition)","","https://audio-ssl.itunes.apple.com/itunes-assets/AudioPreview211/v4/d9/1a/9d/d91a9dc3-bb45-b428-ff6e-40dd992a7c52/mzaf_1443189043924834496.plus.aac.p.m4a","2000-01-01","150","","","","Ambient Dub","Dub Trees foi curado para ampliar a diversidade reproduzível de Ambient Dub.","low_coverage_subgenre_expansion_v21_20260820","","https://music.apple.com/us/album/cobalt-waterfall-opalescent-dawn-mix-2024-remaster/1861854748?i=1861854775&uo=4","https://music.apple.com/us/album/cobalt-waterfall-opalescent-dawn-mix-2024-remaster/1861854748?i=1861854775&uo=4","","","https://is1-ssl.mzstatic.com/image/thumb/Music211/v4/c4/d5/2e/c4d52ee6-4cde-0266-dd4f-1c449cfa1a01/5053760141921_cover.jpg/600x600bb.jpg","","verified_low_coverage_subgenre_depth","ambient_dub;Ambient Dub;curated_artist;playable_depth;low_coverage_subgenre_expansion_v21_20260820","catalog_depth","low_coverage_style_repair","published","high","Artista curado para Ambient Dub; artista exato, gravação e prévia verificados no Apple Music."
"ambient_dub","Woob","Odonna","Woob 1194","","https://audio-ssl.itunes.apple.com/itunes-assets/AudioPreview115/v4/a3/45/ea/a345ea06-274c-ddf3-435f-6428f1c44388/mzaf_12035761906346013124.plus.aac.p.m4a","1994-07-01","803","","","","Ambient Dub","Woob foi curado para ampliar a diversidade reproduzível de Ambient Dub.","low_coverage_subgenre_expansion_v21_20260820","","https://music.apple.com/us/album/odonna/340957820?i=340957927&uo=4","https://music.apple.com/us/album/odonna/340957820?i=340957927&uo=4","","","https://is1-ssl.mzstatic.com/image/thumb/Music115/v4/92/99/3a/92993aab-e9d1-c974-8928-104ea34ea1b5/859702444847_cover.jpg/600x600bb.jpg","","verified_low_coverage_subgenre_depth","ambient_dub;Ambient Dub;curated_artist;playable_depth;low_coverage_subgenre_expansion_v21_20260820","catalog_depth","low_coverage_style_repair","published","high","Artista curado para Ambient Dub; artista exato, gravação e prévia verificados no Apple Music."
"ambient_dub","Woob","Omricon","Magnatron 2.0","","https://audio-ssl.itunes.apple.com/itunes-assets/AudioPreview125/v4/f9/8c/53/f98c5377-5939-b64c-98ac-51f80493fda9/mzaf_15043960490982981546.plus.aac.p.m4a","2017-07-07","549","","","","Ambient Dub","Woob foi curado para ampliar a diversidade reproduzível de Ambient Dub.","low_coverage_subgenre_expansion_v21_20260820","","https://music.apple.com/us/album/omricon/1240946134?i=1240946712&uo=4","https://music.apple.com/us/album/omricon/1240946134?i=1240946712&uo=4","","","https://is1-ssl.mzstatic.com/image/thumb/Music115/v4/cb/cc/70/cbcc70e7-99e4-cf76-0662-33b4c545cabb/859717714010_cover.jpg/600x600bb.jpg","","verified_low_coverage_subgenre_depth","ambient_dub;Ambient Dub;curated_artist;playable_depth;low_coverage_subgenre_expansion_v21_20260820","catalog_depth","low_coverage_style_repair","published","high","Artista curado para Ambient Dub; artista exato, gravação e prévia verificados no Apple Music."
"ambient_dub","Woob","We Surround You","Terrorbytes (Original Documentary Soundtrack)","","https://cdnt-preview.dzcdn.net/api/1/1/8/1/b/0/81b133a39a497509a4b71d7b46848b93.mp3?hdnea=exp=1787243671~acl=/api/1/1/8/1/b/0/81b133a39a497509a4b71d7b46848b93.mp3*~data=user_id=0,application_id=42~hmac=edec01077bb0f05cf3b6ac47a77e4802b745a6094befdd43590beb8d81916c75","","364","","","","Ambient Dub","Woob foi curado para ampliar a diversidade reproduzível de Ambient Dub.","low_coverage_subgenre_expansion_v21_20260820","","https://www.deezer.com/track/3396778531","https://www.deezer.com/track/3396778531","3396778531","https://www.deezer.com/track/3396778531","https://cdn-images.dzcdn.net/images/cover/5008619924702e61e55b6c489d1ec206/500x500-000000-80-0-0.jpg","","verified_low_coverage_subgenre_depth","ambient_dub;Ambient Dub;curated_artist;playable_depth;low_coverage_subgenre_expansion_v21_20260820","catalog_depth","low_coverage_style_repair","published","high","Artista curado para Ambient Dub; artista exato, gravação e prévia verificados no Deezer."
"ambient_dub","Woob","Wuub","Woob 1194","","https://audio-ssl.itunes.apple.com/itunes-assets/AudioPreview115/v4/7f/1c/30/7f1c30ac-c279-9dce-4851-9fb8bc406ec2/mzaf_7055178922180550664.plus.aac.p.m4a","1994-07-01","579","","","","Ambient Dub","Woob foi curado para ampliar a diversidade reproduzível de Ambient Dub.","low_coverage_subgenre_expansion_v21_20260820","","https://music.apple.com/us/album/wuub/340957820?i=340957938&uo=4","https://music.apple.com/us/album/wuub/340957820?i=340957938&uo=4","","","https://is1-ssl.mzstatic.com/image/thumb/Music115/v4/92/99/3a/92993aab-e9d1-c974-8928-104ea34ea1b5/859702444847_cover.jpg/600x600bb.jpg","","verified_low_coverage_subgenre_depth","ambient_dub;Ambient Dub;curated_artist;playable_depth;low_coverage_subgenre_expansion_v21_20260820","catalog_depth","low_coverage_style_repair","published","high","Artista curado para Ambient Dub; artista exato, gravação e prévia verificados no Apple Music."
"ambient_house","808 State","Lift","ex:el","","https://audio-ssl.itunes.apple.com/itunes-assets/AudioPreview115/v4/1b/b0/ed/1bb0ed39-6d2a-638b-4759-ca23b6f4c001/mzaf_10038475800376886838.plus.aac.p.m4a","1991-03-04","312","","","","Ambient House","808 State foi curado para ampliar a diversidade reproduzível de Ambient House.","low_coverage_subgenre_expansion_v21_20260820","","https://music.apple.com/us/album/lift/1535210729?i=1535210980&uo=4","https://music.apple.com/us/album/lift/1535210729?i=1535210980&uo=4","1133429762","https://www.deezer.com/track/1133429762","https://is1-ssl.mzstatic.com/image/thumb/Music124/v4/a7/e0/3a/a7e03a05-9794-92ef-56a3-7da1a9e9230b/20UMGIM87799.rgb.jpg/600x600bb.jpg","","verified_low_coverage_subgenre_depth","ambient_house;Ambient House;curated_artist;playable_depth;low_coverage_subgenre_expansion_v21_20260820;itunes_verified;deezer_verified","catalog_depth","low_coverage_style_repair","published","high","Artista curado para Ambient House; artista exato, gravação e prévia verificados em Apple Music e Deezer."
"ambient_house","808 State","One In Ten","ESP: The 808 State Effect","","https://cdnt-preview.dzcdn.net/api/1/1/1/f/9/0/1f93c25e1e12ee04ed23466fa3981405.mp3?hdnea=exp=1787243674~acl=/api/1/1/1/f/9/0/1f93c25e1e12ee04ed23466fa3981405.mp3*~data=user_id=0,application_id=42~hmac=8374ef325043b032dc2bfe03a985f01578586a953c037d91be3ec44be19c23d5","","161","","","","Ambient House","808 State foi curado para ampliar a diversidade reproduzível de Ambient House.","low_coverage_subgenre_expansion_v21_20260820","","https://www.deezer.com/track/1476820962","https://www.deezer.com/track/1476820962","482153542","https://www.deezer.com/track/482153542","https://cdn-images.dzcdn.net/images/cover/3e11684e7cab0c209980d756f336dd72/500x500-000000-80-0-0.jpg","","verified_low_coverage_subgenre_depth","ambient_house;Ambient House;curated_artist;playable_depth;low_coverage_subgenre_expansion_v21_20260820;deezer_verified","catalog_depth","low_coverage_style_repair","published","high","Artista curado para Ambient House; artista exato, gravação e prévia verificados em Deezer."
"ambient_house","808 State","Ooops","ex:el","","https://cdnt-preview.dzcdn.net/api/1/1/8/9/7/0/897773e90064a63ec0da4f2ba8f7402b.mp3?hdnea=exp=1787243674~acl=/api/1/1/8/9/7/0/897773e90064a63ec0da4f2ba8f7402b.mp3*~data=user_id=0,application_id=42~hmac=a4e28537ccede310797be296c3c209590ac2f5ed4a1190f9f195cd51490cae85","","283","","","","Ambient House","808 State foi curado para ampliar a diversidade reproduzível de Ambient House.","low_coverage_subgenre_expansion_v21_20260820","","https://www.deezer.com/track/1110642182","https://www.deezer.com/track/1110642182","1110642182","https://www.deezer.com/track/1110642182","https://cdn-images.dzcdn.net/images/cover/6607be89fec14f31c866ccb667d9831e/500x500-000000-80-0-0.jpg","","verified_low_coverage_subgenre_depth","ambient_house;Ambient House;curated_artist;playable_depth;low_coverage_subgenre_expansion_v21_20260820","catalog_depth","low_coverage_style_repair","published","high","Artista curado para Ambient House; artista exato, gravação e prévia verificados no Deezer."
"ambient_house","808 State","Pacific","Pacific (The Tommy Boy Mixes)","","https://cdnt-preview.dzcdn.net/api/1/1/a/f/0/0/af0051572ae844a0e2e12088366c0c22.mp3?hdnea=exp=1787243674~acl=/api/1/1/a/f/0/0/af0051572ae844a0e2e12088366c0c22.mp3*~data=user_id=0,application_id=42~hmac=cd9e21ae91933a02aa10b340fa3f3d5b88a71eeaa5bfb8eda89720fb9486a4c6","","333","","","","Ambient House","808 State foi curado para ampliar a diversidade reproduzível de Ambient House.","low_coverage_subgenre_expansion_v21_20260820","","https://www.deezer.com/track/1463341262","https://www.deezer.com/track/1463341262","1450349482","https://www.deezer.com/track/1450349482","https://cdn-images.dzcdn.net/images/cover/ed70169cdd033d9403006b4b8ff6314f/500x500-000000-80-0-0.jpg","","verified_low_coverage_subgenre_depth","ambient_house;Ambient House;curated_artist;playable_depth;low_coverage_subgenre_expansion_v21_20260820;deezer_verified","catalog_depth","low_coverage_style_repair","published","high","Artista curado para Ambient House; artista exato, gravação e prévia verificados em Deezer."
"ambient_house","Global Communication","4:14","76:14","","https://audio-ssl.itunes.apple.com/itunes-assets/AudioPreview126/v4/84/59/16/84591649-4c1b-1926-4b4b-084b6bc5391d/mzaf_1739719883704854103.plus.aac.p.m4a","1990-01-01","254","","","","Ambient House","Global Communication foi curado para ampliar a diversidade reproduzível de Ambient House.","low_coverage_subgenre_expansion_v21_20260820","","https://music.apple.com/us/album/4-14/1687117665?i=1687118346&uo=4","https://music.apple.com/us/album/4-14/1687117665?i=1687118346&uo=4","","","https://is1-ssl.mzstatic.com/image/thumb/Music116/v4/52/a1/cd/52a1cdb5-d9a2-6b25-16e1-cdcd837bb959/196871096614.jpg/600x600bb.jpg","","verified_low_coverage_subgenre_depth","ambient_house;Ambient House;curated_artist;playable_depth;low_coverage_subgenre_expansion_v21_20260820","catalog_depth","low_coverage_style_repair","published","high","Artista curado para Ambient House; artista exato, gravação e prévia verificados no Apple Music."
"ambient_house","Global Communication","5 23","76:14","","https://audio-ssl.itunes.apple.com/itunes-assets/AudioPreview126/v4/06/f0/23/06f02373-dfcd-a2dd-be7f-73d921bdf0fd/mzaf_11369991332522991505.plus.aac.p.m4a","1990-01-01","323","","","","Ambient House","Global Communication foi curado para ampliar a diversidade reproduzível de Ambient House.","low_coverage_subgenre_expansion_v21_20260820","","https://music.apple.com/us/album/5-23/1687117665?i=1687118341&uo=4","https://music.apple.com/us/album/5-23/1687117665?i=1687118341&uo=4","","","https://is1-ssl.mzstatic.com/image/thumb/Music116/v4/52/a1/cd/52a1cdb5-d9a2-6b25-16e1-cdcd837bb959/196871096614.jpg/600x600bb.jpg","","verified_low_coverage_subgenre_depth","ambient_house;Ambient House;curated_artist;playable_depth;low_coverage_subgenre_expansion_v21_20260820","catalog_depth","low_coverage_style_repair","published","high","Artista curado para Ambient House; artista exato, gravação e prévia verificados no Apple Music."
"ambient_house","Global Communication","9:39","76:14","","https://audio-ssl.itunes.apple.com/itunes-assets/AudioPreview116/v4/7e/80/f0/7e80f0c0-5d9d-85ba-ba67-f5d902455f51/mzaf_3247305580451782100.plus.aac.p.m4a","1994-05-10","579","","","","Ambient House","Global Communication foi curado para ampliar a diversidade reproduzível de Ambient House.","low_coverage_subgenre_expansion_v21_20260820","","https://music.apple.com/us/album/9-39/1687117665?i=1687118184&uo=4","https://music.apple.com/us/album/9-39/1687117665?i=1687118184&uo=4","","","https://is1-ssl.mzstatic.com/image/thumb/Music116/v4/52/a1/cd/52a1cdb5-d9a2-6b25-16e1-cdcd837bb959/196871096614.jpg/600x600bb.jpg","","verified_low_coverage_subgenre_depth","ambient_house;Ambient House;curated_artist;playable_depth;low_coverage_subgenre_expansion_v21_20260820","catalog_depth","low_coverage_style_repair","published","high","Artista curado para Ambient House; artista exato, gravação e prévia verificados no Apple Music."
"ambient_house","Global Communication","The Way","The Way / The Deep","","https://cdnt-preview.dzcdn.net/api/1/1/e/a/1/0/ea15e65b58a68616197698a0818ade66.mp3?hdnea=exp=1787243673~acl=/api/1/1/e/a/1/0/ea15e65b58a68616197698a0818ade66.mp3*~data=user_id=0,application_id=42~hmac=93d69ff16d99f1b73e3bcce1fa4238593ec8a5d08b712d1ed7abe168e970f360","","707","","","","Ambient House","Global Communication foi curado para ampliar a diversidade reproduzível de Ambient House.","low_coverage_subgenre_expansion_v21_20260820","","https://www.deezer.com/track/2276303947","https://www.deezer.com/track/2276303947","2276303947","https://www.deezer.com/track/2276303947","https://cdn-images.dzcdn.net/images/cover/a5397c78df63e0bcc226ea1f258d4052/500x500-000000-80-0-0.jpg","","verified_low_coverage_subgenre_depth","ambient_house;Ambient House;curated_artist;playable_depth;low_coverage_subgenre_expansion_v21_20260820","catalog_depth","low_coverage_style_repair","published","high","Artista curado para Ambient House; artista exato, gravação e prévia verificados no Deezer."
"ambient_house","The Future Sound of London","Cascade","Lifeforms","","https://audio-ssl.itunes.apple.com/itunes-assets/AudioPreview125/v4/1c/d9/4f/1cd94f03-c57d-84c8-aff9-d209285749c3/mzaf_7226048178049426624.plus.aac.p.m4a","1994-05-20","360","","","","Ambient House","The Future Sound of London foi curado para ampliar a diversidade reproduzível de Ambient House.","low_coverage_subgenre_expansion_v21_20260820","","https://music.apple.com/us/album/cascade/724588964?i=724589452&uo=4","https://music.apple.com/us/album/cascade/724588964?i=724589452&uo=4","3132775","https://www.deezer.com/track/3132775","https://is1-ssl.mzstatic.com/image/thumb/Music124/v4/3a/94/5a/3a945a86-44a1-474f-c730-62b631952b36/00724383943357.jpg/600x600bb.jpg","","verified_low_coverage_subgenre_depth","ambient_house;Ambient House;curated_artist;playable_depth;low_coverage_subgenre_expansion_v21_20260820;itunes_verified;deezer_verified","catalog_depth","low_coverage_style_repair","published","high","Artista curado para Ambient House; artista exato, gravação e prévia verificados em Apple Music e Deezer."
"ambient_house","The Future Sound of London","Elysian Feels","The Isness","","https://cdnt-preview.dzcdn.net/api/1/1/d/4/9/0/d49b8d90a7d55e7689bb099f742d7563.mp3?hdnea=exp=1787243672~acl=/api/1/1/d/4/9/0/d49b8d90a7d55e7689bb099f742d7563.mp3*~data=user_id=0,application_id=42~hmac=b52808c30c6849eee49cdeb4a184ce8439832fa78be44fcfe41d7560ba0175b3","","363","","","","Ambient House","The Future Sound of London foi curado para ampliar a diversidade reproduzível de Ambient House.","low_coverage_subgenre_expansion_v21_20260820","","https://www.deezer.com/track/1703058","https://www.deezer.com/track/1703058","1703058","https://www.deezer.com/track/1703058","https://cdn-images.dzcdn.net/images/cover/5fee13c8732b099a4500b5003b6aabc4/500x500-000000-80-0-0.jpg","","verified_low_coverage_subgenre_depth","ambient_house;Ambient House;curated_artist;playable_depth;low_coverage_subgenre_expansion_v21_20260820","catalog_depth","low_coverage_style_repair","published","high","Artista curado para Ambient House; artista exato, gravação e prévia verificados no Deezer."
"ambient_house","The Future Sound of London","Lifeforms","Lifeforms","","https://audio-ssl.itunes.apple.com/itunes-assets/AudioPreview125/v4/df/e5/4e/dfe54e50-3cab-0c37-6214-868c04c9288e/mzaf_13785155820604435270.plus.aac.p.m4a","1994-05-20","318","","","","Ambient House","The Future Sound of London foi curado para ampliar a diversidade reproduzível de Ambient House.","low_coverage_subgenre_expansion_v21_20260820","","https://music.apple.com/us/album/lifeforms/724588964?i=724589631&uo=4","https://music.apple.com/us/album/lifeforms/724588964?i=724589631&uo=4","3132780","https://www.deezer.com/track/3132780","https://is1-ssl.mzstatic.com/image/thumb/Music124/v4/3a/94/5a/3a945a86-44a1-474f-c730-62b631952b36/00724383943357.jpg/600x600bb.jpg","","verified_low_coverage_subgenre_depth","ambient_house;Ambient House;curated_artist;playable_depth;low_coverage_subgenre_expansion_v21_20260820;itunes_verified;deezer_verified","catalog_depth","low_coverage_style_repair","published","high","Artista curado para Ambient House; artista exato, gravação e prévia verificados em Apple Music e Deezer."
"ambient_house","The Future Sound of London","We Have Explosive","Dead Cities","","https://audio-ssl.itunes.apple.com/itunes-assets/AudioPreview115/v4/91/7f/f3/917ff329-5b6b-724d-c9c4-256625767f8f/mzaf_11697154957316018142.plus.aac.p.m4a","1996-01-01","379","","","","Ambient House","The Future Sound of London foi curado para ampliar a diversidade reproduzível de Ambient House.","low_coverage_subgenre_expansion_v21_20260820","","https://music.apple.com/us/album/we-have-explosive/714769679?i=714769753&uo=4","https://music.apple.com/us/album/we-have-explosive/714769679?i=714769753&uo=4","3467125","https://www.deezer.com/track/3467125","https://is1-ssl.mzstatic.com/image/thumb/Music125/v4/bc/35/b0/bc35b093-bad7-d9e5-ae52-58f3644dc72d/00724384206857.jpg/600x600bb.jpg","","verified_low_coverage_subgenre_depth","ambient_house;Ambient House;curated_artist;playable_depth;low_coverage_subgenre_expansion_v21_20260820;itunes_verified;deezer_verified","catalog_depth","low_coverage_style_repair","published","high","Artista curado para Ambient House; artista exato, gravação e prévia verificados em Apple Music e Deezer."
"atmospheric_jungle","Omni Trio","Feel Better","Volume - The Best Of Omni Trio","","https://cdnt-preview.dzcdn.net/api/1/1/e/8/8/0/e8844804b7aca03f98ebd30f35473050.mp3?hdnea=exp=1787243675~acl=/api/1/1/e/8/8/0/e8844804b7aca03f98ebd30f35473050.mp3*~data=user_id=0,application_id=42~hmac=f80a481b1e28fa64e655b07c34325a67f9a36c8f96d7fb3c4738debe7b0589d5","","356","","","","Atmospheric Jungle","Omni Trio foi curado para ampliar a diversidade reproduzível de Atmospheric Jungle.","low_coverage_subgenre_expansion_v21_20260820","","https://www.deezer.com/track/2291344205","https://www.deezer.com/track/2291344205","2291344205","https://www.deezer.com/track/2291344205","https://cdn-images.dzcdn.net/images/cover/a373255ae45fcdfeb08484624b06c412/500x500-000000-80-0-0.jpg","","verified_low_coverage_subgenre_depth","atmospheric_jungle;Atmospheric Jungle;curated_artist;playable_depth;low_coverage_subgenre_expansion_v21_20260820","catalog_depth","low_coverage_style_repair","published","high","Artista curado para Atmospheric Jungle; artista exato, gravação e prévia verificados no Deezer."
"atmospheric_jungle","Omni Trio","Nu Birth of Cool","Conversions: A K&D Selection","","https://audio-ssl.itunes.apple.com/itunes-assets/AudioPreview115/v4/74/67/9c/74679c75-7c66-f728-0913-d4583ae7a59f/mzaf_13295200714067722555.plus.aac.p.m4a","1996-02-01","346","","","","Atmospheric Jungle","Omni Trio foi curado para ampliar a diversidade reproduzível de Atmospheric Jungle.","low_coverage_subgenre_expansion_v21_20260820","","https://music.apple.com/us/album/nu-birth-of-cool/157026361?i=157026488&uo=4","https://music.apple.com/us/album/nu-birth-of-cool/157026361?i=157026488&uo=4","2507356981","https://www.deezer.com/track/2507356981","https://is1-ssl.mzstatic.com/image/thumb/Music/59/ee/cd/mzi.ttwamdhg.jpg/600x600bb.jpg","","verified_low_coverage_subgenre_depth","atmospheric_jungle;Atmospheric Jungle;curated_artist;playable_depth;low_coverage_subgenre_expansion_v21_20260820;itunes_verified;deezer_verified","catalog_depth","low_coverage_style_repair","published","high","Artista curado para Atmospheric Jungle; artista exato, gravação e prévia verificados em Apple Music e Deezer."
"atmospheric_jungle","Omni Trio","Thru the Vibe","Volume - The Best Of Omni Trio","","https://cdnt-preview.dzcdn.net/api/1/1/8/c/0/0/8c0f8e4a9493fe17804934d370bc7662.mp3?hdnea=exp=1787243675~acl=/api/1/1/8/c/0/0/8c0f8e4a9493fe17804934d370bc7662.mp3*~data=user_id=0,application_id=42~hmac=7b63f9e175de482d2b9f535c6b1fb3f3c8e0ec8159f40a4f881699650d7f29fe","","357","","","","Atmospheric Jungle","Omni Trio foi curado para ampliar a diversidade reproduzível de Atmospheric Jungle.","low_coverage_subgenre_expansion_v21_20260820","","https://www.deezer.com/track/2291344215","https://www.deezer.com/track/2291344215","2291344215","https://www.deezer.com/track/2291344215","https://cdn-images.dzcdn.net/images/cover/a373255ae45fcdfeb08484624b06c412/500x500-000000-80-0-0.jpg","","verified_low_coverage_subgenre_depth","atmospheric_jungle;Atmospheric Jungle;curated_artist;playable_depth;low_coverage_subgenre_expansion_v21_20260820","catalog_depth","low_coverage_style_repair","published","high","Artista curado para Atmospheric Jungle; artista exato, gravação e prévia verificados no Deezer."
"atmospheric_jungle","Omni Trio","Trippin' on Broken Beats","Skeleton Keys","","https://cdnt-preview.dzcdn.net/api/1/1/3/9/6/0/3966cd6d7eb04b85e4cd6686ca8dc3c6.mp3?hdnea=exp=1787243675~acl=/api/1/1/3/9/6/0/3966cd6d7eb04b85e4cd6686ca8dc3c6.mp3*~data=user_id=0,application_id=42~hmac=8355507aade67d541e497fafdf34e0a6f02d6dd76f92ed36ace1fa2c49ad2bcf","","374","","","","Atmospheric Jungle","Omni Trio foi curado para ampliar a diversidade reproduzível de Atmospheric Jungle.","low_coverage_subgenre_expansion_v21_20260820","","https://www.deezer.com/track/2286483187","https://www.deezer.com/track/2286483187","2286483187","https://www.deezer.com/track/2286483187","https://cdn-images.dzcdn.net/images/cover/e615bfc508c0bf9f9d299e820219bb27/500x500-000000-80-0-0.jpg","","verified_low_coverage_subgenre_depth","atmospheric_jungle;Atmospheric Jungle;curated_artist;playable_depth;low_coverage_subgenre_expansion_v21_20260820","catalog_depth","low_coverage_style_repair","published","high","Artista curado para Atmospheric Jungle; artista exato, gravação e prévia verificados no Deezer."
"atmospheric_jungle","Seba","Camouflage","Producer 06","","https://audio-ssl.itunes.apple.com/itunes-assets/AudioPreview115/v4/5b/e3/fe/5be3fed1-9370-12ff-af54-9f20c0fcc9b0/mzaf_11267935735232516388.plus.aac.p.m4a","2003-02-24","519","","","","Atmospheric Jungle","Seba foi curado para ampliar a diversidade reproduzível de Atmospheric Jungle.","low_coverage_subgenre_expansion_v21_20260820","","https://music.apple.com/us/album/camouflage/595765271?i=595765393&uo=4","https://music.apple.com/us/album/camouflage/595765271?i=595765393&uo=4","","","https://is1-ssl.mzstatic.com/image/thumb/Music125/v4/dc/45/d7/dc45d7ba-841a-3ec2-0361-f8f4eba3b45f/7640152970603_Cover.jpg/600x600bb.jpg","","verified_low_coverage_subgenre_depth","atmospheric_jungle;Atmospheric Jungle;curated_artist;playable_depth;low_coverage_subgenre_expansion_v21_20260820","catalog_depth","low_coverage_style_repair","published","high","Artista curado para Atmospheric Jungle; artista exato, gravação e prévia verificados no Apple Music."
"atmospheric_jungle","Seba","Lose Control","Escapism 2 (Liquicity Presents)","","https://audio-ssl.itunes.apple.com/itunes-assets/AudioPreview115/v4/fa/01/9f/fa019f7a-a0ef-8c49-688d-986bfbeef751/mzaf_14328596450787803034.plus.aac.p.m4a","2014-11-24","380","","","","Atmospheric Jungle","Seba foi curado para ampliar a diversidade reproduzível de Atmospheric Jungle.","low_coverage_subgenre_expansion_v21_20260820","","https://music.apple.com/us/album/lose-control/933218973?i=933219084&uo=4","https://music.apple.com/us/album/lose-control/933218973?i=933219084&uo=4","","","https://is1-ssl.mzstatic.com/image/thumb/Music116/v4/58/a4/02/58a402a5-0396-b44e-4914-8f1d0c6202e1/8790001167025.png/600x600bb.jpg","","verified_low_coverage_subgenre_depth","atmospheric_jungle;Atmospheric Jungle;curated_artist;playable_depth;low_coverage_subgenre_expansion_v21_20260820","catalog_depth","low_coverage_style_repair","published","high","Artista curado para Atmospheric Jungle; artista exato, gravação e prévia verificados no Apple Music."
"atmospheric_jungle","Seba","Snow","Sick Music","","https://audio-ssl.itunes.apple.com/itunes-assets/AudioPreview115/v4/ec/2b/a6/ec2ba65b-7189-54dc-711f-b2a07bfe1b53/mzaf_9585197068611730087.plus.aac.p.m4a","2009-06-29","310","","","","Atmospheric Jungle","Seba foi curado para ampliar a diversidade reproduzível de Atmospheric Jungle.","low_coverage_subgenre_expansion_v21_20260820","","https://music.apple.com/us/album/snow/317366251?i=317366362&uo=4","https://music.apple.com/us/album/snow/317366251?i=317366362&uo=4","","","https://is1-ssl.mzstatic.com/image/thumb/Music124/v4/88/fa/a1/88faa10d-82ea-643d-8b2c-65e520da488e/mzi.sbhcoxzw.jpg/600x600bb.jpg","","verified_low_coverage_subgenre_depth","atmospheric_jungle;Atmospheric Jungle;curated_artist;playable_depth;low_coverage_subgenre_expansion_v21_20260820","catalog_depth","low_coverage_style_repair","published","high","Artista curado para Atmospheric Jungle; artista exato, gravação e prévia verificados no Apple Music."
"atmospheric_jungle","Seba","Symphony No.7 2nd Movement","CLASSICOPHILIA","","https://audio-ssl.itunes.apple.com/itunes-assets/AudioPreview112/v4/7c/50/19/7c5019d3-456a-aa45-6334-46675187882f/mzaf_16299492769157314639.plus.aac.p.m4a","2020-10-29","409","","","","Atmospheric Jungle","Seba foi curado para ampliar a diversidade reproduzível de Atmospheric Jungle.","low_coverage_subgenre_expansion_v21_20260820","","https://music.apple.com/us/album/symphony-no-7-2nd-movement/1637963569?i=1637963588&uo=4","https://music.apple.com/us/album/symphony-no-7-2nd-movement/1637963569?i=1637963588&uo=4","","","https://is1-ssl.mzstatic.com/image/thumb/Music122/v4/aa/a4/65/aaa46565-4db9-22f1-4202-51e91c0754eb/8809887750150.jpg/600x600bb.jpg","","verified_low_coverage_subgenre_depth","atmospheric_jungle;Atmospheric Jungle;curated_artist;playable_depth;low_coverage_subgenre_expansion_v21_20260820","catalog_depth","low_coverage_style_repair","published","high","Artista curado para Atmospheric Jungle; artista exato, gravação e prévia verificados no Apple Music."
"atmospheric_jungle","Source Direct","Approach and Identify","Approach & Identify - Single","","https://audio-ssl.itunes.apple.com/itunes-assets/AudioPreview126/v4/6a/5b/2c/6a5b2c69-879d-3106-122b-27443e9bb9c4/mzaf_13695383384132951540.plus.aac.p.m4a","1995-03-01","390","","","","Atmospheric Jungle","Source Direct foi curado para ampliar a diversidade reproduzível de Atmospheric Jungle.","low_coverage_subgenre_expansion_v21_20260820","","https://music.apple.com/us/album/approach-and-identify/1678577404?i=1678577577&uo=4","https://music.apple.com/us/album/approach-and-identify/1678577404?i=1678577577&uo=4","2204294507","https://www.deezer.com/track/2204294507","https://is1-ssl.mzstatic.com/image/thumb/Music116/v4/05/97/76/05977670-7ad2-f7de-775a-61648dbf436e/5060589483927.jpg/600x600bb.jpg","","verified_low_coverage_subgenre_depth","atmospheric_jungle;Atmospheric Jungle;curated_artist;playable_depth;low_coverage_subgenre_expansion_v21_20260820;itunes_verified;deezer_verified","catalog_depth","low_coverage_style_repair","published","high","Artista curado para Atmospheric Jungle; artista exato, gravação e prévia verificados em Apple Music e Deezer."
"atmospheric_jungle","Source Direct","Call & Response","Exorcise The Demons","","https://cdnt-preview.dzcdn.net/api/1/1/d/b/d/0/dbd2524cc1a1b9ce50e8bd677f4cc1ae.mp3?hdnea=exp=1787244002~acl=/api/1/1/d/b/d/0/dbd2524cc1a1b9ce50e8bd677f4cc1ae.mp3*~data=user_id=0,application_id=42~hmac=87d3747dfb547b08a02cb84f661a70da785240859295b038faaadf4621585a12","","430","","","","Atmospheric Jungle","Source Direct foi curado para ampliar a diversidade reproduzível de Atmospheric Jungle.","low_coverage_subgenre_expansion_v21_20260820","","https://www.deezer.com/track/3265727","https://www.deezer.com/track/3265727","3265727","https://www.deezer.com/track/3265727","https://cdn-images.dzcdn.net/images/cover/b367a7316b4230ebad3e13480d328664/500x500-000000-80-0-0.jpg","","verified_low_coverage_subgenre_depth","atmospheric_jungle;Atmospheric Jungle;curated_artist;playable_depth;low_coverage_subgenre_expansion_v21_20260820","catalog_depth","low_coverage_style_repair","published","high","Artista curado para Atmospheric Jungle; artista exato, gravação e prévia verificados no Deezer."
"atmospheric_jungle","Source Direct","Mind Weaver","Exorcise The Demons","","https://cdnt-preview.dzcdn.net/api/1/1/c/d/8/0/cd8e42dcae05eabad33e78c8849bc946.mp3?hdnea=exp=1787244002~acl=/api/1/1/c/d/8/0/cd8e42dcae05eabad33e78c8849bc946.mp3*~data=user_id=0,application_id=42~hmac=2cfc51820c456f175ea73ba093553f2577b261df51437dbd76577ce0bbbf1d0b","","526","","","","Atmospheric Jungle","Source Direct foi curado para ampliar a diversidade reproduzível de Atmospheric Jungle.","low_coverage_subgenre_expansion_v21_20260820","","https://www.deezer.com/track/3265728","https://www.deezer.com/track/3265728","3265728","https://www.deezer.com/track/3265728","https://cdn-images.dzcdn.net/images/cover/b367a7316b4230ebad3e13480d328664/500x500-000000-80-0-0.jpg","","verified_low_coverage_subgenre_depth","atmospheric_jungle;Atmospheric Jungle;curated_artist;playable_depth;low_coverage_subgenre_expansion_v21_20260820","catalog_depth","low_coverage_style_repair","published","high","Artista curado para Atmospheric Jungle; artista exato, gravação e prévia verificados no Deezer."
"atmospheric_jungle","Source Direct","The Crane","The Crane - Single","","https://audio-ssl.itunes.apple.com/itunes-assets/AudioPreview116/v4/de/b4/53/deb453ad-213c-cf2c-7082-b4022d5b343c/mzaf_13119700226949001964.plus.aac.p.m4a","2016-06-10","405","","","","Atmospheric Jungle","Source Direct foi curado para ampliar a diversidade reproduzível de Atmospheric Jungle.","low_coverage_subgenre_expansion_v21_20260820","","https://music.apple.com/us/album/the-crane/1678850872?i=1678850878&uo=4","https://music.apple.com/us/album/the-crane/1678850872?i=1678850878&uo=4","2205119587","https://www.deezer.com/track/2205119587","https://is1-ssl.mzstatic.com/image/thumb/Music116/v4/b1/75/cb/b175cb55-6068-d14f-aeb8-687b1f4f088d/5060589483705.jpg/600x600bb.jpg","","verified_low_coverage_subgenre_depth","atmospheric_jungle;Atmospheric Jungle;curated_artist;playable_depth;low_coverage_subgenre_expansion_v21_20260820;itunes_verified;deezer_verified","catalog_depth","low_coverage_style_repair","published","high","Artista curado para Atmospheric Jungle; artista exato, gravação e prévia verificados em Apple Music e Deezer."
"ballroom_vogue_beats","Byrell The Great","Akasha's Tears","Akasha's Tears X Bean Qween - Single","","https://audio-ssl.itunes.apple.com/itunes-assets/AudioPreview115/v4/ea/b5/fb/eab5fb6d-695b-19bb-a14a-03985658c595/mzaf_7205270099345464084.plus.aac.p.m4a","2018-06-15","253","","","","Ballroom / Vogue Beats","Byrell The Great foi curado para ampliar a diversidade reproduzível de Ballroom / Vogue Beats.","low_coverage_subgenre_expansion_v21_20260820","https://www.factmag.com/2014/09/09/qween-beat-meet-the-crew-behind-this-summers-best-ballroom-mixtapes/","https://music.apple.com/us/album/akashas-tears/1387099960?i=1387100318&uo=4","https://music.apple.com/us/album/akashas-tears/1387099960?i=1387100318&uo=4","502498882","https://www.deezer.com/track/502498882","https://is1-ssl.mzstatic.com/image/thumb/Music115/v4/6a/c2/20/6ac22014-b218-67e4-6e34-8088cc889c3e/810762033570_cover.jpg/600x600bb.jpg","","verified_low_coverage_subgenre_depth","ballroom_vogue_beats;Ballroom / Vogue Beats;curated_artist;playable_depth;low_coverage_subgenre_expansion_v21_20260820;itunes_verified;deezer_verified","catalog_depth","low_coverage_style_repair","published","high","Artista curado para Ballroom / Vogue Beats; artista exato, gravação e prévia verificados em Apple Music e Deezer."
"ballroom_vogue_beats","Byrell The Great","Bubble Drip (feat. Kassandra Ebony, WARREN B., Princess Precious)","Qweendom","","https://cdnt-preview.dzcdn.net/api/1/1/2/c/5/0/2c59b4e9234b141412ad5d2e987f10cc.mp3?hdnea=exp=1787243678~acl=/api/1/1/2/c/5/0/2c59b4e9234b141412ad5d2e987f10cc.mp3*~data=user_id=0,application_id=42~hmac=41dd10b2c826743ac4f5999c044c18bd215ce6951c6f142007983a1dd5f543e6","","222","","","","Ballroom / Vogue Beats","Byrell The Great foi curado para ampliar a diversidade reproduzível de Ballroom / Vogue Beats.","low_coverage_subgenre_expansion_v21_20260820","https://www.factmag.com/2014/09/09/qween-beat-meet-the-crew-behind-this-summers-best-ballroom-mixtapes/","https://www.deezer.com/track/127825387","https://www.deezer.com/track/127825387","127825387","https://www.deezer.com/track/127825387","https://cdn-images.dzcdn.net/images/cover/0f2e5e2ba57c6339105d44affc563b2e/500x500-000000-80-0-0.jpg","","verified_low_coverage_subgenre_depth","ballroom_vogue_beats;Ballroom / Vogue Beats;curated_artist;playable_depth;low_coverage_subgenre_expansion_v21_20260820","catalog_depth","low_coverage_style_repair","published","high","Artista curado para Ballroom / Vogue Beats; artista exato, gravação e prévia verificados no Deezer."
"ballroom_vogue_beats","Byrell The Great","Da Function (feat. Warren B)","Snack Time","","https://cdnt-preview.dzcdn.net/api/1/1/9/e/c/0/9ecf0c765fd726a44839401fb10113eb.mp3?hdnea=exp=1787243678~acl=/api/1/1/9/e/c/0/9ecf0c765fd726a44839401fb10113eb.mp3*~data=user_id=0,application_id=42~hmac=28b702a8cb3bdc968f0f4c80a3f22d6a00a8ba2b030d904a6feebd7a1d111066","","192","","","","Ballroom / Vogue Beats","Byrell The Great foi curado para ampliar a diversidade reproduzível de Ballroom / Vogue Beats.","low_coverage_subgenre_expansion_v21_20260820","https://www.factmag.com/2014/09/09/qween-beat-meet-the-crew-behind-this-summers-best-ballroom-mixtapes/","https://www.deezer.com/track/1218372452","https://www.deezer.com/track/1218372452","1218372452","https://www.deezer.com/track/1218372452","https://cdn-images.dzcdn.net/images/cover/5132bd0328b51c7d04617101feff583c/500x500-000000-80-0-0.jpg","","verified_low_coverage_subgenre_depth","ballroom_vogue_beats;Ballroom / Vogue Beats;curated_artist;playable_depth;low_coverage_subgenre_expansion_v21_20260820","catalog_depth","low_coverage_style_repair","published","high","Artista curado para Ballroom / Vogue Beats; artista exato, gravação e prévia verificados no Deezer."
"ballroom_vogue_beats","Byrell The Great","Funny Munny (feat. Fatfemme & Princess Precious)","Funny Munny","","https://cdnt-preview.dzcdn.net/api/1/1/e/8/6/0/e86137ff26b611bb672258d78222e5f4.mp3?hdnea=exp=1787243678~acl=/api/1/1/e/8/6/0/e86137ff26b611bb672258d78222e5f4.mp3*~data=user_id=0,application_id=42~hmac=29f046c0cac34eacd8068e9ed949d3faded09bf29538429bbbad6a49066459b2","","169","","","","Ballroom / Vogue Beats","Byrell The Great foi curado para ampliar a diversidade reproduzível de Ballroom / Vogue Beats.","low_coverage_subgenre_expansion_v21_20260820","https://www.factmag.com/2014/09/09/qween-beat-meet-the-crew-behind-this-summers-best-ballroom-mixtapes/","https://www.deezer.com/track/1217262612","https://www.deezer.com/track/1217262612","1217262612","https://www.deezer.com/track/1217262612","https://cdn-images.dzcdn.net/images/cover/c4fe0987e47c35c2647eb9451852bb17/500x500-000000-80-0-0.jpg","","verified_low_coverage_subgenre_depth","ballroom_vogue_beats;Ballroom / Vogue Beats;curated_artist;playable_depth;low_coverage_subgenre_expansion_v21_20260820","catalog_depth","low_coverage_style_repair","published","high","Artista curado para Ballroom / Vogue Beats; artista exato, gravação e prévia verificados no Deezer."
"ballroom_vogue_beats","Divoli S'vere","I'm Ckunt (feat. Leggoh)","The Anti Drug","","https://cdnt-preview.dzcdn.net/api/1/1/9/5/7/0/957bc23d7c3f3a62f73cfe9d06092412.mp3?hdnea=exp=1787243681~acl=/api/1/1/9/5/7/0/957bc23d7c3f3a62f73cfe9d06092412.mp3*~data=user_id=0,application_id=42~hmac=3cb8b49f82aa0d9f150dd27d2f1394ab59eb1b1ba60676b6584ce6f11f84ad34","","254","","","","Ballroom / Vogue Beats","Divoli S'vere foi curado para ampliar a diversidade reproduzível de Ballroom / Vogue Beats.","low_coverage_subgenre_expansion_v21_20260820","https://www.factmag.com/2014/09/09/qween-beat-meet-the-crew-behind-this-summers-best-ballroom-mixtapes/","https://www.deezer.com/track/484507722","https://www.deezer.com/track/484507722","484507722","https://www.deezer.com/track/484507722","https://cdn-images.dzcdn.net/images/cover/3cabd0846be179411b144a6168c232cd/500x500-000000-80-0-0.jpg","","verified_low_coverage_subgenre_depth","ballroom_vogue_beats;Ballroom / Vogue Beats;curated_artist;playable_depth;low_coverage_subgenre_expansion_v21_20260820","catalog_depth","low_coverage_style_repair","published","high","Artista curado para Ballroom / Vogue Beats; artista exato, gravação e prévia verificados no Deezer."
"ballroom_vogue_beats","Divoli S'vere","Is It Tens 10s (feat. B. Ames)","The Anti Drug","","https://cdnt-preview.dzcdn.net/api/1/1/7/8/8/0/7882b25a13085a47fce9ce9d13cd297c.mp3?hdnea=exp=1787243681~acl=/api/1/1/7/8/8/0/7882b25a13085a47fce9ce9d13cd297c.mp3*~data=user_id=0,application_id=42~hmac=f4990b39f06d5189db8bb14d96ce5e1721d062a9a0a8d0b3d9fcfed0dec048d6","","188","","","","Ballroom / Vogue Beats","Divoli S'vere foi curado para ampliar a diversidade reproduzível de Ballroom / Vogue Beats.","low_coverage_subgenre_expansion_v21_20260820","https://www.factmag.com/2014/09/09/qween-beat-meet-the-crew-behind-this-summers-best-ballroom-mixtapes/","https://www.deezer.com/track/484507712","https://www.deezer.com/track/484507712","484507712","https://www.deezer.com/track/484507712","https://cdn-images.dzcdn.net/images/cover/3cabd0846be179411b144a6168c232cd/500x500-000000-80-0-0.jpg","","verified_low_coverage_subgenre_depth","ballroom_vogue_beats;Ballroom / Vogue Beats;curated_artist;playable_depth;low_coverage_subgenre_expansion_v21_20260820","catalog_depth","low_coverage_style_repair","published","high","Artista curado para Ballroom / Vogue Beats; artista exato, gravação e prévia verificados no Deezer."
"ballroom_vogue_beats","Divoli S'vere","Kitty Bounce (feat. B. Ames)","The Anti Drug","","https://cdnt-preview.dzcdn.net/api/1/1/5/2/5/0/5254d808e07dcb82ff8bac026722fe73.mp3?hdnea=exp=1787243681~acl=/api/1/1/5/2/5/0/5254d808e07dcb82ff8bac026722fe73.mp3*~data=user_id=0,application_id=42~hmac=9c624847b0f4f2ef84f019c89d464e1c011310934c9eb183acf15b454d36cec6","","170","","","","Ballroom / Vogue Beats","Divoli S'vere foi curado para ampliar a diversidade reproduzível de Ballroom / Vogue Beats.","low_coverage_subgenre_expansion_v21_20260820","https://www.factmag.com/2014/09/09/qween-beat-meet-the-crew-behind-this-summers-best-ballroom-mixtapes/","https://www.deezer.com/track/484507672","https://www.deezer.com/track/484507672","484507672","https://www.deezer.com/track/484507672","https://cdn-images.dzcdn.net/images/cover/3cabd0846be179411b144a6168c232cd/500x500-000000-80-0-0.jpg","","verified_low_coverage_subgenre_depth","ballroom_vogue_beats;Ballroom / Vogue Beats;curated_artist;playable_depth;low_coverage_subgenre_expansion_v21_20260820","catalog_depth","low_coverage_style_repair","published","high","Artista curado para Ballroom / Vogue Beats; artista exato, gravação e prévia verificados no Deezer."
"ballroom_vogue_beats","Divoli S'vere","WTF I Want (feat. Sugur Shane)","The Anti Drug","","https://cdnt-preview.dzcdn.net/api/1/1/c/0/d/0/c0d873ca146f2184974d0c7cb83e9ecb.mp3?hdnea=exp=1787243681~acl=/api/1/1/c/0/d/0/c0d873ca146f2184974d0c7cb83e9ecb.mp3*~data=user_id=0,application_id=42~hmac=874d5303d08ab3d25e99c9fab846e43417b90464e481460b0f6a49f6268b27bc","","205","","","","Ballroom / Vogue Beats","Divoli S'vere foi curado para ampliar a diversidade reproduzível de Ballroom / Vogue Beats.","low_coverage_subgenre_expansion_v21_20260820","https://www.factmag.com/2014/09/09/qween-beat-meet-the-crew-behind-this-summers-best-ballroom-mixtapes/","https://www.deezer.com/track/484507732","https://www.deezer.com/track/484507732","484507732","https://www.deezer.com/track/484507732","https://cdn-images.dzcdn.net/images/cover/3cabd0846be179411b144a6168c232cd/500x500-000000-80-0-0.jpg","","verified_low_coverage_subgenre_depth","ballroom_vogue_beats;Ballroom / Vogue Beats;curated_artist;playable_depth;low_coverage_subgenre_expansion_v21_20260820","catalog_depth","low_coverage_style_repair","published","high","Artista curado para Ballroom / Vogue Beats; artista exato, gravação e prévia verificados no Deezer."
"ballroom_vogue_beats","Vjuan Allure","Bandit","Bandit","","https://cdnt-preview.dzcdn.net/api/1/1/8/5/8/0/858bbcf0e958a27c6970ead1b3c12b14.mp3?hdnea=exp=1787243678~acl=/api/1/1/8/5/8/0/858bbcf0e958a27c6970ead1b3c12b14.mp3*~data=user_id=0,application_id=42~hmac=07fe22b96fb556c189e0d03bbeb42b5ce29cd4ef855bf46acba7bb60699affd2","","341","","","","Ballroom / Vogue Beats","Vjuan Allure foi curado para ampliar a diversidade reproduzível de Ballroom / Vogue Beats.","low_coverage_subgenre_expansion_v21_20260820","https://www.factmag.com/2014/09/09/qween-beat-meet-the-crew-behind-this-summers-best-ballroom-mixtapes/","https://www.deezer.com/track/127095071","https://www.deezer.com/track/127095071","127095071","https://www.deezer.com/track/127095071","https://cdn-images.dzcdn.net/images/cover/68bf6842def7a92fdf3a6505d8380fc7/500x500-000000-80-0-0.jpg","","verified_low_coverage_subgenre_depth","ballroom_vogue_beats;Ballroom / Vogue Beats;curated_artist;playable_depth;low_coverage_subgenre_expansion_v21_20260820","catalog_depth","low_coverage_style_repair","published","high","Artista curado para Ballroom / Vogue Beats; artista exato, gravação e prévia verificados no Deezer."
"ballroom_vogue_beats","Vjuan Allure","Fierce and Shady Tens (Gurl) [feat. Miss Jay]","Jeffree's, Vol. 8","","https://cdnt-preview.dzcdn.net/api/1/1/1/9/c/0/19cfc7a0c6db2944e78a3d2b8ef2dfca.mp3?hdnea=exp=1787243678~acl=/api/1/1/1/9/c/0/19cfc7a0c6db2944e78a3d2b8ef2dfca.mp3*~data=user_id=0,application_id=42~hmac=af4652df5cadbc8fd3921aed3990ce712ec4e95a7b0578f8b4403c5edf54e555","","388","","","","Ballroom / Vogue Beats","Vjuan Allure foi curado para ampliar a diversidade reproduzível de Ballroom / Vogue Beats.","low_coverage_subgenre_expansion_v21_20260820","https://www.factmag.com/2014/09/09/qween-beat-meet-the-crew-behind-this-summers-best-ballroom-mixtapes/","https://www.deezer.com/track/131089624","https://www.deezer.com/track/131089624","131089624","https://www.deezer.com/track/131089624","https://cdn-images.dzcdn.net/images/cover/cb9bd710b3ba3669bfbdb33d316c3f48/500x500-000000-80-0-0.jpg","","verified_low_coverage_subgenre_depth","ballroom_vogue_beats;Ballroom / Vogue Beats;curated_artist;playable_depth;low_coverage_subgenre_expansion_v21_20260820","catalog_depth","low_coverage_style_repair","published","high","Artista curado para Ballroom / Vogue Beats; artista exato, gravação e prévia verificados no Deezer."
"ballroom_vogue_beats","Vjuan Allure","Runway Diva","Runway Diva Remixxxed (Remixes)","","https://cdnt-preview.dzcdn.net/api/1/1/6/2/2/0/62256028451b7d48f56459d32fdb36ed.mp3?hdnea=exp=1787243678~acl=/api/1/1/6/2/2/0/62256028451b7d48f56459d32fdb36ed.mp3*~data=user_id=0,application_id=42~hmac=4c43cceb61851adab770e46406932f219930624683a5c0a13659bdb41ad0269a","","410","","","","Ballroom / Vogue Beats","Vjuan Allure foi curado para ampliar a diversidade reproduzível de Ballroom / Vogue Beats.","low_coverage_subgenre_expansion_v21_20260820","https://www.factmag.com/2014/09/09/qween-beat-meet-the-crew-behind-this-summers-best-ballroom-mixtapes/","https://www.deezer.com/track/462365292","https://www.deezer.com/track/462365292","462365292","https://www.deezer.com/track/462365292","https://cdn-images.dzcdn.net/images/cover/03fb30ea6b0da8a93b43b170f10e5473/500x500-000000-80-0-0.jpg","","verified_low_coverage_subgenre_depth","ballroom_vogue_beats;Ballroom / Vogue Beats;curated_artist;playable_depth;low_coverage_subgenre_expansion_v21_20260820","catalog_depth","low_coverage_style_repair","published","high","Artista curado para Ballroom / Vogue Beats; artista exato, gravação e prévia verificados no Deezer."
"ballroom_vogue_beats","Vjuan Allure","ThundaKats","ThundaKats EP","","https://cdnt-preview.dzcdn.net/api/1/1/9/d/5/0/9d5ed8d3fabb1a0bb8509787ab3264e1.mp3?hdnea=exp=1787243678~acl=/api/1/1/9/d/5/0/9d5ed8d3fabb1a0bb8509787ab3264e1.mp3*~data=user_id=0,application_id=42~hmac=b6408ab5c2785d9c8e6d6b8717f2ffffcdbcfc91ef0126124ffb0b12ebcd926c","","396","","","","Ballroom / Vogue Beats","Vjuan Allure foi curado para ampliar a diversidade reproduzível de Ballroom / Vogue Beats.","low_coverage_subgenre_expansion_v21_20260820","https://www.factmag.com/2014/09/09/qween-beat-meet-the-crew-behind-this-summers-best-ballroom-mixtapes/","https://www.deezer.com/track/436100062","https://www.deezer.com/track/436100062","436100062","https://www.deezer.com/track/436100062","https://cdn-images.dzcdn.net/images/cover/997f68bc9073095dde56701bb993aff5/500x500-000000-80-0-0.jpg","","verified_low_coverage_subgenre_depth","ballroom_vogue_beats;Ballroom / Vogue Beats;curated_artist;playable_depth;low_coverage_subgenre_expansion_v21_20260820","catalog_depth","low_coverage_style_repair","published","high","Artista curado para Ballroom / Vogue Beats; artista exato, gravação e prévia verificados no Deezer."
"bassline","NOTION","Burning","Burning - Single","","https://audio-ssl.itunes.apple.com/itunes-assets/AudioPreview112/v4/ad/2d/04/ad2d0439-bfc1-5e9a-620d-644326f13798/mzaf_17230474218689589891.plus.aac.p.m4a","2020-07-01","184","","","","Bassline","NOTION foi curado para ampliar a diversidade reproduzível de Bassline.","low_coverage_subgenre_expansion_v21_20260820","","https://music.apple.com/us/album/burning/1495648751?i=1495648752&uo=4","https://music.apple.com/us/album/burning/1495648751?i=1495648752&uo=4","","","https://is1-ssl.mzstatic.com/image/thumb/Music124/v4/d3/b5/5d/d3b55d9c-2acc-ceb2-29ec-e1360e6dfd37/190295275051.jpg/600x600bb.jpg","","verified_low_coverage_subgenre_depth","bassline;Bassline;curated_artist;playable_depth;low_coverage_subgenre_expansion_v21_20260820","catalog_depth","low_coverage_style_repair","published","high","Artista curado para Bassline; artista exato, gravação e prévia verificados no Apple Music."
"bassline","NOTION","Found Love (feat. Carrie Baxter)","Outsider","","https://audio-ssl.itunes.apple.com/itunes-assets/AudioPreview126/v4/b8/21/1f/b8211f43-8026-82cd-dc2e-65d190995461/mzaf_16001898297392820961.plus.aac.p.m4a","2022-01-19","137","","","","Bassline","NOTION foi curado para ampliar a diversidade reproduzível de Bassline.","low_coverage_subgenre_expansion_v21_20260820","","https://music.apple.com/us/album/found-love-feat-carrie-baxter/1676863980?i=1676863981&uo=4","https://music.apple.com/us/album/found-love-feat-carrie-baxter/1676863980?i=1676863981&uo=4","","","https://is1-ssl.mzstatic.com/image/thumb/Music116/v4/0a/1b/c1/0a1bc1e4-34ae-0d30-e18f-b399558e2d28/5060644133279.png/600x600bb.jpg","","verified_low_coverage_subgenre_depth","bassline;Bassline;curated_artist;playable_depth;low_coverage_subgenre_expansion_v21_20260820;itunes_verified","catalog_depth","low_coverage_style_repair","published","high","Artista curado para Bassline; artista exato, gravação e prévia verificados em Apple Music."
"bassline","NOTION","Real (feat. Cecelia) [VIP Mix]","Real (feat. Cecelia) [VIP Mix] - Single","","https://audio-ssl.itunes.apple.com/itunes-assets/AudioPreview112/v4/96/f3/dd/96f3dde9-73fd-a2b8-5366-428664f332fa/mzaf_18341993542094525571.plus.aac.p.m4a","2018-09-28","185","","","","Bassline","NOTION foi curado para ampliar a diversidade reproduzível de Bassline.","low_coverage_subgenre_expansion_v21_20260820","","https://music.apple.com/us/album/real-feat-cecelia-vip-mix/1501865328?i=1501865329&uo=4","https://music.apple.com/us/album/real-feat-cecelia-vip-mix/1501865328?i=1501865329&uo=4","","","https://is1-ssl.mzstatic.com/image/thumb/Music114/v4/3e/ab/05/3eab05bd-aea1-bf70-abd5-321dd5a11a79/8712944599800.jpg/600x600bb.jpg","","verified_low_coverage_subgenre_depth","bassline;Bassline;curated_artist;playable_depth;low_coverage_subgenre_expansion_v21_20260820","catalog_depth","low_coverage_style_repair","published","high","Artista curado para Bassline; artista exato, gravação e prévia verificados no Apple Music."
"berlin_school","Edgar Froese","Era Of The Slaves","Ages","","https://cdnt-preview.dzcdn.net/api/1/1/7/c/6/0/7c6eba55823509a630f4e97069a2a556.mp3?hdnea=exp=1787243897~acl=/api/1/1/7/c/6/0/7c6eba55823509a630f4e97069a2a556.mp3*~data=user_id=0,application_id=42~hmac=db13e1f3e303e3195f06cf793812afceea2b7a459a8ab56bc28994d13cb0902e","","491","","","","Berlin School","Edgar Froese foi curado para ampliar a diversidade reproduzível de Berlin School.","low_coverage_subgenre_expansion_v21_20260820","","https://www.deezer.com/track/3446666","https://www.deezer.com/track/3446666","3446666","https://www.deezer.com/track/3446666","https://cdn-images.dzcdn.net/images/cover/99dd65bad55c740d5f92025a5603c175/500x500-000000-80-0-0.jpg","","verified_low_coverage_subgenre_depth","berlin_school;Berlin School;curated_artist;playable_depth;low_coverage_subgenre_expansion_v21_20260820","catalog_depth","low_coverage_style_repair","published","high","Artista curado para Berlin School; artista exato, gravação e prévia verificados no Deezer."
"berlin_school","Edgar Froese","NGC 891","Solo (1974-1983) The Virgin Years","","https://cdnt-preview.dzcdn.net/api/1/1/4/1/2/0/4123b1afad666cc84a545cc43c08f71b.mp3?hdnea=exp=1787243897~acl=/api/1/1/4/1/2/0/4123b1afad666cc84a545cc43c08f71b.mp3*~data=user_id=0,application_id=42~hmac=a0b43d7fe7521298096e89fa0c92bb84ff4ca3b5a4c02b5e8c12921c033234e4","","282","","","","Berlin School","Edgar Froese foi curado para ampliar a diversidade reproduzível de Berlin School.","low_coverage_subgenre_expansion_v21_20260820","","https://www.deezer.com/track/17384529","https://www.deezer.com/track/17384529","17384529","https://www.deezer.com/track/17384529","https://cdn-images.dzcdn.net/images/cover/a2bae78fe6a21705dbc78354d4e5e011/500x500-000000-80-0-0.jpg","","verified_low_coverage_subgenre_depth","berlin_school;Berlin School;curated_artist;playable_depth;low_coverage_subgenre_expansion_v21_20260820","catalog_depth","low_coverage_style_repair","published","high","Artista curado para Berlin School; artista exato, gravação e prévia verificados no Deezer."
"berlin_school","Edgar Froese","Nights Of Automatic Women","Ages","","https://cdnt-preview.dzcdn.net/api/1/1/6/7/f/0/67f6fe3f93de8738d4a7c8c6a25a005e.mp3?hdnea=exp=1787243897~acl=/api/1/1/6/7/f/0/67f6fe3f93de8738d4a7c8c6a25a005e.mp3*~data=user_id=0,application_id=42~hmac=b790ab83d48311a7af09fa88a4450c38862bbb9917ef3fb9449e5a8941132bf6","","550","","","","Berlin School","Edgar Froese foi curado para ampliar a diversidade reproduzível de Berlin School.","low_coverage_subgenre_expansion_v21_20260820","","https://www.deezer.com/track/3446668","https://www.deezer.com/track/3446668","3446668","https://www.deezer.com/track/3446668","https://cdn-images.dzcdn.net/images/cover/99dd65bad55c740d5f92025a5603c175/500x500-000000-80-0-0.jpg","","verified_low_coverage_subgenre_depth","berlin_school;Berlin School;curated_artist;playable_depth;low_coverage_subgenre_expansion_v21_20260820","catalog_depth","low_coverage_style_repair","published","high","Artista curado para Berlin School; artista exato, gravação e prévia verificados no Deezer."
"berlin_school","Edgar Froese","Specific Gravity Of Smile","Pinnacles","","https://cdnt-preview.dzcdn.net/api/1/1/c/f/a/0/cfa6bf8020b76837cea085862b60e753.mp3?hdnea=exp=1787243897~acl=/api/1/1/c/f/a/0/cfa6bf8020b76837cea085862b60e753.mp3*~data=user_id=0,application_id=42~hmac=cbfbdabeba5d2b645cafe0b6555ed6fa21149b0c67f515fbe3e015665fbb65a5","","578","","","","Berlin School","Edgar Froese foi curado para ampliar a diversidade reproduzível de Berlin School.","low_coverage_subgenre_expansion_v21_20260820","","https://www.deezer.com/track/3162905","https://www.deezer.com/track/3162905","3162905","https://www.deezer.com/track/3162905","https://cdn-images.dzcdn.net/images/cover/130207d8497a575508156d1a823ae1ce/500x500-000000-80-0-0.jpg","","verified_low_coverage_subgenre_depth","berlin_school;Berlin School;curated_artist;playable_depth;low_coverage_subgenre_expansion_v21_20260820","catalog_depth","low_coverage_style_repair","published","high","Artista curado para Berlin School; artista exato, gravação e prévia verificados no Deezer."
"berlin_school","Manuel Göttsching","E2-E4 Gemäßigter Aufbruch 1","E2-E4","","https://cdnt-preview.dzcdn.net/api/1/1/3/e/6/0/3e6e02b776a6a30809a8822ac86398d4.mp3?hdnea=exp=1787243687~acl=/api/1/1/3/e/6/0/3e6e02b776a6a30809a8822ac86398d4.mp3*~data=user_id=0,application_id=42~hmac=3494c706841ba129fa5e9a7b32b5a23f08e44a471d210ee3d8f99e64c19463e6","","360","","","","Berlin School","Manuel Göttsching foi curado para ampliar a diversidade reproduzível de Berlin School.","low_coverage_subgenre_expansion_v21_20260820","","https://www.deezer.com/track/1494802342","https://www.deezer.com/track/1494802342","1494802342","https://www.deezer.com/track/1494802342","https://cdn-images.dzcdn.net/images/cover/7abd9cbd615b5be952ce11a6500475f0/500x500-000000-80-0-0.jpg","","verified_low_coverage_subgenre_depth","berlin_school;Berlin School;curated_artist;playable_depth;low_coverage_subgenre_expansion_v21_20260820","catalog_depth","low_coverage_style_repair","published","high","Artista curado para Berlin School; artista exato, gravação e prévia verificados no Deezer."
"berlin_school","Manuel Göttsching","E2-E4 Gemäßigter Aufbruch 2","E2-E4","","https://cdnt-preview.dzcdn.net/api/1/1/f/5/0/0/f500988c52fe4c8c15a92ca57300830f.mp3?hdnea=exp=1787243687~acl=/api/1/1/f/5/0/0/f500988c52fe4c8c15a92ca57300830f.mp3*~data=user_id=0,application_id=42~hmac=35385b896e1fe2cbbfdee8ddd3125035017fcc3c77ad1b75638912c75db0b81a","","302","","","","Berlin School","Manuel Göttsching foi curado para ampliar a diversidade reproduzível de Berlin School.","low_coverage_subgenre_expansion_v21_20260820","","https://www.deezer.com/track/1494802352","https://www.deezer.com/track/1494802352","1494802352","https://www.deezer.com/track/1494802352","https://cdn-images.dzcdn.net/images/cover/7abd9cbd615b5be952ce11a6500475f0/500x500-000000-80-0-0.jpg","","verified_low_coverage_subgenre_depth","berlin_school;Berlin School;curated_artist;playable_depth;low_coverage_subgenre_expansion_v21_20260820","catalog_depth","low_coverage_style_repair","published","high","Artista curado para Berlin School; artista exato, gravação e prévia verificados no Deezer."
"berlin_school","Manuel Göttsching","E2-E4 Ruhige Nervosität 2","E2-E4","","https://cdnt-preview.dzcdn.net/api/1/1/c/1/2/0/c129f14241f592d7b39f6799adf78f69.mp3?hdnea=exp=1787243687~acl=/api/1/1/c/1/2/0/c129f14241f592d7b39f6799adf78f69.mp3*~data=user_id=0,application_id=42~hmac=56a8f5e40d6df3e1ea33a5abb5c08bd6beb19616a360f79efe2bb24070bffad2","","313","","","","Berlin School","Manuel Göttsching foi curado para ampliar a diversidade reproduzível de Berlin School.","low_coverage_subgenre_expansion_v21_20260820","","https://www.deezer.com/track/1494802322","https://www.deezer.com/track/1494802322","1494802322","https://www.deezer.com/track/1494802322","https://cdn-images.dzcdn.net/images/cover/7abd9cbd615b5be952ce11a6500475f0/500x500-000000-80-0-0.jpg","","verified_low_coverage_subgenre_depth","berlin_school;Berlin School;curated_artist;playable_depth;low_coverage_subgenre_expansion_v21_20260820","catalog_depth","low_coverage_style_repair","published","high","Artista curado para Berlin School; artista exato, gravação e prévia verificados no Deezer."
"berlin_school","Manuel Göttsching","E2-E4 Ruhige Nervosität 3","E2-E4","","https://cdnt-preview.dzcdn.net/api/1/1/3/7/4/0/37499ca0ed281ef0f0798cf43f9c0c7d.mp3?hdnea=exp=1787243687~acl=/api/1/1/3/7/4/0/37499ca0ed281ef0f0798cf43f9c0c7d.mp3*~data=user_id=0,application_id=42~hmac=47b7522afeb933b64fd28de18fadadfcdb91a33378ce3172cf096d8c704bb3c5","","286","","","","Berlin School","Manuel Göttsching foi curado para ampliar a diversidade reproduzível de Berlin School.","low_coverage_subgenre_expansion_v21_20260820","","https://www.deezer.com/track/1494802332","https://www.deezer.com/track/1494802332","1494802332","https://www.deezer.com/track/1494802332","https://cdn-images.dzcdn.net/images/cover/7abd9cbd615b5be952ce11a6500475f0/500x500-000000-80-0-0.jpg","","verified_low_coverage_subgenre_depth","berlin_school;Berlin School;curated_artist;playable_depth;low_coverage_subgenre_expansion_v21_20260820","catalog_depth","low_coverage_style_repair","published","high","Artista curado para Berlin School; artista exato, gravação e prévia verificados no Deezer."
"berlin_school","Michael Hoenig","Bones On the Beach","Xcept One","","https://audio-ssl.itunes.apple.com/itunes-assets/AudioPreview123/v4/09/fb/74/09fb74b7-0d30-1ce8-ca65-5412dc355194/mzaf_4551270185576070925.plus.aac.p.m4a","1987-01-01","370","","","","Berlin School","Michael Hoenig foi curado para ampliar a diversidade reproduzível de Berlin School.","low_coverage_subgenre_expansion_v21_20260820","","https://music.apple.com/us/album/bones-on-the-beach/1487543842?i=1487544126&uo=4","https://music.apple.com/us/album/bones-on-the-beach/1487543842?i=1487544126&uo=4","810590242","https://www.deezer.com/track/810590242","https://is1-ssl.mzstatic.com/image/thumb/Music123/v4/b7/fd/c5/b7fdc54b-e417-ec7f-9262-bde9a5820a0e/19UMGIM95664.rgb.jpg/600x600bb.jpg","","verified_low_coverage_subgenre_depth","berlin_school;Berlin School;curated_artist;playable_depth;low_coverage_subgenre_expansion_v21_20260820;itunes_verified;deezer_verified","catalog_depth","low_coverage_style_repair","published","high","Artista curado para Berlin School; artista exato, gravação e prévia verificados em Apple Music e Deezer."
"berlin_school","Michael Hoenig","Early Water","Early Water","","https://cdnt-preview.dzcdn.net/api/1/1/9/9/8/0/998ad63c38661dfecc3d028ffe373498.mp3?hdnea=exp=1787244033~acl=/api/1/1/9/9/8/0/998ad63c38661dfecc3d028ffe373498.mp3*~data=user_id=0,application_id=42~hmac=17e960cfbb0c87a9eee77e3b3ed1753118bc56ad08ce47261cb2b078205d3477","","424","","","","Berlin School","Michael Hoenig foi curado para ampliar a diversidade reproduzível de Berlin School.","low_coverage_subgenre_expansion_v21_20260820","","https://www.deezer.com/track/2022584547","https://www.deezer.com/track/2022584547","2022584547","https://www.deezer.com/track/2022584547","https://cdn-images.dzcdn.net/images/cover/0b7e8672f3235344fb30f8f7435b6b41/500x500-000000-80-0-0.jpg","","verified_low_coverage_subgenre_depth","berlin_school;Berlin School;curated_artist;playable_depth;low_coverage_subgenre_expansion_v21_20260820","catalog_depth","low_coverage_style_repair","published","high","Artista curado para Berlin School; artista exato, gravação e prévia verificados no Deezer."
"berlin_school","Michael Hoenig","Hanging Garden Transfer","Departure from the Northern Wasteland","","https://cdnt-preview.dzcdn.net/api/1/1/6/f/f/0/6fff3aeed442fbac73dc3a13ee0411f8.mp3?hdnea=exp=1787244033~acl=/api/1/1/6/f/f/0/6fff3aeed442fbac73dc3a13ee0411f8.mp3*~data=user_id=0,application_id=42~hmac=6fc35704a7d9951e24beea1b86bfb68701812bbe43d22090e21d4cb89ddc947d","","659","","","","Berlin School","Michael Hoenig foi curado para ampliar a diversidade reproduzível de Berlin School.","low_coverage_subgenre_expansion_v21_20260820","","https://www.deezer.com/track/1645199412","https://www.deezer.com/track/1645199412","1645199412","https://www.deezer.com/track/1645199412","https://cdn-images.dzcdn.net/images/cover/b872412429a207a94816d93fb68f986f/500x500-000000-80-0-0.jpg","","verified_low_coverage_subgenre_depth","berlin_school;Berlin School;curated_artist;playable_depth;low_coverage_subgenre_expansion_v21_20260820","catalog_depth","low_coverage_style_repair","published","high","Artista curado para Berlin School; artista exato, gravação e prévia verificados no Deezer."
"berlin_school","Michael Hoenig","Xcept One","Xcept One","","https://audio-ssl.itunes.apple.com/itunes-assets/AudioPreview125/v4/9b/16/88/9b16884c-e9be-40d3-f666-0b80e877edc9/mzaf_5534647090416880356.plus.aac.p.m4a","1987-01-01","309","","","","Berlin School","Michael Hoenig foi curado para ampliar a diversidade reproduzível de Berlin School.","low_coverage_subgenre_expansion_v21_20260820","","https://music.apple.com/us/album/xcept-one/1487543842?i=1487543853&uo=4","https://music.apple.com/us/album/xcept-one/1487543842?i=1487543853&uo=4","810590232","https://www.deezer.com/track/810590232","https://is1-ssl.mzstatic.com/image/thumb/Music123/v4/b7/fd/c5/b7fdc54b-e417-ec7f-9262-bde9a5820a0e/19UMGIM95664.rgb.jpg/600x600bb.jpg","","verified_low_coverage_subgenre_depth","berlin_school;Berlin School;curated_artist;playable_depth;low_coverage_subgenre_expansion_v21_20260820;itunes_verified;deezer_verified","catalog_depth","low_coverage_style_repair","published","high","Artista curado para Berlin School; artista exato, gravação e prévia verificados em Apple Music e Deezer."
"big_room_house","Blasterjaxx","Désenchantée 3000","Désenchantée 3000","","https://cdnt-preview.dzcdn.net/api/1/1/3/9/c/0/39c438d0e9c430b4f099445151c5f908.mp3?hdnea=exp=1787243690~acl=/api/1/1/3/9/c/0/39c438d0e9c430b4f099445151c5f908.mp3*~data=user_id=0,application_id=42~hmac=f2f963fa5ae16443e08528c1a04189a481adad088ba7ca4209b35e1345dc1cda","","184","","","","Big Room House","Blasterjaxx foi curado para ampliar a diversidade reproduzível de Big Room House.","low_coverage_subgenre_expansion_v21_20260820","","https://www.deezer.com/track/3925239971","https://www.deezer.com/track/3925239971","3925239971","https://www.deezer.com/track/3925239971","https://cdn-images.dzcdn.net/images/cover/63ea940c38733aae32db990263d92ed5/500x500-000000-80-0-0.jpg","","verified_low_coverage_subgenre_depth","big_room_house;Big Room House;curated_artist;playable_depth;low_coverage_subgenre_expansion_v21_20260820","catalog_depth","low_coverage_style_repair","published","high","Artista curado para Big Room House; artista exato, gravação e prévia verificados no Deezer."
"big_room_house","Blasterjaxx","Hurricane (feat. SHIBUI)","Hurricane (feat. SHIBUI)","","https://cdnt-preview.dzcdn.net/api/1/1/8/0/3/0/80309cbae1f539e4f238d1f13da7797f.mp3?hdnea=exp=1787243690~acl=/api/1/1/8/0/3/0/80309cbae1f539e4f238d1f13da7797f.mp3*~data=user_id=0,application_id=42~hmac=af081b60893dbc0ce4794098709d31ace01c37e6e86a2bb241108a27322952ef","","153","","","","Big Room House","Blasterjaxx foi curado para ampliar a diversidade reproduzível de Big Room House.","low_coverage_subgenre_expansion_v21_20260820","","https://www.deezer.com/track/1680920397","https://www.deezer.com/track/1680920397","1821586327","https://www.deezer.com/track/1821586327","https://cdn-images.dzcdn.net/images/cover/04c869fdf43e9918ad2b564a6af7255f/500x500-000000-80-0-0.jpg","","verified_low_coverage_subgenre_depth","big_room_house;Big Room House;curated_artist;playable_depth;low_coverage_subgenre_expansion_v21_20260820;deezer_verified","catalog_depth","low_coverage_style_repair","published","high","Artista curado para Big Room House; artista exato, gravação e prévia verificados em Deezer."
"big_room_house","Blasterjaxx","Timebomb","Timebomb","","https://cdnt-preview.dzcdn.net/api/1/1/d/3/2/0/d32f7833702bee9caa3b9cac514948e9.mp3?hdnea=exp=1787243690~acl=/api/1/1/d/3/2/0/d32f7833702bee9caa3b9cac514948e9.mp3*~data=user_id=0,application_id=42~hmac=b87c0745e5111fe7bfa70cac2a5f5466f82078257c2f1c780b7c6e1eba645749","","177","","","","Big Room House","Blasterjaxx foi curado para ampliar a diversidade reproduzível de Big Room House.","low_coverage_subgenre_expansion_v21_20260820","","https://www.deezer.com/track/4041230011","https://www.deezer.com/track/4041230011","4041230011","https://www.deezer.com/track/4041230011","https://cdn-images.dzcdn.net/images/cover/b5e3695a6f89126ccd5be07f94f6d2fd/500x500-000000-80-0-0.jpg","","verified_low_coverage_subgenre_depth","big_room_house;Big Room House;curated_artist;playable_depth;low_coverage_subgenre_expansion_v21_20260820","catalog_depth","low_coverage_style_repair","published","high","Artista curado para Big Room House; artista exato, gravação e prévia verificados no Deezer."
"big_room_house","Blasterjaxx","Unfaithful","Unfaithful","","https://cdnt-preview.dzcdn.net/api/1/1/b/b/2/0/bb25c7a617ea7ae44ec0e7c4ef414291.mp3?hdnea=exp=1787243690~acl=/api/1/1/b/b/2/0/bb25c7a617ea7ae44ec0e7c4ef414291.mp3*~data=user_id=0,application_id=42~hmac=94675f55abf5e9871e0fa09f276d0d86f4917204d80fc3487f06e7157fa53906","","231","","","","Big Room House","Blasterjaxx foi curado para ampliar a diversidade reproduzível de Big Room House.","low_coverage_subgenre_expansion_v21_20260820","","https://www.deezer.com/track/3677123262","https://www.deezer.com/track/3677123262","3677123262","https://www.deezer.com/track/3677123262","https://cdn-images.dzcdn.net/images/cover/ae80e341a3c4e030efcefd668f4c2814/500x500-000000-80-0-0.jpg","","verified_low_coverage_subgenre_depth","big_room_house;Big Room House;curated_artist;playable_depth;low_coverage_subgenre_expansion_v21_20260820","catalog_depth","low_coverage_style_repair","published","high","Artista curado para Big Room House; artista exato, gravação e prévia verificados no Deezer."
"big_room_house","R3HAB","Hallucinations (feat. R I T U A L)","Hallucinations (feat. R I T U A L) - Single","","https://audio-ssl.itunes.apple.com/itunes-assets/AudioPreview122/v4/15/4c/7b/154c7b8b-9619-2886-18fd-3dcc21ceda54/mzaf_17160524734322596579.plus.aac.p.m4a","2017-04-28","176","","","","Big Room House","R3HAB foi curado para ampliar a diversidade reproduzível de Big Room House.","low_coverage_subgenre_expansion_v21_20260820","","https://music.apple.com/us/album/hallucinations-feat-r-i-t-u-a-l/1652946294?i=1652946297&uo=4","https://music.apple.com/us/album/hallucinations-feat-r-i-t-u-a-l/1652946294?i=1652946297&uo=4","","","https://is1-ssl.mzstatic.com/image/thumb/Music221/v4/4c/d4/db/4cd4db1e-7714-ae48-8caf-af0d3e8f832f/5054526042551.png/600x600bb.jpg","","verified_low_coverage_subgenre_depth","big_room_house;Big Room House;curated_artist;playable_depth;low_coverage_subgenre_expansion_v21_20260820;itunes_verified","catalog_depth","low_coverage_style_repair","published","high","Artista curado para Big Room House; artista exato, gravação e prévia verificados em Apple Music."
"big_room_house","R3HAB","Icarus (Waysons Remix)","Icarus (Waysons Remix) - Single","","https://audio-ssl.itunes.apple.com/itunes-assets/AudioPreview122/v4/57/11/ed/5711ed6a-c4e7-f9ee-cc5d-3a1bec8397d1/mzaf_7795790248785543536.plus.aac.p.m4a","2017-04-21","213","","","","Big Room House","R3HAB foi curado para ampliar a diversidade reproduzível de Big Room House.","low_coverage_subgenre_expansion_v21_20260820","","https://music.apple.com/us/album/icarus-waysons-remix/1652945977?i=1652945980&uo=4","https://music.apple.com/us/album/icarus-waysons-remix/1652945977?i=1652945980&uo=4","","","https://is1-ssl.mzstatic.com/image/thumb/Music221/v4/87/69/bc/8769bc1d-05e9-04b0-3d18-9673259cf587/5054526040915.png/600x600bb.jpg","","verified_low_coverage_subgenre_depth","big_room_house;Big Room House;curated_artist;playable_depth;low_coverage_subgenre_expansion_v21_20260820","catalog_depth","low_coverage_style_repair","published","high","Artista curado para Big Room House; artista exato, gravação e prévia verificados no Apple Music."
"big_room_house","R3HAB","Rumors (feat. Sofia Carson) [R3hab & Skytech Vs. Marvelus Fame Remix]","Rumors (feat. Sofia Carson) [R3hab & Skytech Vs. Marvelus Fame Remix] - Single","","https://audio-ssl.itunes.apple.com/itunes-assets/AudioPreview122/v4/2d/fb/91/2dfb91a2-52eb-b490-7c73-32ef78d3b016/mzaf_10362337043463411997.plus.aac.p.m4a","2018-11-08","143","","","","Big Room House","R3HAB foi curado para ampliar a diversidade reproduzível de Big Room House.","low_coverage_subgenre_expansion_v21_20260820","","https://music.apple.com/us/album/rumors-feat-sofia-carson-r3hab-skytech-vs-marvelus/1652959591?i=1652959593&uo=4","https://music.apple.com/us/album/rumors-feat-sofia-carson-r3hab-skytech-vs-marvelus/1652959591?i=1652959593&uo=4","","","https://is1-ssl.mzstatic.com/image/thumb/Music221/v4/70/d2/a8/70d2a85d-b7e8-5919-e549-5615c8d8cce6/5054526340947.png/600x600bb.jpg","","verified_low_coverage_subgenre_depth","big_room_house;Big Room House;curated_artist;playable_depth;low_coverage_subgenre_expansion_v21_20260820","catalog_depth","low_coverage_style_repair","published","high","Artista curado para Big Room House; artista exato, gravação e prévia verificados no Apple Music."
"big_room_house","R3HAB","Wave","Wave","","https://cdnt-preview.dzcdn.net/api/1/1/6/c/b/0/6cbdbaaa3d2c009bf523e2b17dbb1822.mp3?hdnea=exp=1787243692~acl=/api/1/1/6/c/b/0/6cbdbaaa3d2c009bf523e2b17dbb1822.mp3*~data=user_id=0,application_id=42~hmac=b99dfa86bc43f47a885b771eb281f4713c8666ede4fb5f19cc0312e25b5001c3","","183","","","","Big Room House","R3HAB foi curado para ampliar a diversidade reproduzível de Big Room House.","low_coverage_subgenre_expansion_v21_20260820","","https://www.deezer.com/track/728279942","https://www.deezer.com/track/728279942","728279942","https://www.deezer.com/track/728279942","https://cdn-images.dzcdn.net/images/cover/b7771abc95911c50a0130429b87f7d3c/500x500-000000-80-0-0.jpg","","verified_low_coverage_subgenre_depth","big_room_house;Big Room House;curated_artist;playable_depth;low_coverage_subgenre_expansion_v21_20260820","catalog_depth","low_coverage_style_repair","published","high","Artista curado para Big Room House; artista exato, gravação e prévia verificados no Deezer."
"big_room_house","W&W","Bigfoot","Bigfoot - Single","","https://audio-ssl.itunes.apple.com/itunes-assets/AudioPreview125/v4/e6/db/1d/e6db1dc6-9db9-ad07-a039-006116890b96/mzaf_17373082921607155352.plus.aac.p.m4a","2014-02-24","270","","","","Big Room House","W&W foi curado para ampliar a diversidade reproduzível de Big Room House.","low_coverage_subgenre_expansion_v21_20260820","","https://music.apple.com/us/album/bigfoot/799196514?i=799196524&uo=4","https://music.apple.com/us/album/bigfoot/799196514?i=799196524&uo=4","","","https://is1-ssl.mzstatic.com/image/thumb/Music126/v4/81/23/df/8123df9b-c950-7530-653e-a420ae2fe33b/8718522037009.png/600x600bb.jpg","","verified_low_coverage_subgenre_depth","big_room_house;Big Room House;curated_artist;playable_depth;low_coverage_subgenre_expansion_v21_20260820","catalog_depth","low_coverage_style_repair","published","high","Artista curado para Big Room House; artista exato, gravação e prévia verificados no Apple Music."
"big_room_house","W&W","OIIA OIIA (Spinning Cat)","OIIA OIIA (Spinning Cat) - Single","","https://audio-ssl.itunes.apple.com/itunes-assets/AudioPreview221/v4/ac/b8/02/acb8020c-136f-54bb-3b3a-9ef6808f986b/mzaf_16666723941471789485.plus.aac.p.m4a","2025-01-17","134","","","","Big Room House","W&W foi curado para ampliar a diversidade reproduzível de Big Room House.","low_coverage_subgenre_expansion_v21_20260820","","https://music.apple.com/us/album/oiia-oiia-spinning-cat/1788946001?i=1788946003&uo=4","https://music.apple.com/us/album/oiia-oiia-spinning-cat/1788946001?i=1788946003&uo=4","","","https://is1-ssl.mzstatic.com/image/thumb/Music221/v4/a6/e5/c0/a6e5c09c-551c-0267-9508-2ad5ccada19e/51648.jpg/600x600bb.jpg","","verified_low_coverage_subgenre_depth","big_room_house;Big Room House;curated_artist;playable_depth;low_coverage_subgenre_expansion_v21_20260820","catalog_depth","low_coverage_style_repair","published","high","Artista curado para Big Room House; artista exato, gravação e prévia verificados no Apple Music."
"big_room_house","W&W","Rave After Rave","Rave After Rave - Single","","https://audio-ssl.itunes.apple.com/itunes-assets/AudioPreview115/v4/99/37/31/99373128-1de5-78cc-256a-13680ce27755/mzaf_8691416019345619433.plus.aac.p.m4a","2015-03-30","238","","","","Big Room House","W&W foi curado para ampliar a diversidade reproduzível de Big Room House.","low_coverage_subgenre_expansion_v21_20260820","","https://music.apple.com/us/album/rave-after-rave/974704744?i=974705829&uo=4","https://music.apple.com/us/album/rave-after-rave/974704744?i=974705829&uo=4","","","https://is1-ssl.mzstatic.com/image/thumb/Music116/v4/eb/df/ae/ebdfaea4-a791-308d-cac8-261885eab3c1/8718522063428.png/600x600bb.jpg","","verified_low_coverage_subgenre_depth","big_room_house;Big Room House;curated_artist;playable_depth;low_coverage_subgenre_expansion_v21_20260820","catalog_depth","low_coverage_style_repair","published","high","Artista curado para Big Room House; artista exato, gravação e prévia verificados no Apple Music."
"big_room_house","W&W","Thunder","Thunder - Single","","https://audio-ssl.itunes.apple.com/itunes-assets/AudioPreview115/v4/1d/45/85/1d4585c0-96c6-abbc-dbbc-6d80a44bf9a1/mzaf_2109948537917675693.plus.aac.p.m4a","2013-01-01","298","","","","Big Room House","W&W foi curado para ampliar a diversidade reproduzível de Big Room House.","low_coverage_subgenre_expansion_v21_20260820","","https://music.apple.com/us/album/thunder/649363888?i=649363901&uo=4","https://music.apple.com/us/album/thunder/649363888?i=649363901&uo=4","","","https://is1-ssl.mzstatic.com/image/thumb/Music221/v4/ef/62/25/ef622567-9f18-4287-e5f0-9ee78e396cf7/8718522024030.png/600x600bb.jpg","","verified_low_coverage_subgenre_depth","big_room_house;Big Room House;curated_artist;playable_depth;low_coverage_subgenre_expansion_v21_20260820","catalog_depth","low_coverage_style_repair","published","high","Artista curado para Big Room House; artista exato, gravação e prévia verificados no Apple Music."
"big_room_techno","Eli Brown","Be The One","Be The One","","https://cdnt-preview.dzcdn.net/api/1/1/b/4/0/0/b406578ed7adefd4fc5838f48cdd4627.mp3?hdnea=exp=1787243694~acl=/api/1/1/b/4/0/0/b406578ed7adefd4fc5838f48cdd4627.mp3*~data=user_id=0,application_id=42~hmac=2130a1aff1cb0746d04e6ade86d906865dbdc78ee2db0ec4cb9897b3f6230ead","","169","","","","Big Room Techno","Eli Brown foi curado para ampliar a diversidade reproduzível de Big Room Techno.","low_coverage_subgenre_expansion_v21_20260820","","https://www.deezer.com/track/2206732877","https://www.deezer.com/track/2206732877","2206732877","https://www.deezer.com/track/2206732877","https://cdn-images.dzcdn.net/images/cover/f72c542d0ff36292046e8165f7564afa/500x500-000000-80-0-0.jpg","","verified_low_coverage_subgenre_depth","big_room_techno;Big Room Techno;curated_artist;playable_depth;low_coverage_subgenre_expansion_v21_20260820","catalog_depth","low_coverage_style_repair","published","high","Artista curado para Big Room Techno; artista exato, gravação e prévia verificados no Deezer."
"big_room_techno","Eli Brown","Coming In Heavy","Coming In Heavy","","https://cdnt-preview.dzcdn.net/api/1/1/b/4/0/0/b4099a876cb3d8e99d81e8b4daf6a8e4.mp3?hdnea=exp=1787243694~acl=/api/1/1/b/4/0/0/b4099a876cb3d8e99d81e8b4daf6a8e4.mp3*~data=user_id=0,application_id=42~hmac=efd4187918e1b2b4183c7d51f2444e2eba8018a4a2863cf8090e9c42157f9679","","231","","","","Big Room Techno","Eli Brown foi curado para ampliar a diversidade reproduzível de Big Room Techno.","low_coverage_subgenre_expansion_v21_20260820","","https://www.deezer.com/track/3892573551","https://www.deezer.com/track/3892573551","3892573551","https://www.deezer.com/track/3892573551","https://cdn-images.dzcdn.net/images/cover/85de4db5449a2b7964b1ad15f2b6f4ad/500x500-000000-80-0-0.jpg","","verified_low_coverage_subgenre_depth","big_room_techno;Big Room Techno;curated_artist;playable_depth;low_coverage_subgenre_expansion_v21_20260820","catalog_depth","low_coverage_style_repair","published","high","Artista curado para Big Room Techno; artista exato, gravação e prévia verificados no Deezer."
"big_room_techno","Eli Brown","Electrify","Electrify","","https://cdnt-preview.dzcdn.net/api/1/1/7/b/1/0/7b1d4530797a13be78e4246c9c27cef1.mp3?hdnea=exp=1787243694~acl=/api/1/1/7/b/1/0/7b1d4530797a13be78e4246c9c27cef1.mp3*~data=user_id=0,application_id=42~hmac=54ae6d80b199e62f59a66ce72f4e8ffad58613d833bb1a5dca185836c75e17e3","","156","","","","Big Room Techno","Eli Brown foi curado para ampliar a diversidade reproduzível de Big Room Techno.","low_coverage_subgenre_expansion_v21_20260820","","https://www.deezer.com/track/4059550011","https://www.deezer.com/track/4059550011","4059550011","https://www.deezer.com/track/4059550011","https://cdn-images.dzcdn.net/images/cover/cd437845308fdcd246a6baf3c84126ef/500x500-000000-80-0-0.jpg","","verified_low_coverage_subgenre_depth","big_room_techno;Big Room Techno;curated_artist;playable_depth;low_coverage_subgenre_expansion_v21_20260820","catalog_depth","low_coverage_style_repair","published","high","Artista curado para Big Room Techno; artista exato, gravação e prévia verificados no Deezer."
"big_room_techno","Eli Brown","When I Push","When I Push (Edit)","","https://cdnt-preview.dzcdn.net/api/1/1/b/5/4/0/b5436ad706bf41b5c07df9e8719dbf05.mp3?hdnea=exp=1787243694~acl=/api/1/1/b/5/4/0/b5436ad706bf41b5c07df9e8719dbf05.mp3*~data=user_id=0,application_id=42~hmac=f4048f3b630536315ba32af50f234aedcb96632ce3863bbf4d848eda254ce4b3","","213","","","","Big Room Techno","Eli Brown foi curado para ampliar a diversidade reproduzível de Big Room Techno.","low_coverage_subgenre_expansion_v21_20260820","","https://www.deezer.com/track/2607302922","https://www.deezer.com/track/2607302922","3145677491","https://www.deezer.com/track/3145677491","https://cdn-images.dzcdn.net/images/cover/828cd4f38f7b0c1cbd552e2d1fd21cf5/500x500-000000-80-0-0.jpg","","verified_low_coverage_subgenre_depth","big_room_techno;Big Room Techno;curated_artist;playable_depth;low_coverage_subgenre_expansion_v21_20260820;deezer_verified","catalog_depth","low_coverage_style_repair","published","high","Artista curado para Big Room Techno; artista exato, gravação e prévia verificados em Deezer."
"big_room_techno","Space 92","Dimension","Dimension - Single","","https://audio-ssl.itunes.apple.com/itunes-assets/AudioPreview211/v4/9e/4d/82/9e4d822a-530f-845b-6f4e-b4d9a9826c32/mzaf_434711839095098517.plus.aac.p.m4a","2026-03-27","228","","","","Big Room Techno","Space 92 foi curado para ampliar a diversidade reproduzível de Big Room Techno.","low_coverage_subgenre_expansion_v21_20260820","","https://music.apple.com/us/album/dimension/1883062903?i=1883062904&uo=4","https://music.apple.com/us/album/dimension/1883062903?i=1883062904&uo=4","3885619571","https://www.deezer.com/track/3885619571","https://is1-ssl.mzstatic.com/image/thumb/Music211/v4/35/fb/3a/35fb3a41-2466-8554-c8b5-636e25277a22/cover.jpg/600x600bb.jpg","","verified_low_coverage_subgenre_depth","big_room_techno;Big Room Techno;curated_artist;playable_depth;low_coverage_subgenre_expansion_v21_20260820;itunes_verified;deezer_verified","catalog_depth","low_coverage_style_repair","published","high","Artista curado para Big Room Techno; artista exato, gravação e prévia verificados em Apple Music e Deezer."
"big_room_techno","Space 92","Formula Loca","Formula Loca","","https://cdnt-preview.dzcdn.net/api/1/1/d/d/a/0/dda960bb49c4677d285b5f03ea929ed2.mp3?hdnea=exp=1787243696~acl=/api/1/1/d/d/a/0/dda960bb49c4677d285b5f03ea929ed2.mp3*~data=user_id=0,application_id=42~hmac=85b9f88f489be0f2d15ccb3969734f99e8cca2463419ce45e4ed810555472866","","230","","","","Big Room Techno","Space 92 foi curado para ampliar a diversidade reproduzível de Big Room Techno.","low_coverage_subgenre_expansion_v21_20260820","","https://www.deezer.com/track/3358144281","https://www.deezer.com/track/3358144281","3358144281","https://www.deezer.com/track/3358144281","https://cdn-images.dzcdn.net/images/cover/91cfd37085b1b5468822b7a8ecf7ad59/500x500-000000-80-0-0.jpg","","verified_low_coverage_subgenre_depth","big_room_techno;Big Room Techno;curated_artist;playable_depth;low_coverage_subgenre_expansion_v21_20260820","catalog_depth","low_coverage_style_repair","published","high","Artista curado para Big Room Techno; artista exato, gravação e prévia verificados no Deezer."
"big_room_techno","Space 92","Orion","Orion","","https://cdnt-preview.dzcdn.net/api/1/1/9/3/9/0/9393dc073ea626bb8cfccd2421578839.mp3?hdnea=exp=1787243696~acl=/api/1/1/9/3/9/0/9393dc073ea626bb8cfccd2421578839.mp3*~data=user_id=0,application_id=42~hmac=3db949b148a29f48690b86b1bf5c723cdb513912d8f1e5bf42f842da5f70bd16","","201","","","","Big Room Techno","Space 92 foi curado para ampliar a diversidade reproduzível de Big Room Techno.","low_coverage_subgenre_expansion_v21_20260820","","https://www.deezer.com/track/2960515231","https://www.deezer.com/track/2960515231","2960515231","https://www.deezer.com/track/2960515231","https://cdn-images.dzcdn.net/images/cover/b5702b9fcf839877752e15007da97bf4/500x500-000000-80-0-0.jpg","","verified_low_coverage_subgenre_depth","big_room_techno;Big Room Techno;curated_artist;playable_depth;low_coverage_subgenre_expansion_v21_20260820","catalog_depth","low_coverage_style_repair","published","high","Artista curado para Big Room Techno; artista exato, gravação e prévia verificados no Deezer."
"big_room_techno","Space 92","Proton","Proton","","https://cdnt-preview.dzcdn.net/api/1/1/0/0/f/0/00fa1be97795bdc23547ef986f9e52ec.mp3?hdnea=exp=1787243696~acl=/api/1/1/0/0/f/0/00fa1be97795bdc23547ef986f9e52ec.mp3*~data=user_id=0,application_id=42~hmac=6543017712ab1bd0393b8d8bd7d1c1e5b5f89722c6ac335588a766b1b0ce2839","","190","","","","Big Room Techno","Space 92 foi curado para ampliar a diversidade reproduzível de Big Room Techno.","low_coverage_subgenre_expansion_v21_20260820","","https://www.deezer.com/track/4105790641","https://www.deezer.com/track/4105790641","4105790641","https://www.deezer.com/track/4105790641","https://cdn-images.dzcdn.net/images/cover/b149ea8c016ed07aa11d900261a9c12a/500x500-000000-80-0-0.jpg","","verified_low_coverage_subgenre_depth","big_room_techno;Big Room Techno;curated_artist;playable_depth;low_coverage_subgenre_expansion_v21_20260820","catalog_depth","low_coverage_style_repair","published","high","Artista curado para Big Room Techno; artista exato, gravação e prévia verificados no Deezer."
"big_room_techno","Will Sparks","Ah Yeah So What","Ah Yeah So What","","https://cdnt-preview.dzcdn.net/api/1/1/c/8/3/0/c8303b55b78bea93226707003cb79636.mp3?hdnea=exp=1787243699~acl=/api/1/1/c/8/3/0/c8303b55b78bea93226707003cb79636.mp3*~data=user_id=0,application_id=42~hmac=c94527cc53c833e621d939464339089df3d1602234ea10c64bb4a23785befaa9","","195","","","","Big Room Techno","Will Sparks foi curado para ampliar a diversidade reproduzível de Big Room Techno.","low_coverage_subgenre_expansion_v21_20260820","","https://www.deezer.com/track/2405945225","https://www.deezer.com/track/2405945225","105355286","https://www.deezer.com/track/105355286","https://cdn-images.dzcdn.net/images/cover/8766445b6b77c8e7cb03a8ed4c9e6bbc/500x500-000000-80-0-0.jpg","","verified_low_coverage_subgenre_depth","big_room_techno;Big Room Techno;curated_artist;playable_depth;low_coverage_subgenre_expansion_v21_20260820;deezer_verified","catalog_depth","low_coverage_style_repair","published","high","Artista curado para Big Room Techno; artista exato, gravação e prévia verificados em Deezer."
"big_room_techno","Will Sparks","Blow Your Mind","Blow Your Mind - Single","","https://audio-ssl.itunes.apple.com/itunes-assets/AudioPreview221/v4/52/3a/ec/523aec98-bfbf-d491-271b-bb30a8e3a9f1/mzaf_8316208455368820182.plus.aac.p.m4a","2023-06-16","285","","","","Big Room Techno","Will Sparks foi curado para ampliar a diversidade reproduzível de Big Room Techno.","low_coverage_subgenre_expansion_v21_20260820","","https://music.apple.com/us/album/blow-your-mind/1754520366?i=1754520368&uo=4","https://music.apple.com/us/album/blow-your-mind/1754520366?i=1754520368&uo=4","2854327872","https://www.deezer.com/track/2854327872","https://is1-ssl.mzstatic.com/image/thumb/Music211/v4/e6/4a/d3/e64ad3fd-3d6b-5038-1902-e30955a23e6f/196922480010.png/600x600bb.jpg","","verified_low_coverage_subgenre_depth","big_room_techno;Big Room Techno;curated_artist;playable_depth;low_coverage_subgenre_expansion_v21_20260820;itunes_verified;deezer_verified","catalog_depth","low_coverage_style_repair","published","high","Artista curado para Big Room Techno; artista exato, gravação e prévia verificados em Apple Music e Deezer."
"big_room_techno","Will Sparks","Disco Dancing","Disco Dancing - Single","","https://audio-ssl.itunes.apple.com/itunes-assets/AudioPreview211/v4/01/07/10/01071032-e2d9-0bca-070e-c6dffdf00ec2/mzaf_11668451668755165649.plus.aac.p.m4a","2020-02-07","210","","","","Big Room Techno","Will Sparks foi curado para ampliar a diversidade reproduzível de Big Room Techno.","low_coverage_subgenre_expansion_v21_20260820","","https://music.apple.com/us/album/disco-dancing/1754525320?i=1754525321&uo=4","https://music.apple.com/us/album/disco-dancing/1754525320?i=1754525321&uo=4","2854452122","https://www.deezer.com/track/2854452122","https://is1-ssl.mzstatic.com/image/thumb/Music221/v4/b7/b9/5e/b7b95ead-5a70-8ebe-f4ba-4f76ee1c5ae5/795397120973.png/600x600bb.jpg","","verified_low_coverage_subgenre_depth","big_room_techno;Big Room Techno;curated_artist;playable_depth;low_coverage_subgenre_expansion_v21_20260820;itunes_verified;deezer_verified","catalog_depth","low_coverage_style_repair","published","high","Artista curado para Big Room Techno; artista exato, gravação e prévia verificados em Apple Music e Deezer."
"big_room_techno","Will Sparks","Party Everyday","Party Everyday","","https://cdnt-preview.dzcdn.net/api/1/1/8/a/a/0/8aa40353449b66c45f70100a02a39d0b.mp3?hdnea=exp=1787243699~acl=/api/1/1/8/a/a/0/8aa40353449b66c45f70100a02a39d0b.mp3*~data=user_id=0,application_id=42~hmac=14f2181198aad0aaadcb467148f35a11350d733beb6a0a875fea8947d05f78cb","","162","","","","Big Room Techno","Will Sparks foi curado para ampliar a diversidade reproduzível de Big Room Techno.","low_coverage_subgenre_expansion_v21_20260820","","https://www.deezer.com/track/740969792","https://www.deezer.com/track/740969792","740969792","https://www.deezer.com/track/740969792","https://cdn-images.dzcdn.net/images/cover/aeecc9a08455778db214b66cc72373e1/500x500-000000-80-0-0.jpg","","verified_low_coverage_subgenre_depth","big_room_techno;Big Room Techno;curated_artist;playable_depth;low_coverage_subgenre_expansion_v21_20260820","catalog_depth","low_coverage_style_repair","published","high","Artista curado para Big Room Techno; artista exato, gravação e prévia verificados no Deezer."
"brostep","Doctor P","The Last Breakfast","The Last Breakfast","","https://cdnt-preview.dzcdn.net/api/1/1/1/a/0/0/1a0c5d58441f459cdce67f7529c5640d.mp3?hdnea=exp=1787243703~acl=/api/1/1/1/a/0/0/1a0c5d58441f459cdce67f7529c5640d.mp3*~data=user_id=0,application_id=42~hmac=d7be3ccde33c2512bf2928f2ef19a76733b1297c539b1887c12631f60bd19c34","","176","","","","Brostep","Doctor P foi curado para ampliar a diversidade reproduzível de Brostep.","low_coverage_subgenre_expansion_v21_20260820","","https://www.deezer.com/track/3883622201","https://www.deezer.com/track/3883622201","3883622201","https://www.deezer.com/track/3883622201","https://cdn-images.dzcdn.net/images/cover/56d2fb49f843b59ffc7b51840f856bca/500x500-000000-80-0-0.jpg","","verified_low_coverage_subgenre_depth","brostep;Brostep;curated_artist;playable_depth;low_coverage_subgenre_expansion_v21_20260820","catalog_depth","low_coverage_style_repair","published","high","Artista curado para Brostep; artista exato, gravação e prévia verificados no Deezer."
"brostep","Excision","A.F.B.1.","A.F.B.1.","","https://cdnt-preview.dzcdn.net/api/1/1/c/5/d/0/c5d3e3523a11b08a2c3184f49895667d.mp3?hdnea=exp=1787243700~acl=/api/1/1/c/5/d/0/c5d3e3523a11b08a2c3184f49895667d.mp3*~data=user_id=0,application_id=42~hmac=706e8b3ba2096720c5bc69dd45e0db8a366e8fb06115ba928f494ac0ec60e3f7","","183","","","","Brostep","Excision foi curado para ampliar a diversidade reproduzível de Brostep.","low_coverage_subgenre_expansion_v21_20260820","","https://www.deezer.com/track/3819124251","https://www.deezer.com/track/3819124251","3819124251","https://www.deezer.com/track/3819124251","https://cdn-images.dzcdn.net/images/cover/e27d32168816638ac55673799f47d0cb/500x500-000000-80-0-0.jpg","","verified_low_coverage_subgenre_depth","brostep;Brostep;curated_artist;playable_depth;low_coverage_subgenre_expansion_v21_20260820","catalog_depth","low_coverage_style_repair","published","high","Artista curado para Brostep; artista exato, gravação e prévia verificados no Deezer."
"brostep","Excision","Codename X","Codename X","","https://cdnt-preview.dzcdn.net/api/1/1/4/5/e/0/45e6eab703f05db2bfe66e1d457204f0.mp3?hdnea=exp=1787243700~acl=/api/1/1/4/5/e/0/45e6eab703f05db2bfe66e1d457204f0.mp3*~data=user_id=0,application_id=42~hmac=cd0b71e6471d51038c884f89b771d86007b4efbf06f70c9955c5f1a79993fb5e","","201","","","","Brostep","Excision foi curado para ampliar a diversidade reproduzível de Brostep.","low_coverage_subgenre_expansion_v21_20260820","","https://www.deezer.com/track/94625976","https://www.deezer.com/track/94625976","94625976","https://www.deezer.com/track/94625976","https://cdn-images.dzcdn.net/images/cover/21e04800126291ba00569dec2218f144/500x500-000000-80-0-0.jpg","","verified_low_coverage_subgenre_depth","brostep;Brostep;curated_artist;playable_depth;low_coverage_subgenre_expansion_v21_20260820","catalog_depth","low_coverage_style_repair","published","high","Artista curado para Brostep; artista exato, gravação e prévia verificados no Deezer."
"brostep","Excision","Gold (Stupid Love)","Gold (Stupid Love)","","https://cdnt-preview.dzcdn.net/api/1/1/1/3/d/0/13debf8b886272eef28a68496928e7a3.mp3?hdnea=exp=1787243700~acl=/api/1/1/1/3/d/0/13debf8b886272eef28a68496928e7a3.mp3*~data=user_id=0,application_id=42~hmac=19d9d69372a79c7697243b4bfaaedb5a9f186e64d3321f6ce4224c349406595a","","295","","","","Brostep","Excision foi curado para ampliar a diversidade reproduzível de Brostep.","low_coverage_subgenre_expansion_v21_20260820","","https://www.deezer.com/track/525743142","https://www.deezer.com/track/525743142","525743142","https://www.deezer.com/track/525743142","https://cdn-images.dzcdn.net/images/cover/dcac55a0290e614deb9024c56edea818/500x500-000000-80-0-0.jpg","","verified_low_coverage_subgenre_depth","brostep;Brostep;curated_artist;playable_depth;low_coverage_subgenre_expansion_v21_20260820","catalog_depth","low_coverage_style_repair","published","high","Artista curado para Brostep; artista exato, gravação e prévia verificados no Deezer."
"brostep","Excision","Rise","Rise","","https://cdnt-preview.dzcdn.net/api/1/1/d/6/8/0/d68ea3f7e7f68663ea5e4d1fe35a24f0.mp3?hdnea=exp=1787243700~acl=/api/1/1/d/6/8/0/d68ea3f7e7f68663ea5e4d1fe35a24f0.mp3*~data=user_id=0,application_id=42~hmac=2a805f6ad3c5a9f4250dde273853dbc84b96eb1745147ae4700589d968815584","","222","","","","Brostep","Excision foi curado para ampliar a diversidade reproduzível de Brostep.","low_coverage_subgenre_expansion_v21_20260820","","https://www.deezer.com/track/2044778677","https://www.deezer.com/track/2044778677","2044778677","https://www.deezer.com/track/2044778677","https://cdn-images.dzcdn.net/images/cover/daf8152b26f0c02173047cb98762141a/500x500-000000-80-0-0.jpg","","verified_low_coverage_subgenre_depth","brostep;Brostep;curated_artist;playable_depth;low_coverage_subgenre_expansion_v21_20260820","catalog_depth","low_coverage_style_repair","published","high","Artista curado para Brostep; artista exato, gravação e prévia verificados no Deezer."
"brostep","Flux Pavilion","Bass Cannon (Flux's Version)","Bass Cannon (Flux's Version) - Single","","https://audio-ssl.itunes.apple.com/itunes-assets/AudioPreview221/v4/28/5d/22/285d2265-9ac0-bbe2-b1f2-a415274fc201/mzaf_13570072694367418901.plus.aac.p.m4a","2011-01-05","308","","","","Brostep","Flux Pavilion foi curado para ampliar a diversidade reproduzível de Brostep.","low_coverage_subgenre_expansion_v21_20260820","","https://music.apple.com/us/album/bass-cannon-fluxs-version/1839209085?i=1839209086&uo=4","https://music.apple.com/us/album/bass-cannon-fluxs-version/1839209085?i=1839209086&uo=4","4060133951","https://www.deezer.com/track/4060133951","https://is1-ssl.mzstatic.com/image/thumb/Music221/v4/f5/33/a6/f533a682-73cd-d361-b37d-ce70baba2ebc/5060963265897.png/600x600bb.jpg","","verified_low_coverage_subgenre_depth","brostep;Brostep;curated_artist;playable_depth;low_coverage_subgenre_expansion_v21_20260820;itunes_verified;deezer_verified","catalog_depth","low_coverage_style_repair","published","high","Artista curado para Brostep; artista exato, gravação e prévia verificados em Apple Music e Deezer."
"brostep","Flux Pavilion","Cracks Begin To Show","Cracks Begin To Show","","https://cdnt-preview.dzcdn.net/api/1/1/6/0/8/0/608b99a0f1ae8c84dcd20d42bf6d2b95.mp3?hdnea=exp=1787243703~acl=/api/1/1/6/0/8/0/608b99a0f1ae8c84dcd20d42bf6d2b95.mp3*~data=user_id=0,application_id=42~hmac=5641adaf8229c30ecec1aada2c49215cdcf322380d8d5f7ca0ea244c8d361ed9","","198","","","","Brostep","Flux Pavilion foi curado para ampliar a diversidade reproduzível de Brostep.","low_coverage_subgenre_expansion_v21_20260820","","https://www.deezer.com/track/4203329152","https://www.deezer.com/track/4203329152","4203329152","https://www.deezer.com/track/4203329152","https://cdn-images.dzcdn.net/images/cover/54b5c200694c92ce428da6212ea16efc/500x500-000000-80-0-0.jpg","","verified_low_coverage_subgenre_depth","brostep;Brostep;curated_artist;playable_depth;low_coverage_subgenre_expansion_v21_20260820","catalog_depth","low_coverage_style_repair","published","high","Artista curado para Brostep; artista exato, gravação e prévia verificados no Deezer."
"brostep","Flux Pavilion","I Still Can't Stop","Blow the Roof","","https://audio-ssl.itunes.apple.com/itunes-assets/AudioPreview211/v4/75/63/b6/7563b686-4d22-8c3d-44ab-7111b8a3c1c4/mzaf_8049298074312218960.plus.aac.p.m4a","2013-01-25","256","","","","Brostep","Flux Pavilion foi curado para ampliar a diversidade reproduzível de Brostep.","low_coverage_subgenre_expansion_v21_20260820","","https://music.apple.com/us/album/i-still-cant-stop/593333035?i=593333042&uo=4","https://music.apple.com/us/album/i-still-cant-stop/593333035?i=593333042&uo=4","63456305","https://www.deezer.com/track/63456305","https://is1-ssl.mzstatic.com/image/thumb/Music115/v4/af/fe/b9/affeb932-0106-109e-20ad-21688a1b6f56/825646474752.jpg/600x600bb.jpg","","verified_low_coverage_subgenre_depth","brostep;Brostep;curated_artist;playable_depth;low_coverage_subgenre_expansion_v21_20260820;itunes_verified;deezer_verified","catalog_depth","low_coverage_style_repair","published","high","Artista curado para Brostep; artista exato, gravação e prévia verificados em Apple Music e Deezer."
"brostep","Flux Pavilion","International Anthem","Excision 2015 Mix Compilation","","https://cdnt-preview.dzcdn.net/api/1/1/4/b/6/0/4b689c7183f7c9810531ae582b369061.mp3?hdnea=exp=1787243703~acl=/api/1/1/4/b/6/0/4b689c7183f7c9810531ae582b369061.mp3*~data=user_id=0,application_id=42~hmac=bf0745b7c293587ec8061bfc08d78c180240a91514d7742f20b35a4bbd800424","","239","","","","Brostep","Flux Pavilion foi curado para ampliar a diversidade reproduzível de Brostep.","low_coverage_subgenre_expansion_v21_20260820","","https://www.deezer.com/track/107416310","https://www.deezer.com/track/107416310","107416310","https://www.deezer.com/track/107416310","https://cdn-images.dzcdn.net/images/cover/d30c84b7f034c4065011cd0aab8bd9f0/500x500-000000-80-0-0.jpg","","verified_low_coverage_subgenre_depth","brostep;Brostep;curated_artist;playable_depth;low_coverage_subgenre_expansion_v21_20260820","catalog_depth","low_coverage_style_repair","published","high","Artista curado para Brostep; artista exato, gravação e prévia verificados no Deezer."
"chicago_house","Farley Jackmaster Funk","Give Yourself to Me","Farley ""Jackmaster"" Funk","","https://cdnt-preview.dzcdn.net/api/1/1/1/f/4/0/1f4dc8d227f11137ec7c6f769445d085.mp3?hdnea=exp=1787244006~acl=/api/1/1/1/f/4/0/1f4dc8d227f11137ec7c6f769445d085.mp3*~data=user_id=0,application_id=42~hmac=8af5f1c60263564047cf413edfcaaa69837b490d250c378f4785d140bf41bb79","","248","","","","Chicago House","Farley Jackmaster Funk foi curado para ampliar a diversidade reproduzível de Chicago House.","low_coverage_subgenre_expansion_v21_20260820","","https://www.deezer.com/track/1600917552","https://www.deezer.com/track/1600917552","1600917552","https://www.deezer.com/track/1600917552","https://cdn-images.dzcdn.net/images/cover/bb85a305726acee353fbf6d0d398e8ba/500x500-000000-80-0-0.jpg","","verified_low_coverage_subgenre_depth","chicago_house;Chicago House;curated_artist;playable_depth;low_coverage_subgenre_expansion_v21_20260820","catalog_depth","low_coverage_style_repair","published","high","Artista curado para Chicago House; artista exato, gravação e prévia verificados no Deezer."
"chicago_house","Farley Jackmaster Funk","I Need a Friend","Farley ""Jackmaster"" Funk","","https://cdnt-preview.dzcdn.net/api/1/1/1/5/a/0/15a10883a618c4f30dc5be8fa585923f.mp3?hdnea=exp=1787244006~acl=/api/1/1/1/5/a/0/15a10883a618c4f30dc5be8fa585923f.mp3*~data=user_id=0,application_id=42~hmac=05b672326bfab7cd77e7975b767aa24534525ee72490513ed545697adaed2579","","365","","","","Chicago House","Farley Jackmaster Funk foi curado para ampliar a diversidade reproduzível de Chicago House.","low_coverage_subgenre_expansion_v21_20260820","","https://www.deezer.com/track/1600917652","https://www.deezer.com/track/1600917652","1600917652","https://www.deezer.com/track/1600917652","https://cdn-images.dzcdn.net/images/cover/bb85a305726acee353fbf6d0d398e8ba/500x500-000000-80-0-0.jpg","","verified_low_coverage_subgenre_depth","chicago_house;Chicago House;curated_artist;playable_depth;low_coverage_subgenre_expansion_v21_20260820","catalog_depth","low_coverage_style_repair","published","high","Artista curado para Chicago House; artista exato, gravação e prévia verificados no Deezer."
"chicago_house","Farley Jackmaster Funk","Jack the Bass (Gettoblaster Remix)","Jack The Bass (Remixes) - EP","","https://audio-ssl.itunes.apple.com/itunes-assets/AudioPreview128/v4/5c/b7/ce/5cb7ce89-f970-5271-2f1a-615ca2aae582/mzaf_5064717114612632457.plus.aac.p.m4a","2015-05-01","404","","","","Chicago House","Farley Jackmaster Funk foi curado para ampliar a diversidade reproduzível de Chicago House.","low_coverage_subgenre_expansion_v21_20260820","","https://music.apple.com/us/album/jack-the-bass-gettoblaster-remix/1421484534?i=1421484829&uo=4","https://music.apple.com/us/album/jack-the-bass-gettoblaster-remix/1421484534?i=1421484829&uo=4","","","https://is1-ssl.mzstatic.com/image/thumb/Music118/v4/2a/b1/37/2ab137b6-cb05-f767-538a-f1495df83d65/889845526513.jpg/600x600bb.jpg","","verified_low_coverage_subgenre_depth","chicago_house;Chicago House;curated_artist;playable_depth;low_coverage_subgenre_expansion_v21_20260820","catalog_depth","low_coverage_style_repair","published","high","Artista curado para Chicago House; artista exato, gravação e prévia verificados no Apple Music."
"chicago_house","Farley Jackmaster Funk","Jackin' the Bass","Farley ""Jackmaster"" Funk","","https://cdnt-preview.dzcdn.net/api/1/1/5/6/1/0/56126983f5ec9a16c268e244fc58f503.mp3?hdnea=exp=1787244006~acl=/api/1/1/5/6/1/0/56126983f5ec9a16c268e244fc58f503.mp3*~data=user_id=0,application_id=42~hmac=9c8ecd201067b995a11262c2eb1f96f1201d78d4b65ee3ad5901481a93a9db7e","","444","","","","Chicago House","Farley Jackmaster Funk foi curado para ampliar a diversidade reproduzível de Chicago House.","low_coverage_subgenre_expansion_v21_20260820","","https://www.deezer.com/track/1600917622","https://www.deezer.com/track/1600917622","1600917622","https://www.deezer.com/track/1600917622","https://cdn-images.dzcdn.net/images/cover/bb85a305726acee353fbf6d0d398e8ba/500x500-000000-80-0-0.jpg","","verified_low_coverage_subgenre_depth","chicago_house;Chicago House;curated_artist;playable_depth;low_coverage_subgenre_expansion_v21_20260820","catalog_depth","low_coverage_style_repair","published","high","Artista curado para Chicago House; artista exato, gravação e prévia verificados no Deezer."
"chicago_house","Larry Heard","Can You Feel It","Can You Feel It","","https://cdnt-preview.dzcdn.net/api/1/1/6/9/3/0/6938e1b00dee7a93a8b7c6facdf85141.mp3?hdnea=exp=1787243706~acl=/api/1/1/6/9/3/0/6938e1b00dee7a93a8b7c6facdf85141.mp3*~data=user_id=0,application_id=42~hmac=0f621a85e893859f84ea8f40f1b1ccc7fda59f5f341fc0fdb202a226c6ade8d0","","353","","","","Chicago House","Larry Heard foi curado para ampliar a diversidade reproduzível de Chicago House.","low_coverage_subgenre_expansion_v21_20260820","","https://www.deezer.com/track/3118726251","https://www.deezer.com/track/3118726251","3118726241","https://www.deezer.com/track/3118726241","https://cdn-images.dzcdn.net/images/cover/10aae559e2bc6cd72957a39a2d129122/500x500-000000-80-0-0.jpg","","verified_low_coverage_subgenre_depth","chicago_house;Chicago House;curated_artist;playable_depth;low_coverage_subgenre_expansion_v21_20260820;deezer_verified","catalog_depth","low_coverage_style_repair","published","high","Artista curado para Chicago House; artista exato, gravação e prévia verificados em Deezer."
"chicago_house","Larry Heard","Faint Object Detection","Alien","","https://cdnt-preview.dzcdn.net/api/1/1/4/9/7/0/497a48b6102b9d191e9e4cfb1462bdcb.mp3?hdnea=exp=1787243706~acl=/api/1/1/4/9/7/0/497a48b6102b9d191e9e4cfb1462bdcb.mp3*~data=user_id=0,application_id=42~hmac=7d2543e03f388cf706a2d4a06de16396594dbe4c495943ed6af34b14724f17fb","","275","","","","Chicago House","Larry Heard foi curado para ampliar a diversidade reproduzível de Chicago House.","low_coverage_subgenre_expansion_v21_20260820","","https://www.deezer.com/track/518019122","https://www.deezer.com/track/518019122","518019122","https://www.deezer.com/track/518019122","https://cdn-images.dzcdn.net/images/cover/1107ac5e45776ab71951174f64faf16b/500x500-000000-80-0-0.jpg","","verified_low_coverage_subgenre_depth","chicago_house;Chicago House;curated_artist;playable_depth;low_coverage_subgenre_expansion_v21_20260820","catalog_depth","low_coverage_style_repair","published","high","Artista curado para Chicago House; artista exato, gravação e prévia verificados no Deezer."
"chicago_house","Larry Heard","Missing You (Jazz Cafe Mix)","Missing You","","https://cdnt-preview.dzcdn.net/api/1/1/5/5/3/0/553859ced3bf0eba564184c5a4ebfb4c.mp3?hdnea=exp=1787243706~acl=/api/1/1/5/5/3/0/553859ced3bf0eba564184c5a4ebfb4c.mp3*~data=user_id=0,application_id=42~hmac=8f1707a0c4497c80afdf0b67d5c56ba86262717cf472b35983c3bccfd58adafc","","450","","","","Chicago House","Larry Heard foi curado para ampliar a diversidade reproduzível de Chicago House.","low_coverage_subgenre_expansion_v21_20260820","","https://www.deezer.com/track/395873772","https://www.deezer.com/track/395873772","395873772","https://www.deezer.com/track/395873772","https://cdn-images.dzcdn.net/images/cover/6d2ccd7c2c134c3d595c9cdf424ce38c/500x500-000000-80-0-0.jpg","","verified_low_coverage_subgenre_depth","chicago_house;Chicago House;curated_artist;playable_depth;low_coverage_subgenre_expansion_v21_20260820","catalog_depth","low_coverage_style_repair","published","high","Artista curado para Chicago House; artista exato, gravação e prévia verificados no Deezer."
"chicago_house","Larry Heard","The Sun Can't Compare (Long Version)","E.P.","","https://cdnt-preview.dzcdn.net/api/1/1/c/8/3/0/c83932d89160a9920f78643ac8099639.mp3?hdnea=exp=1787243706~acl=/api/1/1/c/8/3/0/c83932d89160a9920f78643ac8099639.mp3*~data=user_id=0,application_id=42~hmac=7b6812dd7cfe68b6cbd983675a5251a3076691537167ab89c52ded26a9ebda0c","","467","","","","Chicago House","Larry Heard foi curado para ampliar a diversidade reproduzível de Chicago House.","low_coverage_subgenre_expansion_v21_20260820","","https://www.deezer.com/track/395875972","https://www.deezer.com/track/395875972","71432388","https://www.deezer.com/track/71432388","https://cdn-images.dzcdn.net/images/cover/e95ba9ef2456ba3cb5887646bde2560d/500x500-000000-80-0-0.jpg","","verified_low_coverage_subgenre_depth","chicago_house;Chicago House;curated_artist;playable_depth;low_coverage_subgenre_expansion_v21_20260820;deezer_verified","catalog_depth","low_coverage_style_repair","published","high","Artista curado para Chicago House; artista exato, gravação e prévia verificados em Deezer."
"chicago_house","Phuture","Acid Tracks","Acid Tracks - EP","","https://audio-ssl.itunes.apple.com/itunes-assets/AudioPreview126/v4/bd/bf/05/bdbf0516-b75f-7287-7595-4c15a7f51bcc/mzaf_15991623178857630268.plus.aac.p.m4a","1986-01-01","745","","","","Chicago House","Phuture foi curado para ampliar a diversidade reproduzível de Chicago House.","low_coverage_subgenre_expansion_v21_20260820","","https://music.apple.com/us/album/acid-tracks/1601915535?i=1601915545&uo=4","https://music.apple.com/us/album/acid-tracks/1601915535?i=1601915545&uo=4","","","https://is1-ssl.mzstatic.com/image/thumb/Music126/v4/ac/47/9e/ac479e16-7c7d-a903-bc47-4adbd105c322/196626149794.jpg/600x600bb.jpg","","verified_low_coverage_subgenre_depth","chicago_house;Chicago House;curated_artist;playable_depth;low_coverage_subgenre_expansion_v21_20260820;itunes_verified","catalog_depth","low_coverage_style_repair","published","high","Artista curado para Chicago House; artista exato, gravação e prévia verificados em Apple Music."
"chicago_house","Phuture","Inside Out","Inside Out","","https://cdnt-preview.dzcdn.net/api/1/1/8/1/e/0/81e3fe2fec5ed75b7523cfcf94dd07f2.mp3?hdnea=exp=1787243711~acl=/api/1/1/8/1/e/0/81e3fe2fec5ed75b7523cfcf94dd07f2.mp3*~data=user_id=0,application_id=42~hmac=6547afde92943297bcb7a0df208a3f10b93c9136605ff9080f95059a033d01d6","","588","","","","Chicago House","Phuture foi curado para ampliar a diversidade reproduzível de Chicago House.","low_coverage_subgenre_expansion_v21_20260820","","https://www.deezer.com/track/3703727322","https://www.deezer.com/track/3703727322","3703727322","https://www.deezer.com/track/3703727322","https://cdn-images.dzcdn.net/images/cover/b766a3af0e31cc2eb62e7b2042791ded/500x500-000000-80-0-0.jpg","","verified_low_coverage_subgenre_depth","chicago_house;Chicago House;curated_artist;playable_depth;low_coverage_subgenre_expansion_v21_20260820","catalog_depth","low_coverage_style_repair","published","high","Artista curado para Chicago House; artista exato, gravação e prévia verificados no Deezer."
"chicago_house","Phuture","Rise from Your Grave","Rise from Your Grave","","https://cdnt-preview.dzcdn.net/api/1/1/a/a/6/0/aa669da0c5ed31375592fb8d3d350b7e.mp3?hdnea=exp=1787243711~acl=/api/1/1/a/a/6/0/aa669da0c5ed31375592fb8d3d350b7e.mp3*~data=user_id=0,application_id=42~hmac=10e890473b4ac32077fda9e7f65d7938a18c3bb5b43d35fb5c47f07a48d52d55","","328","","","","Chicago House","Phuture foi curado para ampliar a diversidade reproduzível de Chicago House.","low_coverage_subgenre_expansion_v21_20260820","","https://www.deezer.com/track/3704898612","https://www.deezer.com/track/3704898612","3704898612","https://www.deezer.com/track/3704898612","https://cdn-images.dzcdn.net/images/cover/f0da5956789a6d13f6a0e7cb0c591c79/500x500-000000-80-0-0.jpg","","verified_low_coverage_subgenre_depth","chicago_house;Chicago House;curated_artist;playable_depth;low_coverage_subgenre_expansion_v21_20260820","catalog_depth","low_coverage_style_repair","published","high","Artista curado para Chicago House; artista exato, gravação e prévia verificados no Deezer."
"chicago_house","Phuture","Spank Spank","We Are Phuture - Single","","https://audio-ssl.itunes.apple.com/itunes-assets/AudioPreview122/v4/71/4c/21/714c211b-486a-3a3f-f633-c73fe5a485b0/mzaf_18150357412388978996.plus.aac.p.m4a","1988-01-01","300","","","","Chicago House","Phuture foi curado para ampliar a diversidade reproduzível de Chicago House.","low_coverage_subgenre_expansion_v21_20260820","","https://music.apple.com/us/album/spank-spank/1601915280?i=1601915544&uo=4","https://music.apple.com/us/album/spank-spank/1601915280?i=1601915544&uo=4","84638287","https://www.deezer.com/track/84638287","https://is1-ssl.mzstatic.com/image/thumb/Music126/v4/db/f1/20/dbf1208a-9f7c-5b15-929e-61947b316fb4/196626202888.jpg/600x600bb.jpg","","verified_low_coverage_subgenre_depth","chicago_house;Chicago House;curated_artist;playable_depth;low_coverage_subgenre_expansion_v21_20260820;itunes_verified;deezer_verified","catalog_depth","low_coverage_style_repair","published","high","Artista curado para Chicago House; artista exato, gravação e prévia verificados em Apple Music e Deezer."
"chillout","Biosphere","Cloud X-3","Seti Project","","https://cdnt-preview.dzcdn.net/api/1/1/7/2/8/0/728ab430417dda33e8c1744a06d36050.mp3?hdnea=exp=1787244158~acl=/api/1/1/7/2/8/0/728ab430417dda33e8c1744a06d36050.mp3*~data=user_id=0,application_id=42~hmac=a47b8546e062d7b9a7205223aeaf4b3c4356903cb888e916d70dcc6528b1f96f","","376","","","","Chillout","Biosphere foi curado para ampliar a diversidade reproduzível de Chillout.","low_coverage_subgenre_expansion_v21_20260820","","https://www.deezer.com/track/125042396","https://www.deezer.com/track/125042396","125042396","https://www.deezer.com/track/125042396","https://cdn-images.dzcdn.net/images/cover/8a9477084df80e0b0ed01181e603d95a/500x500-000000-80-0-0.jpg","","verified_low_coverage_subgenre_depth","chillout;Chillout;curated_artist;playable_depth;low_coverage_subgenre_expansion_v21_20260820","catalog_depth","low_coverage_style_repair","published","high","Artista curado para Chillout; artista exato, gravação e prévia verificados no Deezer."
"chillout","Biosphere","Seti Project","Seti Project","","https://cdnt-preview.dzcdn.net/api/1/1/a/2/7/0/a277f520c90fa0d3aa39418aa9898b81.mp3?hdnea=exp=1787244158~acl=/api/1/1/a/2/7/0/a277f520c90fa0d3aa39418aa9898b81.mp3*~data=user_id=0,application_id=42~hmac=9702cecb4ad255abf8592317510bfcd9c6664a213ef0725d3edcf79c44420241","","389","","","","Chillout","Biosphere foi curado para ampliar a diversidade reproduzível de Chillout.","low_coverage_subgenre_expansion_v21_20260820","","https://www.deezer.com/track/125042394","https://www.deezer.com/track/125042394","125042394","https://www.deezer.com/track/125042394","https://cdn-images.dzcdn.net/images/cover/8a9477084df80e0b0ed01181e603d95a/500x500-000000-80-0-0.jpg","","verified_low_coverage_subgenre_depth","chillout;Chillout;curated_artist;playable_depth;low_coverage_subgenre_expansion_v21_20260820","catalog_depth","low_coverage_style_repair","published","high","Artista curado para Chillout; artista exato, gravação e prévia verificados no Deezer."
"chillout","Biosphere","The Fairytale","Seti Project","","https://cdnt-preview.dzcdn.net/api/1/1/2/d/5/0/2d53d02c5e75f8e9df57da86d878edec.mp3?hdnea=exp=1787244158~acl=/api/1/1/2/d/5/0/2d53d02c5e75f8e9df57da86d878edec.mp3*~data=user_id=0,application_id=42~hmac=002b2f162e85da81167961146f8f8539c03f93c88186312df186aa92ad92971b","","359","","","","Chillout","Biosphere foi curado para ampliar a diversidade reproduzível de Chillout.","low_coverage_subgenre_expansion_v21_20260820","","https://www.deezer.com/track/125042392","https://www.deezer.com/track/125042392","125042392","https://www.deezer.com/track/125042392","https://cdn-images.dzcdn.net/images/cover/8a9477084df80e0b0ed01181e603d95a/500x500-000000-80-0-0.jpg","","verified_low_coverage_subgenre_depth","chillout;Chillout;curated_artist;playable_depth;low_coverage_subgenre_expansion_v21_20260820","catalog_depth","low_coverage_style_repair","published","high","Artista curado para Chillout; artista exato, gravação e prévia verificados no Deezer."
"chillout","Zero 7","In the Waiting Line","Simple Things","","https://audio-ssl.itunes.apple.com/itunes-assets/AudioPreview115/v4/27/db/01/27db01db-25a9-d0c2-da1e-0422a59d0c56/mzaf_2152883201285186794.plus.aac.p.m4a","2001-04-23","272","","","","Chillout","Zero 7 foi curado para ampliar a diversidade reproduzível de Chillout.","low_coverage_subgenre_expansion_v21_20260820","","https://music.apple.com/us/album/in-the-waiting-line/2582275?i=2582215&uo=4","https://music.apple.com/us/album/in-the-waiting-line/2582275?i=2582215&uo=4","3366891391","https://www.deezer.com/track/3366891391","https://is1-ssl.mzstatic.com/image/thumb/Music/y2003/m09/d19/h14/s03.jlrmggwr.jpg/600x600bb.jpg","","verified_low_coverage_subgenre_depth","chillout;Chillout;curated_artist;playable_depth;low_coverage_subgenre_expansion_v21_20260820;itunes_verified;deezer_verified","catalog_depth","low_coverage_style_repair","published","high","Artista curado para Chillout; artista exato, gravação e prévia verificados em Apple Music e Deezer."
"chillout","Zero 7","Swimmers","Swimmers","","https://cdnt-preview.dzcdn.net/api/1/1/8/c/e/0/8ce0d81ea39a01e5e5b755e236d39a62.mp3?hdnea=exp=1787243852~acl=/api/1/1/8/c/e/0/8ce0d81ea39a01e5e5b755e236d39a62.mp3*~data=user_id=0,application_id=42~hmac=52caac8946503d3a0bc773ba8b3db453106528493fffc0d1708d3082605da2f7","","237","","","","Chillout","Zero 7 foi curado para ampliar a diversidade reproduzível de Chillout.","low_coverage_subgenre_expansion_v21_20260820","","https://www.deezer.com/track/763450382","https://www.deezer.com/track/763450382","763450382","https://www.deezer.com/track/763450382","https://cdn-images.dzcdn.net/images/cover/0e2e65c1f33a4b714f57338bc05c919e/500x500-000000-80-0-0.jpg","","verified_low_coverage_subgenre_depth","chillout;Chillout;curated_artist;playable_depth;low_coverage_subgenre_expansion_v21_20260820","catalog_depth","low_coverage_style_repair","published","high","Artista curado para Chillout; artista exato, gravação e prévia verificados no Deezer."
"chillout","Zero 7","Throw It All Away","RECORD","","https://cdnt-preview.dzcdn.net/api/1/1/c/a/0/0/ca03b25d8fc38d42a8bfefdca6e3e984.mp3?hdnea=exp=1787243852~acl=/api/1/1/c/a/0/0/ca03b25d8fc38d42a8bfefdca6e3e984.mp3*~data=user_id=0,application_id=42~hmac=0c7024f2327ec9dee80f88f4290c10e70023d83165af2b240dfcc838f8821da7","","320","","","","Chillout","Zero 7 foi curado para ampliar a diversidade reproduzível de Chillout.","low_coverage_subgenre_expansion_v21_20260820","","https://www.deezer.com/track/3365247851","https://www.deezer.com/track/3365247851","3365247851","https://www.deezer.com/track/3365247851","https://cdn-images.dzcdn.net/images/cover/81e0f50c101b0144784c30396f6436b9/500x500-000000-80-0-0.jpg","","verified_low_coverage_subgenre_depth","chillout;Chillout;curated_artist;playable_depth;low_coverage_subgenre_expansion_v21_20260820","catalog_depth","low_coverage_style_repair","published","high","Artista curado para Chillout; artista exato, gravação e prévia verificados no Deezer."
"chillout","Zero 7","Warm Sound","When It Falls (Special Edition)","","https://cdnt-preview.dzcdn.net/api/1/1/e/9/9/0/e99d2a2f93bb2b1673a03e365c462b43.mp3?hdnea=exp=1787243852~acl=/api/1/1/e/9/9/0/e99d2a2f93bb2b1673a03e365c462b43.mp3*~data=user_id=0,application_id=42~hmac=8fb738e0e1e3a6c775ca8bbd9fda38e2124168aab534469ba91d8722803f1bf5","","329","","","","Chillout","Zero 7 foi curado para ampliar a diversidade reproduzível de Chillout.","low_coverage_subgenre_expansion_v21_20260820","","https://www.deezer.com/track/3373466131","https://www.deezer.com/track/3373466131","3373466131","https://www.deezer.com/track/3373466131","https://cdn-images.dzcdn.net/images/cover/cb0a30e21552cf7f539c1233c097b68d/500x500-000000-80-0-0.jpg","","verified_low_coverage_subgenre_depth","chillout;Chillout;curated_artist;playable_depth;low_coverage_subgenre_expansion_v21_20260820","catalog_depth","low_coverage_style_repair","published","high","Artista curado para Chillout; artista exato, gravação e prévia verificados no Deezer."
"chillstep","MitiS","Life","Touch - EP","","https://audio-ssl.itunes.apple.com/itunes-assets/AudioPreview115/v4/be/11/cb/be11cb9c-4748-64be-eb0d-d3d5dfc12e77/mzaf_786372147790824602.plus.aac.p.m4a","2014-07-08","295","","","","Chillstep","MitiS foi curado para ampliar a diversidade reproduzível de Chillstep.","low_coverage_subgenre_expansion_v21_20260820","","https://music.apple.com/us/album/life/891574198?i=891574207&uo=4","https://music.apple.com/us/album/life/891574198?i=891574207&uo=4","","","https://is1-ssl.mzstatic.com/image/thumb/Music124/v4/d2/85/29/d28529e1-cc46-a7f0-8c0f-f8d7f5480104/BORN1.jpg/600x600bb.jpg","","verified_low_coverage_subgenre_depth","chillstep;Chillstep;curated_artist;playable_depth;low_coverage_subgenre_expansion_v21_20260820","catalog_depth","low_coverage_style_repair","published","high","Artista curado para Chillstep; artista exato, gravação e prévia verificados no Apple Music."
"chillstep","MitiS","Mercy","Mercy","","https://cdnt-preview.dzcdn.net/api/1/1/d/3/4/0/d342eb01f47ac03b7be316387aa0abd7.mp3?hdnea=exp=1787243715~acl=/api/1/1/d/3/4/0/d342eb01f47ac03b7be316387aa0abd7.mp3*~data=user_id=0,application_id=42~hmac=b8a52cce9715e6d69c1fecf3105898ae29f32247d6b4a2868fe954a88fd8acad","","222","","","","Chillstep","MitiS foi curado para ampliar a diversidade reproduzível de Chillstep.","low_coverage_subgenre_expansion_v21_20260820","","https://www.deezer.com/track/2101303897","https://www.deezer.com/track/2101303897","2101303897","https://www.deezer.com/track/2101303897","https://cdn-images.dzcdn.net/images/cover/a7bb5021fcad61cd1beddce49ed0a596/500x500-000000-80-0-0.jpg","","verified_low_coverage_subgenre_depth","chillstep;Chillstep;curated_artist;playable_depth;low_coverage_subgenre_expansion_v21_20260820","catalog_depth","low_coverage_style_repair","published","high","Artista curado para Chillstep; artista exato, gravação e prévia verificados no Deezer."
"chillstep","MitiS","Moments (feat. Adara)","'til the End","","https://audio-ssl.itunes.apple.com/itunes-assets/AudioPreview116/v4/7b/22/3e/7b223ef2-de06-1568-d833-3a7468dfc053/mzaf_3058293620507169239.plus.aac.p.m4a","2017-12-11","278","","","","Chillstep","MitiS foi curado para ampliar a diversidade reproduzível de Chillstep.","low_coverage_subgenre_expansion_v21_20260820","","https://music.apple.com/us/album/moments-feat-adara/1701059497?i=1701059501&uo=4","https://music.apple.com/us/album/moments-feat-adara/1701059497?i=1701059501&uo=4","","","https://is1-ssl.mzstatic.com/image/thumb/Music116/v4/a5/9b/ef/a59bef2d-d781-7396-95c1-7d781b88d685/192641023088.png/600x600bb.jpg","","verified_low_coverage_subgenre_depth","chillstep;Chillstep;curated_artist;playable_depth;low_coverage_subgenre_expansion_v21_20260820","catalog_depth","low_coverage_style_repair","published","high","Artista curado para Chillstep; artista exato, gravação e prévia verificados no Apple Music."
"chillstep","MitiS","Take Me Back (feat. HYMNALS)","Through The Dark - EP","","https://audio-ssl.itunes.apple.com/itunes-assets/AudioPreview211/v4/b0/87/a6/b087a6f2-e1ca-1997-89ef-48de4c070fe9/mzaf_6021542807007793056.plus.aac.p.m4a","2026-03-13","220","","","","Chillstep","MitiS foi curado para ampliar a diversidade reproduzível de Chillstep.","low_coverage_subgenre_expansion_v21_20260820","","https://music.apple.com/us/album/take-me-back-feat-hymnals/1877885693?i=1877885697&uo=4","https://music.apple.com/us/album/take-me-back-feat-hymnals/1877885693?i=1877885697&uo=4","","","https://is1-ssl.mzstatic.com/image/thumb/Music211/v4/2b/f0/6b/2bf06b26-ffb8-65e0-f6d0-bbbf3117e4ef/656465050472_cover.jpg/600x600bb.jpg","","verified_low_coverage_subgenre_depth","chillstep;Chillstep;curated_artist;playable_depth;low_coverage_subgenre_expansion_v21_20260820","catalog_depth","low_coverage_style_repair","published","high","Artista curado para Chillstep; artista exato, gravação e prévia verificados no Apple Music."
"chillstep","Phaeleh","A Moment of Peace","Dark Sky","","https://cdnt-preview.dzcdn.net/api/1/1/a/4/a/0/a4ae008a7331b645b291def8f93cf7ed.mp3?hdnea=exp=1787243712~acl=/api/1/1/a/4/a/0/a4ae008a7331b645b291def8f93cf7ed.mp3*~data=user_id=0,application_id=42~hmac=e51ce8dd9c746682049e7117ce68d58b6444689c00c6363ecd2bfa36768e9350","","208","","","","Chillstep","Phaeleh foi curado para ampliar a diversidade reproduzível de Chillstep.","low_coverage_subgenre_expansion_v21_20260820","","https://www.deezer.com/track/3285641461","https://www.deezer.com/track/3285641461","3285641461","https://www.deezer.com/track/3285641461","https://cdn-images.dzcdn.net/images/cover/f9a4a3245bffef59d4f0ddd257b6a5ff/500x500-000000-80-0-0.jpg","","verified_low_coverage_subgenre_depth","chillstep;Chillstep;curated_artist;playable_depth;low_coverage_subgenre_expansion_v21_20260820","catalog_depth","low_coverage_style_repair","published","high","Artista curado para Chillstep; artista exato, gravação e prévia verificados no Deezer."
"chillstep","Phaeleh","Fracture","Dark Sky","","https://cdnt-preview.dzcdn.net/api/1/1/3/a/b/0/3abb48106eeeb61139d1067864ebad8a.mp3?hdnea=exp=1787243712~acl=/api/1/1/3/a/b/0/3abb48106eeeb61139d1067864ebad8a.mp3*~data=user_id=0,application_id=42~hmac=d1845f6a86eaeb4886ec2325ce6863bf2bba1fafb00a3a96aae2f0de8a71d373","","350","","","","Chillstep","Phaeleh foi curado para ampliar a diversidade reproduzível de Chillstep.","low_coverage_subgenre_expansion_v21_20260820","","https://www.deezer.com/track/3285641501","https://www.deezer.com/track/3285641501","3285641501","https://www.deezer.com/track/3285641501","https://cdn-images.dzcdn.net/images/cover/f9a4a3245bffef59d4f0ddd257b6a5ff/500x500-000000-80-0-0.jpg","","verified_low_coverage_subgenre_depth","chillstep;Chillstep;curated_artist;playable_depth;low_coverage_subgenre_expansion_v21_20260820","catalog_depth","low_coverage_style_repair","published","high","Artista curado para Chillstep; artista exato, gravação e prévia verificados no Deezer."
"chillstep","Phaeleh","One Chance","A New Day","","https://cdnt-preview.dzcdn.net/api/1/1/5/c/2/0/5c288c0144a99da53a6ac688fe1012fb.mp3?hdnea=exp=1787243712~acl=/api/1/1/5/c/2/0/5c288c0144a99da53a6ac688fe1012fb.mp3*~data=user_id=0,application_id=42~hmac=5bdcee4185d09fd1e616307a3dd573fee82c0b274328cebb81f48607fff29643","","309","","","","Chillstep","Phaeleh foi curado para ampliar a diversidade reproduzível de Chillstep.","low_coverage_subgenre_expansion_v21_20260820","","https://www.deezer.com/track/1921903477","https://www.deezer.com/track/1921903477","1921903477","https://www.deezer.com/track/1921903477","https://cdn-images.dzcdn.net/images/cover/5735f6d6d13357caf59c291c16078a26/500x500-000000-80-0-0.jpg","","verified_low_coverage_subgenre_depth","chillstep;Chillstep;curated_artist;playable_depth;low_coverage_subgenre_expansion_v21_20260820","catalog_depth","low_coverage_style_repair","published","high","Artista curado para Chillstep; artista exato, gravação e prévia verificados no Deezer."
"chillstep","Phaeleh","Velms","Dark Sky","","https://cdnt-preview.dzcdn.net/api/1/1/9/b/8/0/9b810b829e366e056c95f251de66696e.mp3?hdnea=exp=1787243712~acl=/api/1/1/9/b/8/0/9b810b829e366e056c95f251de66696e.mp3*~data=user_id=0,application_id=42~hmac=264577fa12bb4c982ade5ce8a5bb23a612f62960937ed9c5d4e3dce8d7a5bd96","","246","","","","Chillstep","Phaeleh foi curado para ampliar a diversidade reproduzível de Chillstep.","low_coverage_subgenre_expansion_v21_20260820","","https://www.deezer.com/track/3285641521","https://www.deezer.com/track/3285641521","3285641521","https://www.deezer.com/track/3285641521","https://cdn-images.dzcdn.net/images/cover/f9a4a3245bffef59d4f0ddd257b6a5ff/500x500-000000-80-0-0.jpg","","verified_low_coverage_subgenre_depth","chillstep;Chillstep;curated_artist;playable_depth;low_coverage_subgenre_expansion_v21_20260820","catalog_depth","low_coverage_style_repair","published","high","Artista curado para Chillstep; artista exato, gravação e prévia verificados no Deezer."
"chillstep","Synkro","Acceptance","Acceptance","","https://audio-ssl.itunes.apple.com/itunes-assets/AudioPreview125/v4/f9/69/3e/f9693e10-2d77-db88-b886-9c0880a329fe/mzaf_3907961717981273603.plus.aac.p.m4a","2013-01-27","286","","","","Chillstep","Synkro foi curado para ampliar a diversidade reproduzível de Chillstep.","low_coverage_subgenre_expansion_v21_20260820","","https://music.apple.com/us/album/acceptance/1185564036?i=1185564159&uo=4","https://music.apple.com/us/album/acceptance/1185564036?i=1185564159&uo=4","76629888","https://www.deezer.com/track/76629888","https://is1-ssl.mzstatic.com/image/thumb/Music122/v4/80/d3/d5/80d3d57d-5a88-c2b5-968b-006452b4b034/cover.jpg/600x600bb.jpg","","verified_low_coverage_subgenre_depth","chillstep;Chillstep;curated_artist;playable_depth;low_coverage_subgenre_expansion_v21_20260820;itunes_verified;deezer_verified","catalog_depth","low_coverage_style_repair","published","high","Artista curado para Chillstep; artista exato, gravação e prévia verificados em Apple Music e Deezer."
"chillstep","Synkro","Lost Here","Lost Here EP","","https://cdnt-preview.dzcdn.net/api/1/1/7/f/8/0/7f89b723ca7666c073b8a0cf1865c23e.mp3?hdnea=exp=1787244007~acl=/api/1/1/7/f/8/0/7f89b723ca7666c073b8a0cf1865c23e.mp3*~data=user_id=0,application_id=42~hmac=0c70eac3e377f2ed8ce18d487829d32ecfa8d03fa84e58e2c3cdc184ee10228a","","322","","","","Chillstep","Synkro foi curado para ampliar a diversidade reproduzível de Chillstep.","low_coverage_subgenre_expansion_v21_20260820","","https://www.deezer.com/track/125394384","https://www.deezer.com/track/125394384","125394384","https://www.deezer.com/track/125394384","https://cdn-images.dzcdn.net/images/cover/c575d35ddfbc78b545c0416a665aa326/500x500-000000-80-0-0.jpg","","verified_low_coverage_subgenre_depth","chillstep;Chillstep;curated_artist;playable_depth;low_coverage_subgenre_expansion_v21_20260820","catalog_depth","low_coverage_style_repair","published","high","Artista curado para Chillstep; artista exato, gravação e prévia verificados no Deezer."
"chillstep","Synkro","Observatory","Air Texture VI Steffi + Martyn","","https://audio-ssl.itunes.apple.com/itunes-assets/AudioPreview115/v4/0c/c0/47/0cc047dd-afaa-a2b9-eabf-31f10279ccb0/mzaf_13158312795914759872.plus.aac.p.m4a","2018-10-05","315","","","","Chillstep","Synkro foi curado para ampliar a diversidade reproduzível de Chillstep.","low_coverage_subgenre_expansion_v21_20260820","","https://music.apple.com/us/album/observatory/1569523723?i=1569523742&uo=4","https://music.apple.com/us/album/observatory/1569523723?i=1569523742&uo=4","1384637642","https://www.deezer.com/track/1384637642","https://is1-ssl.mzstatic.com/image/thumb/Music125/v4/eb/33/74/eb3374ea-2774-6376-9193-b1a71371293d/4250101400414_cover.jpg/600x600bb.jpg","","verified_low_coverage_subgenre_depth","chillstep;Chillstep;curated_artist;playable_depth;low_coverage_subgenre_expansion_v21_20260820;itunes_verified;deezer_verified","catalog_depth","low_coverage_style_repair","published","high","Artista curado para Chillstep; artista exato, gravação e prévia verificados em Apple Music e Deezer."
"chillstep","Synkro","Recognition","Acceptance","","https://audio-ssl.itunes.apple.com/itunes-assets/AudioPreview115/v4/e0/c9/f8/e0c9f878-936c-0c12-c4f8-cbda22f1005c/mzaf_17378946435197352136.plus.aac.p.m4a","2013-01-27","187","","","","Chillstep","Synkro foi curado para ampliar a diversidade reproduzível de Chillstep.","low_coverage_subgenre_expansion_v21_20260820","","https://music.apple.com/us/album/recognition/1185564036?i=1185564232&uo=4","https://music.apple.com/us/album/recognition/1185564036?i=1185564232&uo=4","92938034","https://www.deezer.com/track/92938034","https://is1-ssl.mzstatic.com/image/thumb/Music122/v4/80/d3/d5/80d3d57d-5a88-c2b5-968b-006452b4b034/cover.jpg/600x600bb.jpg","","verified_low_coverage_subgenre_depth","chillstep;Chillstep;curated_artist;playable_depth;low_coverage_subgenre_expansion_v21_20260820;itunes_verified;deezer_verified","catalog_depth","low_coverage_style_repair","published","high","Artista curado para Chillstep; artista exato, gravação e prévia verificados em Apple Music e Deezer."
"complextro","Feed Me","I'll Be Good","I'll Be Good","","https://cdnt-preview.dzcdn.net/api/1/1/b/f/e/0/bfe311c876f4ee9ff6f27fd7cf543e8c.mp3?hdnea=exp=1787243717~acl=/api/1/1/b/f/e/0/bfe311c876f4ee9ff6f27fd7cf543e8c.mp3*~data=user_id=0,application_id=42~hmac=51f1100628cee10fbdc8239236f7498a6be27e14242ddd73237ff81606023ea9","","162","","","","Complextro","Feed Me foi curado para ampliar a diversidade reproduzível de Complextro.","low_coverage_subgenre_expansion_v21_20260820","","https://www.deezer.com/track/2737606071","https://www.deezer.com/track/2737606071","2737606071","https://www.deezer.com/track/2737606071","https://cdn-images.dzcdn.net/images/cover/49c878bb230a3096a557b7c77f2afe96/500x500-000000-80-0-0.jpg","","verified_low_coverage_subgenre_depth","complextro;Complextro;curated_artist;playable_depth;low_coverage_subgenre_expansion_v21_20260820","catalog_depth","low_coverage_style_repair","published","high","Artista curado para Complextro; artista exato, gravação e prévia verificados no Deezer."
"complextro","Feed Me","Lonely Mountain","Calamari Tuesday","","https://cdnt-preview.dzcdn.net/api/1/1/8/a/c/0/8ac7fb644ed5b2a656496a4b9d45a074.mp3?hdnea=exp=1787243717~acl=/api/1/1/8/a/c/0/8ac7fb644ed5b2a656496a4b9d45a074.mp3*~data=user_id=0,application_id=42~hmac=04012915a14ae9d9679c8dc053522c8e7e983f14f6a9742f824441e5bfb9a6c9","","340","","","","Complextro","Feed Me foi curado para ampliar a diversidade reproduzível de Complextro.","low_coverage_subgenre_expansion_v21_20260820","","https://www.deezer.com/track/2596309962","https://www.deezer.com/track/2596309962","2596309962","https://www.deezer.com/track/2596309962","https://cdn-images.dzcdn.net/images/cover/f6ca92155b35b68da3b923351f34a25f/500x500-000000-80-0-0.jpg","","verified_low_coverage_subgenre_depth","complextro;Complextro;curated_artist;playable_depth;low_coverage_subgenre_expansion_v21_20260820","catalog_depth","low_coverage_style_repair","published","high","Artista curado para Complextro; artista exato, gravação e prévia verificados no Deezer."
"complextro","Feed Me","Money, Destiny","Money, Destiny","","https://cdnt-preview.dzcdn.net/api/1/1/6/6/a/0/66aba4ea3fcfdfdb70efc01e7bb99605.mp3?hdnea=exp=1787243717~acl=/api/1/1/6/6/a/0/66aba4ea3fcfdfdb70efc01e7bb99605.mp3*~data=user_id=0,application_id=42~hmac=269920bab20e78125dbdb16b865df5d9d1125518d179d95dab367eef82efbef3","","236","","","","Complextro","Feed Me foi curado para ampliar a diversidade reproduzível de Complextro.","low_coverage_subgenre_expansion_v21_20260820","","https://www.deezer.com/track/899144682","https://www.deezer.com/track/899144682","899144682","https://www.deezer.com/track/899144682","https://cdn-images.dzcdn.net/images/cover/081e2856cc066b6213e9bb83714611ef/500x500-000000-80-0-0.jpg","","verified_low_coverage_subgenre_depth","complextro;Complextro;curated_artist;playable_depth;low_coverage_subgenre_expansion_v21_20260820","catalog_depth","low_coverage_style_repair","published","high","Artista curado para Complextro; artista exato, gravação e prévia verificados no Deezer."
"complextro","Feed Me","Vice City","Vice City","","https://cdnt-preview.dzcdn.net/api/1/1/b/9/3/0/b93bf45bb725ae99db12af0f2d75f810.mp3?hdnea=exp=1787243717~acl=/api/1/1/b/9/3/0/b93bf45bb725ae99db12af0f2d75f810.mp3*~data=user_id=0,application_id=42~hmac=f9bed77d3c8016a61fa48368afd25b4f8c1536186ccccb7670414dce1b106497","","250","","","","Complextro","Feed Me foi curado para ampliar a diversidade reproduzível de Complextro.","low_coverage_subgenre_expansion_v21_20260820","","https://www.deezer.com/track/3847070501","https://www.deezer.com/track/3847070501","3847070501","https://www.deezer.com/track/3847070501","https://cdn-images.dzcdn.net/images/cover/010e950b33e926a9df9c3c08e7488401/500x500-000000-80-0-0.jpg","","verified_low_coverage_subgenre_depth","complextro;Complextro;curated_artist;playable_depth;low_coverage_subgenre_expansion_v21_20260820","catalog_depth","low_coverage_style_repair","published","high","Artista curado para Complextro; artista exato, gravação e prévia verificados no Deezer."
"complextro","Mord Fustang","Diamonds","Diamonds","","https://cdnt-preview.dzcdn.net/api/1/1/8/2/a/0/82aaf1f156e70fd37d5ae6c21e2510cc.mp3?hdnea=exp=1787243718~acl=/api/1/1/8/2/a/0/82aaf1f156e70fd37d5ae6c21e2510cc.mp3*~data=user_id=0,application_id=42~hmac=d825019f5909f7fa40a02033deb7be859f001ba709d7ebf1a4a0877faa7447aa","","194","","","","Complextro","Mord Fustang foi curado para ampliar a diversidade reproduzível de Complextro.","low_coverage_subgenre_expansion_v21_20260820","","https://www.deezer.com/track/361822621","https://www.deezer.com/track/361822621","361822621","https://www.deezer.com/track/361822621","https://cdn-images.dzcdn.net/images/cover/1795179d684d2584c85ec2236771428f/500x500-000000-80-0-0.jpg","","verified_low_coverage_subgenre_depth","complextro;Complextro;curated_artist;playable_depth;low_coverage_subgenre_expansion_v21_20260820","catalog_depth","low_coverage_style_repair","published","high","Artista curado para Complextro; artista exato, gravação e prévia verificados no Deezer."
"complextro","Mord Fustang","Lick The Rainbow","Lick The Rainbow","","https://cdnt-preview.dzcdn.net/api/1/1/1/5/6/0/15603ca10a626281749335cf5d6e90f9.mp3?hdnea=exp=1787243718~acl=/api/1/1/1/5/6/0/15603ca10a626281749335cf5d6e90f9.mp3*~data=user_id=0,application_id=42~hmac=922d72d24f4611794803b50dfb9015e63ab43ee0ef3f8b162e0fc65ab24c290f","","422","","","","Complextro","Mord Fustang foi curado para ampliar a diversidade reproduzível de Complextro.","low_coverage_subgenre_expansion_v21_20260820","","https://www.deezer.com/track/81244590","https://www.deezer.com/track/81244590","75228891","https://www.deezer.com/track/75228891","https://cdn-images.dzcdn.net/images/cover/6b742aa78bdace9752f608306aeb8e2c/500x500-000000-80-0-0.jpg","","verified_low_coverage_subgenre_depth","complextro;Complextro;curated_artist;playable_depth;low_coverage_subgenre_expansion_v21_20260820;deezer_verified","catalog_depth","low_coverage_style_repair","published","high","Artista curado para Complextro; artista exato, gravação e prévia verificados em Deezer."
"complextro","Mord Fustang","The Electric Dream","All Eyes On Mord Fustang","","https://cdnt-preview.dzcdn.net/api/1/1/5/9/4/0/594d0bcb7fa823e23d08f8fe8411ed61.mp3?hdnea=exp=1787243718~acl=/api/1/1/5/9/4/0/594d0bcb7fa823e23d08f8fe8411ed61.mp3*~data=user_id=0,application_id=42~hmac=5909c532c13d34a0a4979d8667319f920518028556885e7a362f8e6738498cc2","","301","","","","Complextro","Mord Fustang foi curado para ampliar a diversidade reproduzível de Complextro.","low_coverage_subgenre_expansion_v21_20260820","","https://www.deezer.com/track/75228901","https://www.deezer.com/track/75228901","75228901","https://www.deezer.com/track/75228901","https://cdn-images.dzcdn.net/images/cover/a08635cd6769c1bcfecc54fd93be969d/500x500-000000-80-0-0.jpg","","verified_low_coverage_subgenre_depth","complextro;Complextro;curated_artist;playable_depth;low_coverage_subgenre_expansion_v21_20260820","catalog_depth","low_coverage_style_repair","published","high","Artista curado para Complextro; artista exato, gravação e prévia verificados no Deezer."
"complextro","Mord Fustang","Windwaker","Planet EDM 2016","","https://cdnt-preview.dzcdn.net/api/1/1/7/5/5/0/755a82c60a4e3838f07dbdd649f2b958.mp3?hdnea=exp=1787243718~acl=/api/1/1/7/5/5/0/755a82c60a4e3838f07dbdd649f2b958.mp3*~data=user_id=0,application_id=42~hmac=c82d49fe236b6e783e46bcd791e5aad65a0320a59bb3a2d13c39138170aa0fdc","","328","","","","Complextro","Mord Fustang foi curado para ampliar a diversidade reproduzível de Complextro.","low_coverage_subgenre_expansion_v21_20260820","","https://www.deezer.com/track/129095296","https://www.deezer.com/track/129095296","129095296","https://www.deezer.com/track/129095296","https://cdn-images.dzcdn.net/images/cover/bb696c49f9710dff9fedaa20d4c03d7f/500x500-000000-80-0-0.jpg","","verified_low_coverage_subgenre_depth","complextro;Complextro;curated_artist;playable_depth;low_coverage_subgenre_expansion_v21_20260820","catalog_depth","low_coverage_style_repair","published","high","Artista curado para Complextro; artista exato, gravação e prévia verificados no Deezer."
"complextro","Savant","Encore","HEX III","","https://cdnt-preview.dzcdn.net/api/1/1/b/4/7/0/b4719eb51bde5ef4cc54408c1a47dfb8.mp3?hdnea=exp=1787243720~acl=/api/1/1/b/4/7/0/b4719eb51bde5ef4cc54408c1a47dfb8.mp3*~data=user_id=0,application_id=42~hmac=3bba7ee6e35085a1a3f76b0e7ca4f309b1d285556e17cb6dd8cfc64e3da17ba1","","221","","","","Complextro","Savant foi curado para ampliar a diversidade reproduzível de Complextro.","low_coverage_subgenre_expansion_v21_20260820","","https://www.deezer.com/track/3519401271","https://www.deezer.com/track/3519401271","3519401271","https://www.deezer.com/track/3519401271","https://cdn-images.dzcdn.net/images/cover/329386d9897af4965c139fec592ac7d7/500x500-000000-80-0-0.jpg","","verified_low_coverage_subgenre_depth","complextro;Complextro;curated_artist;playable_depth;low_coverage_subgenre_expansion_v21_20260820","catalog_depth","low_coverage_style_repair","published","high","Artista curado para Complextro; artista exato, gravação e prévia verificados no Deezer."
"complextro","Savant","I Don't Rave Anymore","HEX III","","https://cdnt-preview.dzcdn.net/api/1/1/b/a/7/0/ba7751c748d0b6c6afa7e7f0942f6f5f.mp3?hdnea=exp=1787243720~acl=/api/1/1/b/a/7/0/ba7751c748d0b6c6afa7e7f0942f6f5f.mp3*~data=user_id=0,application_id=42~hmac=44de4157ca153e6131c8dce5dcf452c503a461966a9e696e0511142839450e12","","221","","","","Complextro","Savant foi curado para ampliar a diversidade reproduzível de Complextro.","low_coverage_subgenre_expansion_v21_20260820","","https://www.deezer.com/track/3519401241","https://www.deezer.com/track/3519401241","3519401241","https://www.deezer.com/track/3519401241","https://cdn-images.dzcdn.net/images/cover/329386d9897af4965c139fec592ac7d7/500x500-000000-80-0-0.jpg","","verified_low_coverage_subgenre_depth","complextro;Complextro;curated_artist;playable_depth;low_coverage_subgenre_expansion_v21_20260820","catalog_depth","low_coverage_style_repair","published","high","Artista curado para Complextro; artista exato, gravação e prévia verificados no Deezer."
"complextro","Savant","Raveyard","HEX III","","https://cdnt-preview.dzcdn.net/api/1/1/6/1/7/0/6173cbf208b4ff27859c3a4e9ae251cd.mp3?hdnea=exp=1787243720~acl=/api/1/1/6/1/7/0/6173cbf208b4ff27859c3a4e9ae251cd.mp3*~data=user_id=0,application_id=42~hmac=1e549f5a5ec76198e3c9be92e6602a2fca2d80bdd7ea685e2a83f37fa241f3b2","","206","","","","Complextro","Savant foi curado para ampliar a diversidade reproduzível de Complextro.","low_coverage_subgenre_expansion_v21_20260820","","https://www.deezer.com/track/3519401261","https://www.deezer.com/track/3519401261","3519401261","https://www.deezer.com/track/3519401261","https://cdn-images.dzcdn.net/images/cover/329386d9897af4965c139fec592ac7d7/500x500-000000-80-0-0.jpg","","verified_low_coverage_subgenre_depth","complextro;Complextro;curated_artist;playable_depth;low_coverage_subgenre_expansion_v21_20260820","catalog_depth","low_coverage_style_repair","published","high","Artista curado para Complextro; artista exato, gravação e prévia verificados no Deezer."
"complextro","Savant","Splinter","Vario","","https://audio-ssl.itunes.apple.com/itunes-assets/AudioPreview221/v4/0e/51/9f/0e519f1f-8215-8649-b506-cc72f3ba90fd/mzaf_12132298416562496929.plus.aac.p.m4a","2012-02-22","298","","","","Complextro","Savant foi curado para ampliar a diversidade reproduzível de Complextro.","low_coverage_subgenre_expansion_v21_20260820","","https://music.apple.com/us/album/splinter/1420813687?i=1420813784&uo=4","https://music.apple.com/us/album/splinter/1420813687?i=1420813784&uo=4","535777692","https://www.deezer.com/track/535777692","https://is1-ssl.mzstatic.com/image/thumb/Music128/v4/6a/ba/f8/6abaf895-0c54-59a6-1d15-4bf9079ea7c5/SZLP0004.jpg/600x600bb.jpg","","verified_low_coverage_subgenre_depth","complextro;Complextro;curated_artist;playable_depth;low_coverage_subgenre_expansion_v21_20260820;itunes_verified;deezer_verified","catalog_depth","low_coverage_style_repair","published","high","Artista curado para Complextro; artista exato, gravação e prévia verificados em Apple Music e Deezer."
"darkstep","Current Value","Dark Rain","Intransigent Recordings Retrospektive - Vol. 2","","https://cdnt-preview.dzcdn.net/api/1/1/a/8/e/0/a8ebf23ec191e0985e98697a0b6866f5.mp3?hdnea=exp=1787243620~acl=/api/1/1/a/8/e/0/a8ebf23ec191e0985e98697a0b6866f5.mp3*~data=user_id=0,application_id=42~hmac=f535885b72fc7eb95f030ab327603f24eadf0b5e7056635d846290cb31513857","","361","","","","Darkstep","Current Value foi curado para ampliar a diversidade reproduzível de Darkstep.","low_coverage_subgenre_expansion_v21_20260820","","https://www.deezer.com/track/30053011","https://www.deezer.com/track/30053011","30053011","https://www.deezer.com/track/30053011","https://cdn-images.dzcdn.net/images/cover/8a3b14458e9ddcf32c4890adb7385555/500x500-000000-80-0-0.jpg","","verified_low_coverage_subgenre_depth","darkstep;Darkstep;curated_artist;playable_depth;low_coverage_subgenre_expansion_v21_20260820","catalog_depth","low_coverage_style_repair","published","high","Artista curado para Darkstep; artista exato, gravação e prévia verificados no Deezer."
"darkstep","Current Value","Eager Fight","Evolutions, Vol. 5","","https://cdnt-preview.dzcdn.net/api/1/1/7/7/6/0/7761ac322bea4dec0146c6fc59a5a434.mp3?hdnea=exp=1787243620~acl=/api/1/1/7/7/6/0/7761ac322bea4dec0146c6fc59a5a434.mp3*~data=user_id=0,application_id=42~hmac=c41378812f9fe44de5a4c9e7d833f9bf7474ed46e6b2efec175f2bcc2ac2645c","","331","","","","Darkstep","Current Value foi curado para ampliar a diversidade reproduzível de Darkstep.","low_coverage_subgenre_expansion_v21_20260820","","https://www.deezer.com/track/3932134221","https://www.deezer.com/track/3932134221","3932134221","https://www.deezer.com/track/3932134221","https://cdn-images.dzcdn.net/images/cover/8b2d6883a2467184764721267772a250/500x500-000000-80-0-0.jpg","","verified_low_coverage_subgenre_depth","darkstep;Darkstep;curated_artist;playable_depth;low_coverage_subgenre_expansion_v21_20260820","catalog_depth","low_coverage_style_repair","published","high","Artista curado para Darkstep; artista exato, gravação e prévia verificados no Deezer."
"darkstep","Current Value","Exposure","Natural Selection Prt 2","","https://cdnt-preview.dzcdn.net/api/1/1/d/0/1/0/d01c2e18902b11992f5649cc05b8df86.mp3?hdnea=exp=1787243620~acl=/api/1/1/d/0/1/0/d01c2e18902b11992f5649cc05b8df86.mp3*~data=user_id=0,application_id=42~hmac=6f5af90c7cb1d37016a46dcf8f7c690cd73d125d4da50930af6a5a062da2cf9a","","423","","","","Darkstep","Current Value foi curado para ampliar a diversidade reproduzível de Darkstep.","low_coverage_subgenre_expansion_v21_20260820","","https://www.deezer.com/track/37563361","https://www.deezer.com/track/37563361","37563361","https://www.deezer.com/track/37563361","https://cdn-images.dzcdn.net/images/cover/015a8363546d458e2defd2f983e7e481/500x500-000000-80-0-0.jpg","","verified_low_coverage_subgenre_depth","darkstep;Darkstep;curated_artist;playable_depth;low_coverage_subgenre_expansion_v21_20260820","catalog_depth","low_coverage_style_repair","published","high","Artista curado para Darkstep; artista exato, gravação e prévia verificados no Deezer."
"darkstep","Current Value","Quantum Physics","Quantum Physics","","https://cdnt-preview.dzcdn.net/api/1/1/1/8/5/0/1857166fe6f93eb845fd557de1a2e917.mp3?hdnea=exp=1787243620~acl=/api/1/1/1/8/5/0/1857166fe6f93eb845fd557de1a2e917.mp3*~data=user_id=0,application_id=42~hmac=9c0c57b8f8427f9e0916631c3d8dcedfc7e644495e1c2520480b3a61a8e33da8","","314","","","","Darkstep","Current Value foi curado para ampliar a diversidade reproduzível de Darkstep.","low_coverage_subgenre_expansion_v21_20260820","","https://www.deezer.com/track/701832982","https://www.deezer.com/track/701832982","701832982","https://www.deezer.com/track/701832982","https://cdn-images.dzcdn.net/images/cover/b46f50e8d32581675c1e51c1b23e00b7/500x500-000000-80-0-0.jpg","","verified_low_coverage_subgenre_depth","darkstep;Darkstep;curated_artist;playable_depth;low_coverage_subgenre_expansion_v21_20260820","catalog_depth","low_coverage_style_repair","published","high","Artista curado para Darkstep; artista exato, gravação e prévia verificados no Deezer."
"darkstep","Katharsys","Awakened","Metallicity Lp","","https://audio-ssl.itunes.apple.com/itunes-assets/AudioPreview115/v4/9a/fb/7a/9afb7a24-b254-dc25-1b5a-a8731e592f22/mzaf_2763067274162687262.plus.aac.p.m4a","2017-02-13","375","","","","Darkstep","Katharsys foi curado para ampliar a diversidade reproduzível de Darkstep.","low_coverage_subgenre_expansion_v21_20260820","","https://music.apple.com/us/album/awakened/1198978522?i=1198978578&uo=4","https://music.apple.com/us/album/awakened/1198978522?i=1198978578&uo=4","","","https://is1-ssl.mzstatic.com/image/thumb/Music124/v4/44/ec/e8/44ece8ec-fb60-ba25-b70b-594a870e7c9a/8790001202085.png/600x600bb.jpg","","verified_low_coverage_subgenre_depth","darkstep;Darkstep;curated_artist;playable_depth;low_coverage_subgenre_expansion_v21_20260820","catalog_depth","low_coverage_style_repair","published","high","Artista curado para Darkstep; artista exato, gravação e prévia verificados no Apple Music."
"darkstep","Katharsys","No End For The Darkness","Forbidden Society Recordings LTD 004","","https://cdnt-preview.dzcdn.net/api/1/1/c/9/c/0/c9c40fd81c56f509f2c7a6675a8b8338.mp3?hdnea=exp=1787243623~acl=/api/1/1/c/9/c/0/c9c40fd81c56f509f2c7a6675a8b8338.mp3*~data=user_id=0,application_id=42~hmac=d82ffc1997226385038690b19b35b0fed975d38d2798f97ed0720b796ae47cd2","","361","","","","Darkstep","Katharsys foi curado para ampliar a diversidade reproduzível de Darkstep.","low_coverage_subgenre_expansion_v21_20260820","","https://www.deezer.com/track/16182344","https://www.deezer.com/track/16182344","16182344","https://www.deezer.com/track/16182344","https://cdn-images.dzcdn.net/images/cover/607ffaf1383363e807691b28228b901c/500x500-000000-80-0-0.jpg","","verified_low_coverage_subgenre_depth","darkstep;Darkstep;curated_artist;playable_depth;low_coverage_subgenre_expansion_v21_20260820","catalog_depth","low_coverage_style_repair","published","high","Artista curado para Darkstep; artista exato, gravação e prévia verificados no Deezer."
"darkstep","Katharsys","Psychosis Vip","Metallicity Lp","","https://audio-ssl.itunes.apple.com/itunes-assets/AudioPreview115/v4/10/a7/72/10a772fb-49e0-9ae1-d9f5-88e3252b6e24/mzaf_4043556921966693007.plus.aac.p.m4a","2017-02-13","315","","","","Darkstep","Katharsys foi curado para ampliar a diversidade reproduzível de Darkstep.","low_coverage_subgenre_expansion_v21_20260820","","https://music.apple.com/us/album/psychosis-vip/1198978522?i=1198979487&uo=4","https://music.apple.com/us/album/psychosis-vip/1198978522?i=1198979487&uo=4","1060563512","https://www.deezer.com/track/1060563512","https://is1-ssl.mzstatic.com/image/thumb/Music124/v4/44/ec/e8/44ece8ec-fb60-ba25-b70b-594a870e7c9a/8790001202085.png/600x600bb.jpg","","verified_low_coverage_subgenre_depth","darkstep;Darkstep;curated_artist;playable_depth;low_coverage_subgenre_expansion_v21_20260820;itunes_verified;deezer_verified","catalog_depth","low_coverage_style_repair","published","high","Artista curado para Darkstep; artista exato, gravação e prévia verificados em Apple Music e Deezer."
"darkstep","Katharsys","The Scraper","Skyhook / The Scraper - Single","","https://audio-ssl.itunes.apple.com/itunes-assets/AudioPreview125/v4/66/88/b0/6688b0e3-bad8-ccb2-3b31-18685c72b094/mzaf_13323303325921336689.plus.aac.p.m4a","2009-02-02","388","","","","Darkstep","Katharsys foi curado para ampliar a diversidade reproduzível de Darkstep.","low_coverage_subgenre_expansion_v21_20260820","","https://music.apple.com/us/album/the-scraper/541387338?i=541387408&uo=4","https://music.apple.com/us/album/the-scraper/541387338?i=541387408&uo=4","","","https://is1-ssl.mzstatic.com/image/thumb/Music/v4/79/24/00/7924007f-6263-a4a0-0fc4-7667481edc87/cover.jpg/600x600bb.jpg","","verified_low_coverage_subgenre_depth","darkstep;Darkstep;curated_artist;playable_depth;low_coverage_subgenre_expansion_v21_20260820","catalog_depth","low_coverage_style_repair","published","high","Artista curado para Darkstep; artista exato, gravação e prévia verificados no Apple Music."
"darkstep","The Panacea","Cryptonomicon","Cryptonomicon - EP","","https://audio-ssl.itunes.apple.com/itunes-assets/AudioPreview115/v4/d9/fe/6d/d9fe6d3d-03a6-3103-4bff-c722089e0823/mzaf_16774472712614043758.plus.aac.p.m4a","2007-06-03","351","","","","Darkstep","The Panacea foi curado para ampliar a diversidade reproduzível de Darkstep.","low_coverage_subgenre_expansion_v21_20260820","","https://music.apple.com/us/album/cryptonomicon/926704718?i=926704782&uo=4","https://music.apple.com/us/album/cryptonomicon/926704718?i=926704782&uo=4","","","https://is1-ssl.mzstatic.com/image/thumb/Music3/v4/ec/c1/c7/ecc1c778-059d-02dd-5cfd-03e9c1d8c0c4/879000142962.jpg/600x600bb.jpg","","verified_low_coverage_subgenre_depth","darkstep;Darkstep;curated_artist;playable_depth;low_coverage_subgenre_expansion_v21_20260820","catalog_depth","low_coverage_style_repair","published","high","Artista curado para Darkstep; artista exato, gravação e prévia verificados no Apple Music."
"darkstep","The Panacea","Jungle Techno","Chrome Classics Vol. 1","","https://audio-ssl.itunes.apple.com/itunes-assets/AudioPreview115/v4/5a/be/7b/5abe7b48-43e8-600d-a860-d0c87997c8f7/mzaf_14101844925111294766.plus.aac.p.m4a","2010-05-26","329","","","","Darkstep","The Panacea foi curado para ampliar a diversidade reproduzível de Darkstep.","low_coverage_subgenre_expansion_v21_20260820","","https://music.apple.com/us/album/jungle-techno/1122447601?i=1122447721&uo=4","https://music.apple.com/us/album/jungle-techno/1122447601?i=1122447721&uo=4","","","https://is1-ssl.mzstatic.com/image/thumb/Music20/v4/ef/2e/c0/ef2ec0f8-abb5-95f3-e419-4e05ab20c963/8790001188785.png/600x600bb.jpg","","verified_low_coverage_subgenre_depth","darkstep;Darkstep;curated_artist;playable_depth;low_coverage_subgenre_expansion_v21_20260820","catalog_depth","low_coverage_style_repair","published","high","Artista curado para Darkstep; artista exato, gravação e prévia verificados no Apple Music."
"darkstep","The Panacea","Rereality Feat. Current Value","The Panacea Will Never Die - EP","","https://audio-ssl.itunes.apple.com/itunes-assets/AudioPreview125/v4/44/ca/92/44ca92b3-f4f6-42ad-72fb-d071a6174286/mzaf_16367994253853865456.plus.aac.p.m4a","2014-03-31","257","","","","Darkstep","The Panacea foi curado para ampliar a diversidade reproduzível de Darkstep.","low_coverage_subgenre_expansion_v21_20260820","","https://music.apple.com/us/album/rereality-feat-current-value/925303747?i=925305913&uo=4","https://music.apple.com/us/album/rereality-feat-current-value/925303747?i=925305913&uo=4","","","https://is1-ssl.mzstatic.com/image/thumb/Music5/v4/c8/c7/b9/c8c7b951-4366-aacb-1f47-eeac10d792d8/879000142634.jpg/600x600bb.jpg","","verified_low_coverage_subgenre_depth","darkstep;Darkstep;curated_artist;playable_depth;low_coverage_subgenre_expansion_v21_20260820","catalog_depth","low_coverage_style_repair","published","high","Artista curado para Darkstep; artista exato, gravação e prévia verificados no Apple Music."
"darkstep","The Panacea","The Sign","Beyond the Boundaries - EP","","https://audio-ssl.itunes.apple.com/itunes-assets/AudioPreview115/v4/75/51/0b/75510be9-934e-c7d2-1ea4-28f13da69f59/mzaf_5553491310382000604.plus.aac.p.m4a","2019-01-28","369","","","","Darkstep","The Panacea foi curado para ampliar a diversidade reproduzível de Darkstep.","low_coverage_subgenre_expansion_v21_20260820","","https://music.apple.com/us/album/the-sign/1449181338?i=1449181341&uo=4","https://music.apple.com/us/album/the-sign/1449181338?i=1449181341&uo=4","","","https://is1-ssl.mzstatic.com/image/thumb/Music124/v4/1e/2f/4f/1e2f4ff2-df18-b8a3-d938-41532331a16e/8718723115995.jpg/600x600bb.jpg","","verified_low_coverage_subgenre_depth","darkstep;Darkstep;curated_artist;playable_depth;low_coverage_subgenre_expansion_v21_20260820","catalog_depth","low_coverage_style_repair","published","high","Artista curado para Darkstep; artista exato, gravação e prévia verificados no Apple Music."
"darksynth","Dance With the Dead","Chaos Theory","Malombra","","https://cdnt-preview.dzcdn.net/api/1/1/9/3/3/0/93365984ff36a578afe51726b9c2aed7.mp3?hdnea=exp=1787243725~acl=/api/1/1/9/3/3/0/93365984ff36a578afe51726b9c2aed7.mp3*~data=user_id=0,application_id=42~hmac=ae0bc722dca55c60f3b591e32c9b34546920684a97d6cfa182760bebfa8c0e3e","","254","","","","Darksynth","Dance With the Dead foi curado para ampliar a diversidade reproduzível de Darksynth.","low_coverage_subgenre_expansion_v21_20260820","","https://www.deezer.com/track/3872210311","https://www.deezer.com/track/3872210311","3872210311","https://www.deezer.com/track/3872210311","https://cdn-images.dzcdn.net/images/cover/34b16ec56209fd56025b634a7a9a0616/500x500-000000-80-0-0.jpg","","verified_low_coverage_subgenre_depth","darksynth;Darksynth;curated_artist;playable_depth;low_coverage_subgenre_expansion_v21_20260820","catalog_depth","low_coverage_style_repair","published","high","Artista curado para Darksynth; artista exato, gravação e prévia verificados no Deezer."
"darksynth","Dance With the Dead","Riot","The Shape","","https://cdnt-preview.dzcdn.net/api/1/1/5/5/6/0/556d55602c3631f40f47e042b1a057c0.mp3?hdnea=exp=1787243725~acl=/api/1/1/5/5/6/0/556d55602c3631f40f47e042b1a057c0.mp3*~data=user_id=0,application_id=42~hmac=265f643fa48ae1cc5ca29b1090b84116e00f9b4543134331530caec3582c0b8e","","227","","","","Darksynth","Dance With the Dead foi curado para ampliar a diversidade reproduzível de Darksynth.","low_coverage_subgenre_expansion_v21_20260820","","https://www.deezer.com/track/118768860","https://www.deezer.com/track/118768860","118768860","https://www.deezer.com/track/118768860","https://cdn-images.dzcdn.net/images/cover/34455b392aa87ab1c00ce55a80f9ada6/500x500-000000-80-0-0.jpg","","verified_low_coverage_subgenre_depth","darksynth;Darksynth;curated_artist;playable_depth;low_coverage_subgenre_expansion_v21_20260820","catalog_depth","low_coverage_style_repair","published","high","Artista curado para Darksynth; artista exato, gravação e prévia verificados no Deezer."
"darksynth","Dance With the Dead","Skull Lock","Malombra","","https://cdnt-preview.dzcdn.net/api/1/1/c/1/2/0/c12a6bab702ef067ec64138a008672ae.mp3?hdnea=exp=1787243725~acl=/api/1/1/c/1/2/0/c12a6bab702ef067ec64138a008672ae.mp3*~data=user_id=0,application_id=42~hmac=be60c2ecb364ee2e08e57d9b0e78c349b615d34645927dfa0689ab204ebb6187","","259","","","","Darksynth","Dance With the Dead foi curado para ampliar a diversidade reproduzível de Darksynth.","low_coverage_subgenre_expansion_v21_20260820","","https://www.deezer.com/track/3872210341","https://www.deezer.com/track/3872210341","3872210341","https://www.deezer.com/track/3872210341","https://cdn-images.dzcdn.net/images/cover/34b16ec56209fd56025b634a7a9a0616/500x500-000000-80-0-0.jpg","","verified_low_coverage_subgenre_depth","darksynth;Darksynth;curated_artist;playable_depth;low_coverage_subgenre_expansion_v21_20260820","catalog_depth","low_coverage_style_repair","published","high","Artista curado para Darksynth; artista exato, gravação e prévia verificados no Deezer."
"darksynth","Dance With the Dead","The Burial","Malombra","","https://cdnt-preview.dzcdn.net/api/1/1/7/3/a/0/73a88ff6f330cf630afe708635989cc6.mp3?hdnea=exp=1787243725~acl=/api/1/1/7/3/a/0/73a88ff6f330cf630afe708635989cc6.mp3*~data=user_id=0,application_id=42~hmac=fd8219053a0ae1ae0c4d75a06228d92a0905b8df0154df210406e9194a032f47","","235","","","","Darksynth","Dance With the Dead foi curado para ampliar a diversidade reproduzível de Darksynth.","low_coverage_subgenre_expansion_v21_20260820","","https://www.deezer.com/track/3872210321","https://www.deezer.com/track/3872210321","3872210321","https://www.deezer.com/track/3872210321","https://cdn-images.dzcdn.net/images/cover/34b16ec56209fd56025b634a7a9a0616/500x500-000000-80-0-0.jpg","","verified_low_coverage_subgenre_depth","darksynth;Darksynth;curated_artist;playable_depth;low_coverage_subgenre_expansion_v21_20260820","catalog_depth","low_coverage_style_repair","published","high","Artista curado para Darksynth; artista exato, gravação e prévia verificados no Deezer."
"darksynth","GosT","Cursed","Skull","","https://audio-ssl.itunes.apple.com/itunes-assets/AudioPreview115/v4/17/7f/95/177f9522-4fbc-7884-a14d-08ef5dc864ec/mzaf_7511635523102058228.plus.aac.p.m4a","2013-06-25","213","","","","Darksynth","GosT foi curado para ampliar a diversidade reproduzível de Darksynth.","low_coverage_subgenre_expansion_v21_20260820","","https://music.apple.com/us/album/cursed/677246963?i=677247074&uo=4","https://music.apple.com/us/album/cursed/677246963?i=677247074&uo=4","","","https://is1-ssl.mzstatic.com/image/thumb/Music4/v4/f7/fe/07/f7fe07c0-8f5a-e649-1cc5-717479a8061f/5051813574580_cover.jpg/600x600bb.jpg","","verified_low_coverage_subgenre_depth","darksynth;Darksynth;curated_artist;playable_depth;low_coverage_subgenre_expansion_v21_20260820","catalog_depth","low_coverage_style_repair","published","high","Artista curado para Darksynth; artista exato, gravação e prévia verificados no Apple Music."
"darksynth","GosT","Genesee Avenue","Behemoth","","https://audio-ssl.itunes.apple.com/itunes-assets/AudioPreview115/v4/ce/64/28/ce642891-542f-6ee6-1da2-6e51345d4199/mzaf_357685766575887378.plus.aac.p.m4a","2015-04-07","233","","","","Darksynth","GosT foi curado para ampliar a diversidade reproduzível de Darksynth.","low_coverage_subgenre_expansion_v21_20260820","","https://music.apple.com/us/album/genesee-avenue/968868546?i=968868550&uo=4","https://music.apple.com/us/album/genesee-avenue/968868546?i=968868550&uo=4","","","https://is1-ssl.mzstatic.com/image/thumb/Music3/v4/24/d2/1e/24d21e27-62f4-a6e0-4664-2c3b27d1f970/859714185011_cover.jpg/600x600bb.jpg","","verified_low_coverage_subgenre_depth","darksynth;Darksynth;curated_artist;playable_depth;low_coverage_subgenre_expansion_v21_20260820","catalog_depth","low_coverage_style_repair","published","high","Artista curado para Darksynth; artista exato, gravação e prévia verificados no Apple Music."
"darksynth","GosT","Master","Behemoth","","https://audio-ssl.itunes.apple.com/itunes-assets/AudioPreview125/v4/40/9d/27/409d2728-0731-a650-10a6-d778e43f1135/mzaf_5369503819162000807.plus.aac.p.m4a","2015-04-07","208","","","","Darksynth","GosT foi curado para ampliar a diversidade reproduzível de Darksynth.","low_coverage_subgenre_expansion_v21_20260820","","https://music.apple.com/us/album/master/968868546?i=968868552&uo=4","https://music.apple.com/us/album/master/968868546?i=968868552&uo=4","","","https://is1-ssl.mzstatic.com/image/thumb/Music3/v4/24/d2/1e/24d21e27-62f4-a6e0-4664-2c3b27d1f970/859714185011_cover.jpg/600x600bb.jpg","","verified_low_coverage_subgenre_depth","darksynth;Darksynth;curated_artist;playable_depth;low_coverage_subgenre_expansion_v21_20260820","catalog_depth","low_coverage_style_repair","published","high","Artista curado para Darksynth; artista exato, gravação e prévia verificados no Apple Music."
"darksynth","GosT","Night Crawler","Behemoth","","https://audio-ssl.itunes.apple.com/itunes-assets/AudioPreview115/v4/64/f5/ea/64f5ea6e-7965-b237-6a2d-4a536201b008/mzaf_9083515996687109746.plus.aac.p.m4a","2015-04-07","260","","","","Darksynth","GosT foi curado para ampliar a diversidade reproduzível de Darksynth.","low_coverage_subgenre_expansion_v21_20260820","","https://music.apple.com/us/album/night-crawler/968868546?i=968868551&uo=4","https://music.apple.com/us/album/night-crawler/968868546?i=968868551&uo=4","","","https://is1-ssl.mzstatic.com/image/thumb/Music3/v4/24/d2/1e/24d21e27-62f4-a6e0-4664-2c3b27d1f970/859714185011_cover.jpg/600x600bb.jpg","","verified_low_coverage_subgenre_depth","darksynth;Darksynth;curated_artist;playable_depth;low_coverage_subgenre_expansion_v21_20260820","catalog_depth","low_coverage_style_repair","published","high","Artista curado para Darksynth; artista exato, gravação e prévia verificados no Apple Music."
"darksynth","Mega Drive","Degenerator","Sequencer","","https://cdnt-preview.dzcdn.net/api/1/1/2/e/a/0/2eaf472234cb85314bd1cd1133c7460f.mp3?hdnea=exp=1787243725~acl=/api/1/1/2/e/a/0/2eaf472234cb85314bd1cd1133c7460f.mp3*~data=user_id=0,application_id=42~hmac=a8a046407372653a7b5ca93f3d4de9509488351db69664d35aab88fe83e4a0ee","","302","","","","Darksynth","Mega Drive foi curado para ampliar a diversidade reproduzível de Darksynth.","low_coverage_subgenre_expansion_v21_20260820","","https://www.deezer.com/track/2912218931","https://www.deezer.com/track/2912218931","2912218931","https://www.deezer.com/track/2912218931","https://cdn-images.dzcdn.net/images/cover/c80328006c8aabaaa9bc68138cf70870/500x500-000000-80-0-0.jpg","","verified_low_coverage_subgenre_depth","darksynth;Darksynth;curated_artist;playable_depth;low_coverage_subgenre_expansion_v21_20260820","catalog_depth","low_coverage_style_repair","published","high","Artista curado para Darksynth; artista exato, gravação e prévia verificados no Deezer."
"darksynth","Mega Drive","I Am the Program","Hardwired V1.4","","https://audio-ssl.itunes.apple.com/itunes-assets/AudioPreview211/v4/6d/7d/29/6d7d29fa-9375-0916-d491-2044c802335e/mzaf_7464455188157187765.plus.aac.p.m4a","2013-06-04","385","","","","Darksynth","Mega Drive foi curado para ampliar a diversidade reproduzível de Darksynth.","low_coverage_subgenre_expansion_v21_20260820","","https://music.apple.com/us/album/i-am-the-program/1759467509?i=1759467516&uo=4","https://music.apple.com/us/album/i-am-the-program/1759467509?i=1759467516&uo=4","2912258571","https://www.deezer.com/track/2912258571","https://is1-ssl.mzstatic.com/image/thumb/Music221/v4/94/e7/2f/94e72f7a-a924-553e-aa17-068ee009735c/859714101035_cover.jpg/600x600bb.jpg","","verified_low_coverage_subgenre_depth","darksynth;Darksynth;curated_artist;playable_depth;low_coverage_subgenre_expansion_v21_20260820;itunes_verified;deezer_verified","catalog_depth","low_coverage_style_repair","published","high","Artista curado para Darksynth; artista exato, gravação e prévia verificados em Apple Music e Deezer."
"darksynth","Mega Drive","Loveless (6 / 25 - 6.00hr)","The Grid","","https://cdnt-preview.dzcdn.net/api/1/1/b/3/c/0/b3c697bc65947657639dfaa185a5063f.mp3?hdnea=exp=1787243725~acl=/api/1/1/b/3/c/0/b3c697bc65947657639dfaa185a5063f.mp3*~data=user_id=0,application_id=42~hmac=0eb1a081dbd320f1e90974515c0bdee91c28f2ac0ee70f31e197949b9ddf4693","","251","","","","Darksynth","Mega Drive foi curado para ampliar a diversidade reproduzível de Darksynth.","low_coverage_subgenre_expansion_v21_20260820","","https://www.deezer.com/track/2912241221","https://www.deezer.com/track/2912241221","2912241221","https://www.deezer.com/track/2912241221","https://cdn-images.dzcdn.net/images/cover/a57e6cb2b2b59e8805238c7faa3df842/500x500-000000-80-0-0.jpg","","verified_low_coverage_subgenre_depth","darksynth;Darksynth;curated_artist;playable_depth;low_coverage_subgenre_expansion_v21_20260820","catalog_depth","low_coverage_style_repair","published","high","Artista curado para Darksynth; artista exato, gravação e prévia verificados no Deezer."
"darksynth","Mega Drive","Zero Point Non - Response","198Xad","","https://audio-ssl.itunes.apple.com/itunes-assets/AudioPreview115/v4/66/49/e1/6649e142-1e72-553b-8b5e-6e516b64a288/mzaf_8092203623052591891.plus.aac.p.m4a","2014-05-16","333","","","","Darksynth","Mega Drive foi curado para ampliar a diversidade reproduzível de Darksynth.","low_coverage_subgenre_expansion_v21_20260820","","https://music.apple.com/us/album/zero-point-non-response/1524094319?i=1524094632&uo=4","https://music.apple.com/us/album/zero-point-non-response/1524094319?i=1524094632&uo=4","449492372","https://www.deezer.com/track/449492372","https://is1-ssl.mzstatic.com/image/thumb/Music126/v4/87/f4/89/87f489f2-d7fa-b180-9eca-f3ba7530f987/765573870220.png/600x600bb.jpg","","verified_low_coverage_subgenre_depth","darksynth;Darksynth;curated_artist;playable_depth;low_coverage_subgenre_expansion_v21_20260820;itunes_verified;deezer_verified","catalog_depth","low_coverage_style_repair","published","high","Artista curado para Darksynth; artista exato, gravação e prévia verificados em Apple Music e Deezer."
"deconstructed_club","Amnesia Scanner","AS Chingy","AS - EP","","https://audio-ssl.itunes.apple.com/itunes-assets/AudioPreview115/v4/4a/6e/8c/4a6e8c5c-6505-5fa6-1f4c-2b6d5389923d/mzaf_15010638587686925462.plus.aac.p.m4a","2016-03-25","150","","","","Deconstructed Club","Amnesia Scanner foi curado para ampliar a diversidade reproduzível de Deconstructed Club.","low_coverage_subgenre_expansion_v21_20260820","","https://music.apple.com/us/album/as-chingy/1086426051?i=1086426058&uo=4","https://music.apple.com/us/album/as-chingy/1086426051?i=1086426058&uo=4","138539739","https://www.deezer.com/track/138539739","https://is1-ssl.mzstatic.com/image/thumb/Music114/v4/8f/87/d4/8f87d43d-908e-7165-cf7b-af061704ea01/889030015167.png/600x600bb.jpg","","verified_low_coverage_subgenre_depth","deconstructed_club;Deconstructed Club;curated_artist;playable_depth;low_coverage_subgenre_expansion_v21_20260820;itunes_verified;deezer_verified","catalog_depth","low_coverage_style_repair","published","high","Artista curado para Deconstructed Club; artista exato, gravação e prévia verificados em Apple Music e Deezer."
"deconstructed_club","Amnesia Scanner","AS Crust","AS - EP","","https://audio-ssl.itunes.apple.com/itunes-assets/AudioPreview125/v4/b7/76/c5/b776c574-ca0b-e6fc-8a83-9f62fb88305f/mzaf_1459154152162699339.plus.aac.p.m4a","2016-03-25","195","","","","Deconstructed Club","Amnesia Scanner foi curado para ampliar a diversidade reproduzível de Deconstructed Club.","low_coverage_subgenre_expansion_v21_20260820","","https://music.apple.com/us/album/as-crust/1086426051?i=1086426066&uo=4","https://music.apple.com/us/album/as-crust/1086426051?i=1086426066&uo=4","138539741","https://www.deezer.com/track/138539741","https://is1-ssl.mzstatic.com/image/thumb/Music114/v4/8f/87/d4/8f87d43d-908e-7165-cf7b-af061704ea01/889030015167.png/600x600bb.jpg","","verified_low_coverage_subgenre_depth","deconstructed_club;Deconstructed Club;curated_artist;playable_depth;low_coverage_subgenre_expansion_v21_20260820;itunes_verified;deezer_verified","catalog_depth","low_coverage_style_repair","published","high","Artista curado para Deconstructed Club; artista exato, gravação e prévia verificados em Apple Music e Deezer."
"deconstructed_club","Amnesia Scanner","AS Going (feat. LYZZA)","Tearless","","https://audio-ssl.itunes.apple.com/itunes-assets/AudioPreview125/v4/99/74/33/99743332-c79d-4024-ff98-1feda75f8bb0/mzaf_11884791430444872444.plus.aac.p.m4a","2020-04-14","199","","","","Deconstructed Club","Amnesia Scanner foi curado para ampliar a diversidade reproduzível de Deconstructed Club.","low_coverage_subgenre_expansion_v21_20260820","","https://music.apple.com/us/album/as-going-feat-lyzza/1497364596?i=1497364604&uo=4","https://music.apple.com/us/album/as-going-feat-lyzza/1497364596?i=1497364604&uo=4","872090722","https://www.deezer.com/track/872090722","https://is1-ssl.mzstatic.com/image/thumb/Music114/v4/8f/e4/7c/8fe47c2e-139e-b937-e23f-c1cdb2552655/720524679345.jpg/600x600bb.jpg","","verified_low_coverage_subgenre_depth","deconstructed_club;Deconstructed Club;curated_artist;playable_depth;low_coverage_subgenre_expansion_v21_20260820;itunes_verified;deezer_verified","catalog_depth","low_coverage_style_repair","published","high","Artista curado para Deconstructed Club; artista exato, gravação e prévia verificados em Apple Music e Deezer."
"deconstructed_club","Amnesia Scanner","AS Tearless (feat. Daniela Lalita)","Tearless","","https://audio-ssl.itunes.apple.com/itunes-assets/AudioPreview115/v4/20/68/4c/20684c17-8c60-3b29-b3f3-b68410d035d6/mzaf_5440366178771526597.plus.aac.p.m4a","2020-05-12","249","","","","Deconstructed Club","Amnesia Scanner foi curado para ampliar a diversidade reproduzível de Deconstructed Club.","low_coverage_subgenre_expansion_v21_20260820","","https://music.apple.com/us/album/as-tearless-feat-daniela-lalita/1497364596?i=1497364598&uo=4","https://music.apple.com/us/album/as-tearless-feat-daniela-lalita/1497364596?i=1497364598&uo=4","872090662","https://www.deezer.com/track/872090662","https://is1-ssl.mzstatic.com/image/thumb/Music114/v4/8f/e4/7c/8fe47c2e-139e-b937-e23f-c1cdb2552655/720524679345.jpg/600x600bb.jpg","","verified_low_coverage_subgenre_depth","deconstructed_club;Deconstructed Club;curated_artist;playable_depth;low_coverage_subgenre_expansion_v21_20260820;itunes_verified;deezer_verified","catalog_depth","low_coverage_style_repair","published","high","Artista curado para Deconstructed Club; artista exato, gravação e prévia verificados em Apple Music e Deezer."
"deconstructed_club","Arca","Eidolon","XXXXX","","https://cdnt-preview.dzcdn.net/api/1/1/f/d/e/0/fde45f688510e7eee73cfffb1768d538.mp3?hdnea=exp=1787243728~acl=/api/1/1/f/d/e/0/fde45f688510e7eee73cfffb1768d538.mp3*~data=user_id=0,application_id=42~hmac=b503c3114800268383f8bf3be3f6c09df6d83313390c6eede186ff8518f48c72","","237","","","","Deconstructed Club","Arca foi curado para ampliar a diversidade reproduzível de Deconstructed Club.","low_coverage_subgenre_expansion_v21_20260820","","https://www.deezer.com/track/4061361561","https://www.deezer.com/track/4061361561","4061361561","https://www.deezer.com/track/4061361561","https://cdn-images.dzcdn.net/images/cover/5bbd21d53a114da1bcd99662b353af76/500x500-000000-80-0-0.jpg","","verified_low_coverage_subgenre_depth","deconstructed_club;Deconstructed Club;curated_artist;playable_depth;low_coverage_subgenre_expansion_v21_20260820","catalog_depth","low_coverage_style_repair","published","high","Artista curado para Deconstructed Club; artista exato, gravação e prévia verificados no Deezer."
"deconstructed_club","Arca","Fxck","XXXXX","","https://cdnt-preview.dzcdn.net/api/1/1/2/6/8/0/268c3fa8bc6dd31f4631dff3e91c426e.mp3?hdnea=exp=1787243728~acl=/api/1/1/2/6/8/0/268c3fa8bc6dd31f4631dff3e91c426e.mp3*~data=user_id=0,application_id=42~hmac=a81aa2994f8ba6903f8ccab1ae42a91e5dc6095f7098dc56a1d2c80af8ca6295","","201","","","","Deconstructed Club","Arca foi curado para ampliar a diversidade reproduzível de Deconstructed Club.","low_coverage_subgenre_expansion_v21_20260820","","https://www.deezer.com/track/4061361611","https://www.deezer.com/track/4061361611","4061361611","https://www.deezer.com/track/4061361611","https://cdn-images.dzcdn.net/images/cover/5bbd21d53a114da1bcd99662b353af76/500x500-000000-80-0-0.jpg","","verified_low_coverage_subgenre_depth","deconstructed_club;Deconstructed Club;curated_artist;playable_depth;low_coverage_subgenre_expansion_v21_20260820","catalog_depth","low_coverage_style_repair","published","high","Artista curado para Deconstructed Club; artista exato, gravação e prévia verificados no Deezer."
"deconstructed_club","Arca","Rakata","KICK ii","","https://cdnt-preview.dzcdn.net/api/1/1/8/1/6/0/8161799eeeee48a95ca419b24f21687a.mp3?hdnea=exp=1787243728~acl=/api/1/1/8/1/6/0/8161799eeeee48a95ca419b24f21687a.mp3*~data=user_id=0,application_id=42~hmac=da4a52f88cd0def762bff04de2d4da198c36572cfd58109921a4f2dd05ee2404","","151","","","","Deconstructed Club","Arca foi curado para ampliar a diversidade reproduzível de Deconstructed Club.","low_coverage_subgenre_expansion_v21_20260820","","https://www.deezer.com/track/1549823312","https://www.deezer.com/track/1549823312","1549823312","https://www.deezer.com/track/1549823312","https://cdn-images.dzcdn.net/images/cover/ef4bec615505fbf7561169a357079688/500x500-000000-80-0-0.jpg","","verified_low_coverage_subgenre_depth","deconstructed_club;Deconstructed Club;curated_artist;playable_depth;low_coverage_subgenre_expansion_v21_20260820","catalog_depth","low_coverage_style_repair","published","high","Artista curado para Deconstructed Club; artista exato, gravação e prévia verificados no Deezer."
"deconstructed_club","Arca","Willow","XXXXX","","https://cdnt-preview.dzcdn.net/api/1/1/2/d/2/0/2d260619ea0829c04099e0526f54b73e.mp3?hdnea=exp=1787243728~acl=/api/1/1/2/d/2/0/2d260619ea0829c04099e0526f54b73e.mp3*~data=user_id=0,application_id=42~hmac=54afeb8595d71fc94558e86413559c3dc5fd74841f4d7294539d83ce386f4807","","227","","","","Deconstructed Club","Arca foi curado para ampliar a diversidade reproduzível de Deconstructed Club.","low_coverage_subgenre_expansion_v21_20260820","","https://www.deezer.com/track/4061361551","https://www.deezer.com/track/4061361551","4061361551","https://www.deezer.com/track/4061361551","https://cdn-images.dzcdn.net/images/cover/5bbd21d53a114da1bcd99662b353af76/500x500-000000-80-0-0.jpg","","verified_low_coverage_subgenre_depth","deconstructed_club;Deconstructed Club;curated_artist;playable_depth;low_coverage_subgenre_expansion_v21_20260820","catalog_depth","low_coverage_style_repair","published","high","Artista curado para Deconstructed Club; artista exato, gravação e prévia verificados no Deezer."
"deconstructed_club","Eartheater","Crown Jewel","Heavenly Body: If I'm The Bottle You’re The Message","","https://audio-ssl.itunes.apple.com/itunes-assets/AudioPreview221/v4/09/bd/5a/09bd5a96-71c3-92ee-e76f-6c039be4b8a5/mzaf_4510312692627225594.plus.aac.p.m4a","2026-06-10","241","","","","Deconstructed Club","Eartheater foi curado para ampliar a diversidade reproduzível de Deconstructed Club.","low_coverage_subgenre_expansion_v21_20260820","","https://music.apple.com/us/album/crown-jewel/1895849541?i=6764611568&uo=4","https://music.apple.com/us/album/crown-jewel/1895849541?i=6764611568&uo=4","3992727061","https://www.deezer.com/track/3992727061","https://is1-ssl.mzstatic.com/image/thumb/Music211/v4/1b/95/9b/1b959b4d-6a96-ef4d-7f69-76f181be9262/4514.jpg/600x600bb.jpg","","verified_low_coverage_subgenre_depth","deconstructed_club;Deconstructed Club;curated_artist;playable_depth;low_coverage_subgenre_expansion_v21_20260820;itunes_verified;deezer_verified","catalog_depth","low_coverage_style_repair","published","high","Artista curado para Deconstructed Club; artista exato, gravação e prévia verificados em Apple Music e Deezer."
"deconstructed_club","Eartheater","Fast Asleep","Heavenly Body: If I'm The Bottle You’re The Message","","https://cdnt-preview.dzcdn.net/api/1/1/2/4/b/0/24bf4eb0213c412d7b0100f34605835c.mp3?hdnea=exp=1787244008~acl=/api/1/1/2/4/b/0/24bf4eb0213c412d7b0100f34605835c.mp3*~data=user_id=0,application_id=42~hmac=939e9194050adf3355ce0df8a81bb43fb14057017e19e61bb5b1132475e5e187","","174","","","","Deconstructed Club","Eartheater foi curado para ampliar a diversidade reproduzível de Deconstructed Club.","low_coverage_subgenre_expansion_v21_20260820","","https://www.deezer.com/track/3992727121","https://www.deezer.com/track/3992727121","3992727121","https://www.deezer.com/track/3992727121","https://cdn-images.dzcdn.net/images/cover/d8a89d7f6e4c769ca6c8a7eb5683f862/500x500-000000-80-0-0.jpg","","verified_low_coverage_subgenre_depth","deconstructed_club;Deconstructed Club;curated_artist;playable_depth;low_coverage_subgenre_expansion_v21_20260820","catalog_depth","low_coverage_style_repair","published","high","Artista curado para Deconstructed Club; artista exato, gravação e prévia verificados no Deezer."
"deconstructed_club","Eartheater","Paradise Rains","Heavenly Body: If I'm The Bottle You’re The Message","","https://audio-ssl.itunes.apple.com/itunes-assets/AudioPreview221/v4/88/87/4e/88874e5d-2f60-e8e6-5112-f1bac7c996ac/mzaf_2234860221621075578.plus.aac.p.m4a","2026-05-13","199","","","","Deconstructed Club","Eartheater foi curado para ampliar a diversidade reproduzível de Deconstructed Club.","low_coverage_subgenre_expansion_v21_20260820","","https://music.apple.com/us/album/paradise-rains/1895849541?i=6764611564&uo=4","https://music.apple.com/us/album/paradise-rains/1895849541?i=6764611564&uo=4","3992727041","https://www.deezer.com/track/3992727041","https://is1-ssl.mzstatic.com/image/thumb/Music211/v4/1b/95/9b/1b959b4d-6a96-ef4d-7f69-76f181be9262/4514.jpg/600x600bb.jpg","","verified_low_coverage_subgenre_depth","deconstructed_club;Deconstructed Club;curated_artist;playable_depth;low_coverage_subgenre_expansion_v21_20260820;itunes_verified;deezer_verified","catalog_depth","low_coverage_style_repair","published","high","Artista curado para Deconstructed Club; artista exato, gravação e prévia verificados em Apple Music e Deezer."
"deconstructed_club","Eartheater","Scripture","Scripture - Single","","https://audio-ssl.itunes.apple.com/itunes-assets/AudioPreview115/v4/4c/d1/8d/4cd18d4c-9eb8-f96e-8bf8-b61d26b4fac7/mzaf_8623989789326761863.plus.aac.p.m4a","2021-10-06","251","","","","Deconstructed Club","Eartheater foi curado para ampliar a diversidade reproduzível de Deconstructed Club.","low_coverage_subgenre_expansion_v21_20260820","","https://music.apple.com/us/album/scripture/1586014922?i=1586014923&uo=4","https://music.apple.com/us/album/scripture/1586014922?i=1586014923&uo=4","1495290572","https://www.deezer.com/track/1495290572","https://is1-ssl.mzstatic.com/image/thumb/Music125/v4/cd/5f/76/cd5f76f5-d008-e177-9d5c-ceef9a94dbcc/1596.jpg/600x600bb.jpg","","verified_low_coverage_subgenre_depth","deconstructed_club;Deconstructed Club;curated_artist;playable_depth;low_coverage_subgenre_expansion_v21_20260820;itunes_verified;deezer_verified","catalog_depth","low_coverage_style_repair","published","high","Artista curado para Deconstructed Club; artista exato, gravação e prévia verificados em Apple Music e Deezer."
"drumfunk","Fanu","Five Ounces","The Silent Watcher","","https://audio-ssl.itunes.apple.com/itunes-assets/AudioPreview128/v4/62/4f/c4/624fc456-afd4-4952-5553-e73bec72ecd4/mzaf_326981325623625259.plus.aac.p.m4a","2017-03-21","373","","","","Drumfunk","Fanu foi curado para ampliar a diversidade reproduzível de Drumfunk.","low_coverage_subgenre_expansion_v21_20260820","","https://music.apple.com/us/album/five-ounces/1286313209?i=1286313621&uo=4","https://music.apple.com/us/album/five-ounces/1286313209?i=1286313621&uo=4","","","https://is1-ssl.mzstatic.com/image/thumb/Music118/v4/47/9f/28/479f2804-b80b-48fa-cd94-b3d6763fa76a/5051142084545_cover.jpg/600x600bb.jpg","","verified_low_coverage_subgenre_depth","drumfunk;Drumfunk;curated_artist;playable_depth;low_coverage_subgenre_expansion_v21_20260820","catalog_depth","low_coverage_style_repair","published","high","Artista curado para Drumfunk; artista exato, gravação e prévia verificados no Apple Music."
"drumfunk","Fanu","Headgames","Northern Exposure","","https://audio-ssl.itunes.apple.com/itunes-assets/AudioPreview113/v4/ed/d6/e0/edd6e05d-4c39-4f0c-276c-3430230f169f/mzaf_2288711413464055405.plus.aac.p.m4a","2023-03-03","320","","","","Drumfunk","Fanu foi curado para ampliar a diversidade reproduzível de Drumfunk.","low_coverage_subgenre_expansion_v21_20260820","","https://music.apple.com/us/album/headgames/1662879222?i=1662879496&uo=4","https://music.apple.com/us/album/headgames/1662879222?i=1662879496&uo=4","","","https://is1-ssl.mzstatic.com/image/thumb/Music116/v4/ad/5d/ec/ad5dec48-9328-65e7-5716-81d7395eae7e/cover.jpg/600x600bb.jpg","","verified_low_coverage_subgenre_depth","drumfunk;Drumfunk;curated_artist;playable_depth;low_coverage_subgenre_expansion_v21_20260820","catalog_depth","low_coverage_style_repair","published","high","Artista curado para Drumfunk; artista exato, gravação e prévia verificados no Apple Music."
"drumfunk","Fanu","Legacy (feat. Infader)","Legacy - EP","","https://audio-ssl.itunes.apple.com/itunes-assets/AudioPreview115/v4/70/e4/f8/70e4f8de-746b-b69a-b87c-53c0858eea6e/mzaf_10226780519510107875.plus.aac.p.m4a","2020-08-21","302","","","","Drumfunk","Fanu foi curado para ampliar a diversidade reproduzível de Drumfunk.","low_coverage_subgenre_expansion_v21_20260820","","https://music.apple.com/us/album/legacy-feat-infader/1525343877?i=1525343978&uo=4","https://music.apple.com/us/album/legacy-feat-infader/1525343877?i=1525343978&uo=4","","","https://is1-ssl.mzstatic.com/image/thumb/Music124/v4/6a/37/35/6a373571-3f66-33aa-5bad-75596b40d011/cover.jpg/600x600bb.jpg","","verified_low_coverage_subgenre_depth","drumfunk;Drumfunk;curated_artist;playable_depth;low_coverage_subgenre_expansion_v21_20260820","catalog_depth","low_coverage_style_repair","published","high","Artista curado para Drumfunk; artista exato, gravação e prévia verificados no Apple Music."
"drumfunk","Fanu","Tears of the Killer","Daylightless","","https://audio-ssl.itunes.apple.com/itunes-assets/AudioPreview115/v4/1a/c5/a0/1ac5a0b1-c20b-91a8-613a-c2b040316d69/mzaf_802329590659777655.plus.aac.p.m4a","2007-01-07","399","","","","Drumfunk","Fanu foi curado para ampliar a diversidade reproduzível de Drumfunk.","low_coverage_subgenre_expansion_v21_20260820","","https://music.apple.com/us/album/tears-of-the-killer/1284184569?i=1284186833&uo=4","https://music.apple.com/us/album/tears-of-the-killer/1284184569?i=1284186833&uo=4","","","https://is1-ssl.mzstatic.com/image/thumb/Music118/v4/f1/c1/ad/f1c1adbb-2e28-8692-87e5-53f4265c1702/5060157033141_cover.jpg/600x600bb.jpg","","verified_low_coverage_subgenre_depth","drumfunk;Drumfunk;curated_artist;playable_depth;low_coverage_subgenre_expansion_v21_20260820","catalog_depth","low_coverage_style_repair","published","high","Artista curado para Drumfunk; artista exato, gravação e prévia verificados no Apple Music."
"drumfunk","Fracture & Neptune","Bless Me","Retrospect - A Decade of Fracture & Neptune","","https://audio-ssl.itunes.apple.com/itunes-assets/AudioPreview125/v4/51/44/83/51448357-e787-f2e3-e1b1-b32eb5d66cdc/mzaf_13424605818289573670.plus.aac.p.m4a","2011-05-30","421","","","","Drumfunk","Fracture & Neptune foi curado para ampliar a diversidade reproduzível de Drumfunk.","low_coverage_subgenre_expansion_v21_20260820","","https://music.apple.com/us/album/bless-me/1514299389?i=1514299400&uo=4","https://music.apple.com/us/album/bless-me/1514299389?i=1514299400&uo=4","","","https://is1-ssl.mzstatic.com/image/thumb/Music113/v4/09/80/64/0980644e-1e98-ce29-a4be-cb8f1242d891/5056052728640_cover.jpg/600x600bb.jpg","","verified_low_coverage_subgenre_depth","drumfunk;Drumfunk;curated_artist;playable_depth;low_coverage_subgenre_expansion_v21_20260820","catalog_depth","low_coverage_style_repair","published","high","Artista curado para Drumfunk; artista exato, gravação e prévia verificados no Apple Music."
"drumfunk","Fracture & Neptune","Colemanism","Retrospect - A Decade of Fracture & Neptune","","https://audio-ssl.itunes.apple.com/itunes-assets/AudioPreview113/v4/95/c0/51/95c05178-e719-ffc1-c95c-f9a2ce03da9c/mzaf_8238888752312920117.plus.aac.p.m4a","2011-05-30","485","","","","Drumfunk","Fracture & Neptune foi curado para ampliar a diversidade reproduzível de Drumfunk.","low_coverage_subgenre_expansion_v21_20260820","","https://music.apple.com/us/album/colemanism/1514299389?i=1514299397&uo=4","https://music.apple.com/us/album/colemanism/1514299389?i=1514299397&uo=4","","","https://is1-ssl.mzstatic.com/image/thumb/Music113/v4/09/80/64/0980644e-1e98-ce29-a4be-cb8f1242d891/5056052728640_cover.jpg/600x600bb.jpg","","verified_low_coverage_subgenre_depth","drumfunk;Drumfunk;curated_artist;playable_depth;low_coverage_subgenre_expansion_v21_20260820","catalog_depth","low_coverage_style_repair","published","high","Artista curado para Drumfunk; artista exato, gravação e prévia verificados no Apple Music."
"drumfunk","Fracture & Neptune","Sky Song","Time Will Tell - Single","","https://audio-ssl.itunes.apple.com/itunes-assets/AudioPreview125/v4/95/06/b4/9506b417-79d5-e761-e075-291eb5f85e91/mzaf_6827808045347438446.plus.aac.p.m4a","2008-06-23","312","","","","Drumfunk","Fracture & Neptune foi curado para ampliar a diversidade reproduzível de Drumfunk.","low_coverage_subgenre_expansion_v21_20260820","","https://music.apple.com/us/album/sky-song/280637453?i=280637455&uo=4","https://music.apple.com/us/album/sky-song/280637453?i=280637455&uo=4","","","https://is1-ssl.mzstatic.com/image/thumb/Music/10/3d/30/mzi.pymfjwqr.jpg/600x600bb.jpg","","verified_low_coverage_subgenre_depth","drumfunk;Drumfunk;curated_artist;playable_depth;low_coverage_subgenre_expansion_v21_20260820","catalog_depth","low_coverage_style_repair","published","high","Artista curado para Drumfunk; artista exato, gravação e prévia verificados no Apple Music."
"drumfunk","Fracture & Neptune","Time Will Tell","Time Will Tell - Single","","https://audio-ssl.itunes.apple.com/itunes-assets/AudioPreview125/v4/b5/9c/e9/b59ce91e-c822-569b-23f5-3c546085eb98/mzaf_7574498280430812766.plus.aac.p.m4a","2008-06-23","371","","","","Drumfunk","Fracture & Neptune foi curado para ampliar a diversidade reproduzível de Drumfunk.","low_coverage_subgenre_expansion_v21_20260820","","https://music.apple.com/us/album/time-will-tell/280637453?i=280637454&uo=4","https://music.apple.com/us/album/time-will-tell/280637453?i=280637454&uo=4","","","https://is1-ssl.mzstatic.com/image/thumb/Music/10/3d/30/mzi.pymfjwqr.jpg/600x600bb.jpg","","verified_low_coverage_subgenre_depth","drumfunk;Drumfunk;curated_artist;playable_depth;low_coverage_subgenre_expansion_v21_20260820","catalog_depth","low_coverage_style_repair","published","high","Artista curado para Drumfunk; artista exato, gravação e prévia verificados no Apple Music."
"drumfunk","Macc","Drumslut","Subtle Audio (Deviant D&B, Vol. 2)","","https://audio-ssl.itunes.apple.com/itunes-assets/Music/eb/3a/e9/mzm.zniapnlo.aac.p.m4a","2007-11-12","507","","","","Drumfunk","Macc foi curado para ampliar a diversidade reproduzível de Drumfunk.","low_coverage_subgenre_expansion_v21_20260820","","https://music.apple.com/us/album/drumslut/478177800?i=478178607&uo=4","https://music.apple.com/us/album/drumslut/478177800?i=478178607&uo=4","","","https://is1-ssl.mzstatic.com/image/thumb/Music/3e/46/a8/mzi.vsgxoujp.jpg/600x600bb.jpg","","verified_low_coverage_subgenre_depth","drumfunk;Drumfunk;curated_artist;playable_depth;low_coverage_subgenre_expansion_v21_20260820","catalog_depth","low_coverage_style_repair","published","high","Artista curado para Drumfunk; artista exato, gravação e prévia verificados no Apple Music."
"drumfunk","Macc","For Once In My Life","For Once In My Life - Single","","https://audio-ssl.itunes.apple.com/itunes-assets/Music/v4/b1/03/f3/b103f302-4514-6abc-403b-be332145be80/mzaf_2245958345214737482.plus.aac.p.m4a","2007-12-14","405","","","","Drumfunk","Macc foi curado para ampliar a diversidade reproduzível de Drumfunk.","low_coverage_subgenre_expansion_v21_20260820","","https://music.apple.com/us/album/for-once-in-my-life/450670580?i=450670633&uo=4","https://music.apple.com/us/album/for-once-in-my-life/450670580?i=450670633&uo=4","","","https://is1-ssl.mzstatic.com/image/thumb/Music/2e/a8/39/mzi.xxchzfla.jpg/600x600bb.jpg","","verified_low_coverage_subgenre_depth","drumfunk;Drumfunk;curated_artist;playable_depth;low_coverage_subgenre_expansion_v21_20260820","catalog_depth","low_coverage_style_repair","published","high","Artista curado para Drumfunk; artista exato, gravação e prévia verificados no Apple Music."
"drumfunk","Macc","Messier 51","Subtle Audio (Deviant D&B, Vol. 2)","","https://audio-ssl.itunes.apple.com/itunes-assets/Music/48/6d/89/mzm.qwedsras.aac.p.m4a","2007-11-12","445","","","","Drumfunk","Macc foi curado para ampliar a diversidade reproduzível de Drumfunk.","low_coverage_subgenre_expansion_v21_20260820","","https://music.apple.com/us/album/messier-51/478177800?i=478178589&uo=4","https://music.apple.com/us/album/messier-51/478177800?i=478178589&uo=4","","","https://is1-ssl.mzstatic.com/image/thumb/Music/3e/46/a8/mzi.vsgxoujp.jpg/600x600bb.jpg","","verified_low_coverage_subgenre_depth","drumfunk;Drumfunk;curated_artist;playable_depth;low_coverage_subgenre_expansion_v21_20260820","catalog_depth","low_coverage_style_repair","published","high","Artista curado para Drumfunk; artista exato, gravação e prévia verificados no Apple Music."
"drumfunk","Macc","Think Down","For Once In My Life - Single","","https://audio-ssl.itunes.apple.com/itunes-assets/Music/v4/c4/73/05/c47305a3-326b-74f3-1c70-e8f5e17fe695/mzaf_6623789656289206030.plus.aac.p.m4a","2007-12-14","390","","","","Drumfunk","Macc foi curado para ampliar a diversidade reproduzível de Drumfunk.","low_coverage_subgenre_expansion_v21_20260820","","https://music.apple.com/us/album/think-down/450670580?i=450670635&uo=4","https://music.apple.com/us/album/think-down/450670580?i=450670635&uo=4","","","https://is1-ssl.mzstatic.com/image/thumb/Music/2e/a8/39/mzi.xxchzfla.jpg/600x600bb.jpg","","verified_low_coverage_subgenre_depth","drumfunk;Drumfunk;curated_artist;playable_depth;low_coverage_subgenre_expansion_v21_20260820","catalog_depth","low_coverage_style_repair","published","high","Artista curado para Drumfunk; artista exato, gravação e prévia verificados no Apple Music."
"drumstep","Delta Heavy","Against The Tide","No Gravity","","https://cdnt-preview.dzcdn.net/api/1/1/d/5/5/0/d55fcf04cb135ef6b8315bbcd0e5860e.mp3?hdnea=exp=1787243734~acl=/api/1/1/d/5/5/0/d55fcf04cb135ef6b8315bbcd0e5860e.mp3*~data=user_id=0,application_id=42~hmac=9f64320ffb6a2d45d874523854d22f309967fa1b4bc7a7e4abf4bcb865b6d36e","","209","","","","Drumstep","Delta Heavy foi curado para ampliar a diversidade reproduzível de Drumstep.","low_coverage_subgenre_expansion_v21_20260820","","https://www.deezer.com/track/2123847037","https://www.deezer.com/track/2123847037","2123847037","https://www.deezer.com/track/2123847037","https://cdn-images.dzcdn.net/images/cover/3f6507c36fe1314e4f12ee916cbcece0/500x500-000000-80-0-0.jpg","","verified_low_coverage_subgenre_depth","drumstep;Drumstep;curated_artist;playable_depth;low_coverage_subgenre_expansion_v21_20260820","catalog_depth","low_coverage_style_repair","published","high","Artista curado para Drumstep; artista exato, gravação e prévia verificados no Deezer."
"drumstep","Delta Heavy","Bad Decisions","Bad Decisions","","https://cdnt-preview.dzcdn.net/api/1/1/d/6/1/0/d61baac24094162493c5e1db39ffe4ab.mp3?hdnea=exp=1787243734~acl=/api/1/1/d/6/1/0/d61baac24094162493c5e1db39ffe4ab.mp3*~data=user_id=0,application_id=42~hmac=7fdd071f742d76e857331baee471757784f2952ae23698d780b634c4a821f207","","195","","","","Drumstep","Delta Heavy foi curado para ampliar a diversidade reproduzível de Drumstep.","low_coverage_subgenre_expansion_v21_20260820","","https://www.deezer.com/track/2727419641","https://www.deezer.com/track/2727419641","2727419641","https://www.deezer.com/track/2727419641","https://cdn-images.dzcdn.net/images/cover/0be41e61e3bb451b35eb6658af862528/500x500-000000-80-0-0.jpg","","verified_low_coverage_subgenre_depth","drumstep;Drumstep;curated_artist;playable_depth;low_coverage_subgenre_expansion_v21_20260820","catalog_depth","low_coverage_style_repair","published","high","Artista curado para Drumstep; artista exato, gravação e prévia verificados no Deezer."
"drumstep","Delta Heavy","Glow","Glow","","https://cdnt-preview.dzcdn.net/api/1/1/6/4/4/0/64477683978b568dbeac651d5240afd4.mp3?hdnea=exp=1787243734~acl=/api/1/1/6/4/4/0/64477683978b568dbeac651d5240afd4.mp3*~data=user_id=0,application_id=42~hmac=9982d779eafdbcb95ba4df33e008a0668a8ada4dade898317878d623c65a4b11","","231","","","","Drumstep","Delta Heavy foi curado para ampliar a diversidade reproduzível de Drumstep.","low_coverage_subgenre_expansion_v21_20260820","","https://www.deezer.com/track/3866815481","https://www.deezer.com/track/3866815481","3866815481","https://www.deezer.com/track/3866815481","https://cdn-images.dzcdn.net/images/cover/f1949296e7c158519d526a930af05a46/500x500-000000-80-0-0.jpg","","verified_low_coverage_subgenre_depth","drumstep;Drumstep;curated_artist;playable_depth;low_coverage_subgenre_expansion_v21_20260820","catalog_depth","low_coverage_style_repair","published","high","Artista curado para Drumstep; artista exato, gravação e prévia verificados no Deezer."
"drumstep","Delta Heavy","Hold Me","Overkill / Hold Me - Single","","https://audio-ssl.itunes.apple.com/itunes-assets/AudioPreview221/v4/fe/5a/de/fe5ade1e-55ed-8f64-0054-e23c5c42721a/mzaf_411050249750881973.plus.aac.p.m4a","2011-10-23","336","","","","Drumstep","Delta Heavy foi curado para ampliar a diversidade reproduzível de Drumstep.","low_coverage_subgenre_expansion_v21_20260820","","https://music.apple.com/us/album/hold-me/1410383329?i=1410383343&uo=4","https://music.apple.com/us/album/hold-me/1410383329?i=1410383343&uo=4","3786816492","https://www.deezer.com/track/3786816492","https://is1-ssl.mzstatic.com/image/thumb/Music125/v4/48/6a/79/486a796e-8968-a779-797a-dfe6c516a93c/5024441884369.jpg/600x600bb.jpg","","verified_low_coverage_subgenre_depth","drumstep;Drumstep;curated_artist;playable_depth;low_coverage_subgenre_expansion_v21_20260820;itunes_verified;deezer_verified","catalog_depth","low_coverage_style_repair","published","high","Artista curado para Drumstep; artista exato, gravação e prévia verificados em Apple Music e Deezer."
"drumstep","Modestep","Another Day","Evolution Theory (Deluxe Edition)","","https://cdnt-preview.dzcdn.net/api/1/1/9/a/6/0/9a68e4e2d27cd2856200191e97b3efc9.mp3?hdnea=exp=1787243899~acl=/api/1/1/9/a/6/0/9a68e4e2d27cd2856200191e97b3efc9.mp3*~data=user_id=0,application_id=42~hmac=dfa54f3e8902e76d6506b6c3482b88bbc652fa7dc23ef665f8703fe713093f29","","255","","","","Drumstep","Modestep foi curado para ampliar a diversidade reproduzível de Drumstep.","low_coverage_subgenre_expansion_v21_20260820","","https://www.deezer.com/track/64066287","https://www.deezer.com/track/64066287","64066304","https://www.deezer.com/track/64066304","https://cdn-images.dzcdn.net/images/cover/e0b36886234ad3f42cca11231b5a7faf/500x500-000000-80-0-0.jpg","","verified_low_coverage_subgenre_depth","drumstep;Drumstep;curated_artist;playable_depth;low_coverage_subgenre_expansion_v21_20260820;deezer_verified","catalog_depth","low_coverage_style_repair","published","high","Artista curado para Drumstep; artista exato, gravação e prévia verificados em Deezer."
"drumstep","Modestep","⁠Hang My Heart","Hang My Heart","","https://cdnt-preview.dzcdn.net/api/1/1/4/f/1/0/4f1d3f383a73eb69763b45fd1dd196d8.mp3?hdnea=exp=1787243899~acl=/api/1/1/4/f/1/0/4f1d3f383a73eb69763b45fd1dd196d8.mp3*~data=user_id=0,application_id=42~hmac=00042281135ccbc92b6e8af7661d1044db35627bffd025f4a038051aa9b9ccce","","207","","","","Drumstep","Modestep foi curado para ampliar a diversidade reproduzível de Drumstep.","low_coverage_subgenre_expansion_v21_20260820","","https://www.deezer.com/track/3393250931","https://www.deezer.com/track/3393250931","3393250931","https://www.deezer.com/track/3393250931","https://cdn-images.dzcdn.net/images/cover/2493c49ae40894e81d92e02752f171f7/500x500-000000-80-0-0.jpg","","verified_low_coverage_subgenre_depth","drumstep;Drumstep;curated_artist;playable_depth;low_coverage_subgenre_expansion_v21_20260820","catalog_depth","low_coverage_style_repair","published","high","Artista curado para Drumstep; artista exato, gravação e prévia verificados no Deezer."
"drumstep","Modestep","Show Me A Sign","Show Me A Sign","","https://cdnt-preview.dzcdn.net/api/1/1/8/d/8/0/8d8baa18bbaf2a2e16c5a59ca813fd45.mp3?hdnea=exp=1787243899~acl=/api/1/1/8/d/8/0/8d8baa18bbaf2a2e16c5a59ca813fd45.mp3*~data=user_id=0,application_id=42~hmac=7ae21b1a8c40dc627488ba884fda9c88fe349878f87269af10d5cc547f8ecc1a","","271","","","","Drumstep","Modestep foi curado para ampliar a diversidade reproduzível de Drumstep.","low_coverage_subgenre_expansion_v21_20260820","","https://www.deezer.com/track/17881354","https://www.deezer.com/track/17881354","17881355","https://www.deezer.com/track/17881355","https://cdn-images.dzcdn.net/images/cover/03bffe1d6f9f47ea09640a3413e53880/500x500-000000-80-0-0.jpg","","verified_low_coverage_subgenre_depth","drumstep;Drumstep;curated_artist;playable_depth;low_coverage_subgenre_expansion_v21_20260820;deezer_verified","catalog_depth","low_coverage_style_repair","published","high","Artista curado para Drumstep; artista exato, gravação e prévia verificados em Deezer."
"drumstep","Modestep","To the Stars","Evolution Theory (Deluxe Edition)","","https://audio-ssl.itunes.apple.com/itunes-assets/AudioPreview125/v4/38/8b/95/388b9528-1547-5496-a65a-93bbfc339dc7/mzaf_16539530900388574747.plus.aac.p.m4a","2011-11-04","237","","","","Drumstep","Modestep foi curado para ampliar a diversidade reproduzível de Drumstep.","low_coverage_subgenre_expansion_v21_20260820","","https://music.apple.com/us/album/to-the-stars/1442857724?i=1442858418&uo=4","https://music.apple.com/us/album/to-the-stars/1442857724?i=1442858418&uo=4","14235905","https://www.deezer.com/track/14235905","https://is1-ssl.mzstatic.com/image/thumb/Music124/v4/b4/21/fe/b421fea1-ce2a-bb55-b2d6-63fdd7f62ece/00602537297078.rgb.jpg/600x600bb.jpg","","verified_low_coverage_subgenre_depth","drumstep;Drumstep;curated_artist;playable_depth;low_coverage_subgenre_expansion_v21_20260820;itunes_verified;deezer_verified","catalog_depth","low_coverage_style_repair","published","high","Artista curado para Drumstep; artista exato, gravação e prévia verificados em Apple Music e Deezer."
"drumstep","Zardonic","Bitter","Bitter","","https://cdnt-preview.dzcdn.net/api/1/1/f/d/8/0/fd8cca2d8021002e0b6d998143213109.mp3?hdnea=exp=1787243738~acl=/api/1/1/f/d/8/0/fd8cca2d8021002e0b6d998143213109.mp3*~data=user_id=0,application_id=42~hmac=fc3f35165a6571a51d4b42a0b7ec9da1e2f17037b5167aa00302141808b1914e","","244","","","","Drumstep","Zardonic foi curado para ampliar a diversidade reproduzível de Drumstep.","low_coverage_subgenre_expansion_v21_20260820","","https://www.deezer.com/track/2118342717","https://www.deezer.com/track/2118342717","2118342717","https://www.deezer.com/track/2118342717","https://cdn-images.dzcdn.net/images/cover/867afa553050eda9f1b1be9678e29434/500x500-000000-80-0-0.jpg","","verified_low_coverage_subgenre_depth","drumstep;Drumstep;curated_artist;playable_depth;low_coverage_subgenre_expansion_v21_20260820","catalog_depth","low_coverage_style_repair","published","high","Artista curado para Drumstep; artista exato, gravação e prévia verificados no Deezer."
"drumstep","Zardonic","Bring It On (feat. Mikey Rukus)","Bring It On (feat. Mikey Rukus) - Single","","https://audio-ssl.itunes.apple.com/itunes-assets/AudioPreview125/v4/93/a5/b7/93a5b796-0366-b8d0-2170-7ed2ae0064d6/mzaf_10138265491224774244.plus.aac.p.m4a","2015-07-17","195","","","","Drumstep","Zardonic foi curado para ampliar a diversidade reproduzível de Drumstep.","low_coverage_subgenre_expansion_v21_20260820","","https://music.apple.com/us/album/bring-it-on-feat-mikey-rukus/1016964876?i=1016964892&uo=4","https://music.apple.com/us/album/bring-it-on-feat-mikey-rukus/1016964876?i=1016964892&uo=4","103736986","https://www.deezer.com/track/103736986","https://is1-ssl.mzstatic.com/image/thumb/Music7/v4/1d/c6/e6/1dc6e689-9795-a679-5a96-6cb9bd1ffa84/Zardonic_BringItOn_final_revised.jpg/600x600bb.jpg","","verified_low_coverage_subgenre_depth","drumstep;Drumstep;curated_artist;playable_depth;low_coverage_subgenre_expansion_v21_20260820;itunes_verified;deezer_verified","catalog_depth","low_coverage_style_repair","published","high","Artista curado para Drumstep; artista exato, gravação e prévia verificados em Apple Music e Deezer."
"drumstep","Zardonic","Revelation","Become","","https://audio-ssl.itunes.apple.com/itunes-assets/AudioPreview115/v4/9c/b1/41/9cb141b5-2a21-3f0f-875e-90bc434cefbb/mzaf_1976000553943890863.plus.aac.p.m4a","2018-09-26","258","","","","Drumstep","Zardonic foi curado para ampliar a diversidade reproduzível de Drumstep.","low_coverage_subgenre_expansion_v21_20260820","","https://music.apple.com/us/album/revelation/1414969049?i=1414969335&uo=4","https://music.apple.com/us/album/revelation/1414969049?i=1414969335&uo=4","532179252","https://www.deezer.com/track/532179252","https://is1-ssl.mzstatic.com/image/thumb/Music114/v4/5e/c0/79/5ec079e9-9540-a6db-a85f-a6ffe06cf490/Zardonic_Become_3000px.jpg/600x600bb.jpg","","verified_low_coverage_subgenre_depth","drumstep;Drumstep;curated_artist;playable_depth;low_coverage_subgenre_expansion_v21_20260820;itunes_verified;deezer_verified","catalog_depth","low_coverage_style_repair","published","high","Artista curado para Drumstep; artista exato, gravação e prévia verificados em Apple Music e Deezer."
"drumstep","Zardonic","Vigilante (Original Mix)","Antihero","","https://cdnt-preview.dzcdn.net/api/1/1/c/5/c/0/c5c49da26fa85355c79ce74637d05e80.mp3?hdnea=exp=1787243738~acl=/api/1/1/c/5/c/0/c5c49da26fa85355c79ce74637d05e80.mp3*~data=user_id=0,application_id=42~hmac=26519d6057f63d248cc66f0c59ca58d2e7e7c1196dc2270c41870d0198199cb7","","313","","","","Drumstep","Zardonic foi curado para ampliar a diversidade reproduzível de Drumstep.","low_coverage_subgenre_expansion_v21_20260820","","https://www.deezer.com/track/105995060","https://www.deezer.com/track/105995060","105995060","https://www.deezer.com/track/105995060","https://cdn-images.dzcdn.net/images/cover/18ad78d6764bb62411f6bff2bbee3525/500x500-000000-80-0-0.jpg","","verified_low_coverage_subgenre_depth","drumstep;Drumstep;curated_artist;playable_depth;low_coverage_subgenre_expansion_v21_20260820","catalog_depth","low_coverage_style_repair","published","high","Artista curado para Drumstep; artista exato, gravação e prévia verificados no Deezer."
"edm","Calvin Harris","How Deep Is Your Love","Laidback Beats","","https://cdnt-preview.dzcdn.net/api/1/1/2/7/b/0/27b4b9baa8d63fd89616e2334b4b48e9.mp3?hdnea=exp=1787244154~acl=/api/1/1/2/7/b/0/27b4b9baa8d63fd89616e2334b4b48e9.mp3*~data=user_id=0,application_id=42~hmac=61a326219379654aaa8684ac5f4ff835be4ef2df18698563b54b62dbd07b757f","","364","","","","EDM","Calvin Harris foi curado para ampliar a diversidade reproduzível de EDM.","low_coverage_subgenre_expansion_v21_20260820","","https://www.deezer.com/track/129312838","https://www.deezer.com/track/129312838","129312838","https://www.deezer.com/track/129312838","https://cdn-images.dzcdn.net/images/cover/f6a97799c408dc6620dca1890c5e5dbd/500x500-000000-80-0-0.jpg","","verified_low_coverage_subgenre_depth","edm;EDM;curated_artist;playable_depth;low_coverage_subgenre_expansion_v21_20260820","catalog_depth","low_coverage_style_repair","published","high","Artista curado para EDM; artista exato, gravação e prévia verificados no Deezer."
"edm","Calvin Harris","Summer","Motion","","https://audio-ssl.itunes.apple.com/itunes-assets/AudioPreview211/v4/dd/84/bb/dd84bb40-8582-1688-99ee-e0e910d07e53/mzaf_13428644382929655820.plus.aac.p.m4a","2014-03-14","223","","","","EDM","Calvin Harris foi curado para ampliar a diversidade reproduzível de EDM.","low_coverage_subgenre_expansion_v21_20260820","","https://music.apple.com/us/album/summer/922876176?i=922876189&uo=4","https://music.apple.com/us/album/summer/922876176?i=922876189&uo=4","","","https://is1-ssl.mzstatic.com/image/thumb/Music211/v4/da/50/cc/da50cc80-3515-a38d-369b-0d700ffd249d/886444820448.jpg/600x600bb.jpg","","verified_low_coverage_subgenre_depth","edm;EDM;curated_artist;playable_depth;low_coverage_subgenre_expansion_v21_20260820","catalog_depth","low_coverage_style_repair","published","high","Artista curado para EDM; artista exato, gravação e prévia verificados no Apple Music."
"edm","Calvin Harris","Sweet Nothing (feat. Florence Welch)","18 Months","","https://audio-ssl.itunes.apple.com/itunes-assets/AudioPreview116/v4/87/6b/29/876b29ee-586e-c375-8afa-4fec8f395c96/mzaf_10966959714852930749.plus.aac.p.m4a","2012-10-11","214","","","","EDM","Calvin Harris foi curado para ampliar a diversidade reproduzível de EDM.","low_coverage_subgenre_expansion_v21_20260820","","https://music.apple.com/us/album/sweet-nothing-feat-florence-welch/1713469222?i=1713469232&uo=4","https://music.apple.com/us/album/sweet-nothing-feat-florence-welch/1713469222?i=1713469232&uo=4","","","https://is1-ssl.mzstatic.com/image/thumb/Music126/v4/ab/af/22/abaf2296-ed4d-6da2-c24d-503cfdfa4c1f/0617465356858.jpg/600x600bb.jpg","","verified_low_coverage_subgenre_depth","edm;EDM;curated_artist;playable_depth;low_coverage_subgenre_expansion_v21_20260820","catalog_depth","low_coverage_style_repair","published","high","Artista curado para EDM; artista exato, gravação e prévia verificados no Apple Music."
"edm","Calvin Harris","Thinking About You (feat. Ayah Marar)","18 Months","","https://audio-ssl.itunes.apple.com/itunes-assets/AudioPreview116/v4/4a/d7/fe/4ad7fe4e-dfd2-51c3-391e-1f8750427621/mzaf_5824482684670281772.plus.aac.p.m4a","2012-10-26","248","","","","EDM","Calvin Harris foi curado para ampliar a diversidade reproduzível de EDM.","low_coverage_subgenre_expansion_v21_20260820","","https://music.apple.com/us/album/thinking-about-you-feat-ayah-marar/1713469222?i=1713469237&uo=4","https://music.apple.com/us/album/thinking-about-you-feat-ayah-marar/1713469222?i=1713469237&uo=4","","","https://is1-ssl.mzstatic.com/image/thumb/Music126/v4/ab/af/22/abaf2296-ed4d-6da2-c24d-503cfdfa4c1f/0617465356858.jpg/600x600bb.jpg","","verified_low_coverage_subgenre_depth","edm;EDM;curated_artist;playable_depth;low_coverage_subgenre_expansion_v21_20260820","catalog_depth","low_coverage_style_repair","published","high","Artista curado para EDM; artista exato, gravação e prévia verificados no Apple Music."
"edm","David Guetta","Flames","Flames","","https://cdnt-preview.dzcdn.net/api/1/1/0/a/4/0/0a4113c32853087d6eee492388cec797.mp3?hdnea=exp=1787243846~acl=/api/1/1/0/a/4/0/0a4113c32853087d6eee492388cec797.mp3*~data=user_id=0,application_id=42~hmac=346b771b6e58692aee76970d6367cb124ce8fb3ea106f1cea309d13e774edc51","","195","","","","EDM","David Guetta foi curado para ampliar a diversidade reproduzível de EDM.","low_coverage_subgenre_expansion_v21_20260820","","https://www.deezer.com/track/473784012","https://www.deezer.com/track/473784012","473784012","https://www.deezer.com/track/473784012","https://cdn-images.dzcdn.net/images/cover/00ba194ad2417b1cc6d79a34113995cb/500x500-000000-80-0-0.jpg","","verified_low_coverage_subgenre_depth","edm;EDM;curated_artist;playable_depth;low_coverage_subgenre_expansion_v21_20260820","catalog_depth","low_coverage_style_repair","published","high","Artista curado para EDM; artista exato, gravação e prévia verificados no Deezer."
"edm","David Guetta","Say My Name","7","","https://cdnt-preview.dzcdn.net/api/1/1/7/d/9/0/7d973f561ecb9540c487181f653a220e.mp3?hdnea=exp=1787243846~acl=/api/1/1/7/d/9/0/7d973f561ecb9540c487181f653a220e.mp3*~data=user_id=0,application_id=42~hmac=9b5915ed44197f4499d5f698b3a29e683194401904238d10c526a830baa6070d","","198","","","","EDM","David Guetta foi curado para ampliar a diversidade reproduzível de EDM.","low_coverage_subgenre_expansion_v21_20260820","","https://www.deezer.com/track/553056592","https://www.deezer.com/track/553056592","553056592","https://www.deezer.com/track/553056592","https://cdn-images.dzcdn.net/images/cover/c292dc8a43814f6617f0e24e62c33489/500x500-000000-80-0-0.jpg","","verified_low_coverage_subgenre_depth","edm;EDM;curated_artist;playable_depth;low_coverage_subgenre_expansion_v21_20260820","catalog_depth","low_coverage_style_repair","published","high","Artista curado para EDM; artista exato, gravação e prévia verificados no Deezer."
"edm","David Guetta","Sexy Bitch (feat. Akon)","One More Love","","https://cdnt-preview.dzcdn.net/api/1/1/4/0/2/0/4025ca1b09a4c56e8fa788dc6cf4fa6d.mp3?hdnea=exp=1787243846~acl=/api/1/1/4/0/2/0/4025ca1b09a4c56e8fa788dc6cf4fa6d.mp3*~data=user_id=0,application_id=42~hmac=9c0e88d60579895aa3439e9be669db03b4752d702cf7ff03944acd3fdfc4b404","","195","","","","EDM","David Guetta foi curado para ampliar a diversidade reproduzível de EDM.","low_coverage_subgenre_expansion_v21_20260820","","https://www.deezer.com/track/673165762","https://www.deezer.com/track/673165762","673165762","https://www.deezer.com/track/673165762","https://cdn-images.dzcdn.net/images/cover/052de888ea3a0a6f30d564850a07967d/500x500-000000-80-0-0.jpg","","verified_low_coverage_subgenre_depth","edm;EDM;curated_artist;playable_depth;low_coverage_subgenre_expansion_v21_20260820","catalog_depth","low_coverage_style_repair","published","high","Artista curado para EDM; artista exato, gravação e prévia verificados no Deezer."
"edm","David Guetta","Who's That Chick? (feat. Rihanna)","One More Love","","https://audio-ssl.itunes.apple.com/itunes-assets/AudioPreview221/v4/67/84/cb/6784cb01-876e-8863-7539-37901bcc1757/mzaf_714194573104258027.plus.aac.p.m4a","2009-08-24","201","","","","EDM","David Guetta foi curado para ampliar a diversidade reproduzível de EDM.","low_coverage_subgenre_expansion_v21_20260820","","https://music.apple.com/us/album/whos-that-chick-feat-rihanna/1715686450?i=1715688715&uo=4","https://music.apple.com/us/album/whos-that-chick-feat-rihanna/1715686450?i=1715688715&uo=4","7754541","https://www.deezer.com/track/7754541","https://is1-ssl.mzstatic.com/image/thumb/Music116/v4/7f/26/33/7f2633e4-dace-c4b5-2920-f3bae1b48b08/5099990785054.jpg/600x600bb.jpg","","verified_low_coverage_subgenre_depth","edm;EDM;curated_artist;playable_depth;low_coverage_subgenre_expansion_v21_20260820;itunes_verified;deezer_verified","catalog_depth","low_coverage_style_repair","published","high","Artista curado para EDM; artista exato, gravação e prévia verificados em Apple Music e Deezer."
"edm","Tiësto","Adagio for Strings","Just Be","","https://audio-ssl.itunes.apple.com/itunes-assets/AudioPreview211/v4/f4/1f/10/f41f101f-ac26-f118-58e3-ed7de160c940/mzaf_2804816464855919506.plus.aac.p.m4a","2004-04-06","443","","","","EDM","Tiësto foi curado para ampliar a diversidade reproduzível de EDM.","low_coverage_subgenre_expansion_v21_20260820","","https://music.apple.com/us/album/adagio-for-strings/1793815902?i=1793816548&uo=4","https://music.apple.com/us/album/adagio-for-strings/1793815902?i=1793816548&uo=4","132560802","https://www.deezer.com/track/132560802","https://is1-ssl.mzstatic.com/image/thumb/Music221/v4/e7/98/da/e798da87-e16c-5f14-0d94-3f2874ad2129/8715197080323.jpg/600x600bb.jpg","","verified_low_coverage_subgenre_depth","edm;EDM;curated_artist;playable_depth;low_coverage_subgenre_expansion_v21_20260820;itunes_verified;deezer_verified","catalog_depth","low_coverage_style_repair","published","high","Artista curado para EDM; artista exato, gravação e prévia verificados em Apple Music e Deezer."
"edm","Tiësto","Coffee (Give Me Something)","Coffee (Give Me Something)","","https://cdnt-preview.dzcdn.net/api/1/1/8/b/a/0/8bafe3a05872c8493e967ee8ee22b366.mp3?hdnea=exp=1787243847~acl=/api/1/1/8/b/a/0/8bafe3a05872c8493e967ee8ee22b366.mp3*~data=user_id=0,application_id=42~hmac=019044f1bdd1365328f4ba6348ba6739b44f239fc502f81e2ecc07847bb59c9d","","189","","","","EDM","Tiësto foi curado para ampliar a diversidade reproduzível de EDM.","low_coverage_subgenre_expansion_v21_20260820","","https://www.deezer.com/track/1048015732","https://www.deezer.com/track/1048015732","1048015732","https://www.deezer.com/track/1048015732","https://cdn-images.dzcdn.net/images/cover/d5bfe6e81fe3d56cac114edb3e860190/500x500-000000-80-0-0.jpg","","verified_low_coverage_subgenre_depth","edm;EDM;curated_artist;playable_depth;low_coverage_subgenre_expansion_v21_20260820","catalog_depth","low_coverage_style_repair","published","high","Artista curado para EDM; artista exato, gravação e prévia verificados no Deezer."
"edm","Tiësto","Jackie Chan","Jackie Chan","","https://cdnt-preview.dzcdn.net/api/1/1/0/4/d/0/04dd26582ea186ae52ef87912d1ed566.mp3?hdnea=exp=1787243847~acl=/api/1/1/0/4/d/0/04dd26582ea186ae52ef87912d1ed566.mp3*~data=user_id=0,application_id=42~hmac=7e924ddeadb0b9f5b23c984c3105740b8b52ee9169cde243ceaf251b024c70de","","216","","","","EDM","Tiësto foi curado para ampliar a diversidade reproduzível de EDM.","low_coverage_subgenre_expansion_v21_20260820","","https://www.deezer.com/track/499994962","https://www.deezer.com/track/499994962","499994962","https://www.deezer.com/track/499994962","https://cdn-images.dzcdn.net/images/cover/bab7fb0d0bfd1e98756aa70f8efe9128/500x500-000000-80-0-0.jpg","","verified_low_coverage_subgenre_depth","edm;EDM;curated_artist;playable_depth;low_coverage_subgenre_expansion_v21_20260820","catalog_depth","low_coverage_style_repair","published","high","Artista curado para EDM; artista exato, gravação e prévia verificados no Deezer."
"edm","Tiësto","Ritual","Ritual","","https://cdnt-preview.dzcdn.net/api/1/1/4/f/7/0/4f7a201c8756efe79018b9b9571031c5.mp3?hdnea=exp=1787243847~acl=/api/1/1/4/f/7/0/4f7a201c8756efe79018b9b9571031c5.mp3*~data=user_id=0,application_id=42~hmac=cb78b7966122696405e09585d6742223a21bc5bf95070cd63bb9ffc4803b8dfa","","199","","","","EDM","Tiësto foi curado para ampliar a diversidade reproduzível de EDM.","low_coverage_subgenre_expansion_v21_20260820","","https://www.deezer.com/track/685843722","https://www.deezer.com/track/685843722","685843722","https://www.deezer.com/track/685843722","https://cdn-images.dzcdn.net/images/cover/5e0101413ddcf2c692b8c81647ff3c9e/500x500-000000-80-0-0.jpg","","verified_low_coverage_subgenre_depth","edm;EDM;curated_artist;playable_depth;low_coverage_subgenre_expansion_v21_20260820","catalog_depth","low_coverage_style_repair","published","high","Artista curado para EDM; artista exato, gravação e prévia verificados no Deezer."
"edm_trap","Flosstradamus","How You Gon' Do That (feat. Cara)","How You Gon' Do That (feat. Cara) - Single","","https://audio-ssl.itunes.apple.com/itunes-assets/AudioPreview115/v4/cb/76/d6/cb76d612-5a1a-c435-beae-4c045b499c85/mzaf_3570317165316855441.plus.aac.p.m4a","2017-06-23","223","","","","EDM Trap","Flosstradamus foi curado para ampliar a diversidade reproduzível de EDM Trap.","low_coverage_subgenre_expansion_v21_20260820","","https://music.apple.com/us/album/how-you-gon-do-that-feat-cara/1244958719?i=1244958720&uo=4","https://music.apple.com/us/album/how-you-gon-do-that-feat-cara/1244958719?i=1244958720&uo=4","370371601","https://www.deezer.com/track/370371601","https://is1-ssl.mzstatic.com/image/thumb/Music117/v4/bc/8c/cd/bc8ccd9d-3815-a3c2-bdf2-08ba96f88e8f/0617465879555.jpg/600x600bb.jpg","","verified_low_coverage_subgenre_depth","edm_trap;EDM Trap;curated_artist;playable_depth;low_coverage_subgenre_expansion_v21_20260820;itunes_verified;deezer_verified","catalog_depth","low_coverage_style_repair","published","high","Artista curado para EDM Trap; artista exato, gravação e prévia verificados em Apple Music e Deezer."
"edm_trap","Flosstradamus","MVP (feat. Smokepurpp)","MVP (feat. Smokepurpp)","","https://cdnt-preview.dzcdn.net/api/1/1/2/0/2/0/2028da07615ee6571fc74ce98c82a22e.mp3?hdnea=exp=1787243738~acl=/api/1/1/2/0/2/0/2028da07615ee6571fc74ce98c82a22e.mp3*~data=user_id=0,application_id=42~hmac=c648cd188fcc40b060fd58fd63fa94ee0cde835bffba18795ff2a54b5521baca","","145","","","","EDM Trap","Flosstradamus foi curado para ampliar a diversidade reproduzível de EDM Trap.","low_coverage_subgenre_expansion_v21_20260820","","https://www.deezer.com/track/482213732","https://www.deezer.com/track/482213732","495705302","https://www.deezer.com/track/495705302","https://cdn-images.dzcdn.net/images/cover/cb994a7091c4b00c027385b979d0d61e/500x500-000000-80-0-0.jpg","","verified_low_coverage_subgenre_depth","edm_trap;EDM Trap;curated_artist;playable_depth;low_coverage_subgenre_expansion_v21_20260820;deezer_verified","catalog_depth","low_coverage_style_repair","published","high","Artista curado para EDM Trap; artista exato, gravação e prévia verificados em Deezer."
"edm_trap","Flosstradamus","Prison Riot","Soundclash","","https://cdnt-preview.dzcdn.net/api/1/1/7/3/7/0/737c867b33cd7e9006af7df0d8792a2f.mp3?hdnea=exp=1787243738~acl=/api/1/1/7/3/7/0/737c867b33cd7e9006af7df0d8792a2f.mp3*~data=user_id=0,application_id=42~hmac=380892fee9ff8e7d278a4f5d008a2979ffdfd527cd66650724ab3cc5e57917b9","","189","","","","EDM Trap","Flosstradamus foi curado para ampliar a diversidade reproduzível de EDM Trap.","low_coverage_subgenre_expansion_v21_20260820","","https://www.deezer.com/track/98068146","https://www.deezer.com/track/98068146","113415322","https://www.deezer.com/track/113415322","https://cdn-images.dzcdn.net/images/cover/92a1deff1a4fcc8c8700286dda1086dd/500x500-000000-80-0-0.jpg","","verified_low_coverage_subgenre_depth","edm_trap;EDM Trap;curated_artist;playable_depth;low_coverage_subgenre_expansion_v21_20260820;deezer_verified","catalog_depth","low_coverage_style_repair","published","high","Artista curado para EDM Trap; artista exato, gravação e prévia verificados em Deezer."
"edm_trap","Flosstradamus","Soundclash","Soundclash","","https://cdnt-preview.dzcdn.net/api/1/1/a/3/d/0/a3de2d9dc9d0c41f60dd464bb68a8605.mp3?hdnea=exp=1787243738~acl=/api/1/1/a/3/d/0/a3de2d9dc9d0c41f60dd464bb68a8605.mp3*~data=user_id=0,application_id=42~hmac=f8616b8963d3bda1ca972ec492dd0d3723751d84119b80f6faf10f4b428f6841","","201","","","","EDM Trap","Flosstradamus foi curado para ampliar a diversidade reproduzível de EDM Trap.","low_coverage_subgenre_expansion_v21_20260820","","https://www.deezer.com/track/94555892","https://www.deezer.com/track/94555892","94555892","https://www.deezer.com/track/94555892","https://cdn-images.dzcdn.net/images/cover/43f535693da618a13f0a85e8d227bb1b/500x500-000000-80-0-0.jpg","","verified_low_coverage_subgenre_depth","edm_trap;EDM Trap;curated_artist;playable_depth;low_coverage_subgenre_expansion_v21_20260820","catalog_depth","low_coverage_style_repair","published","high","Artista curado para EDM Trap; artista exato, gravação e prévia verificados no Deezer."
"edm_trap","Hucci","Cashmere","Rose Gold","","https://cdnt-preview.dzcdn.net/api/1/1/2/8/3/0/2833569af3cf93dc95b6dddcbe6086a3.mp3?hdnea=exp=1787243901~acl=/api/1/1/2/8/3/0/2833569af3cf93dc95b6dddcbe6086a3.mp3*~data=user_id=0,application_id=42~hmac=09c4c7ba11e4cb39159aa428e3b90e9161ae3d2191fcd1df3d110626d0a1b62b","","260","","","","EDM Trap","Hucci foi curado para ampliar a diversidade reproduzível de EDM Trap.","low_coverage_subgenre_expansion_v21_20260820","","https://www.deezer.com/track/2066225227","https://www.deezer.com/track/2066225227","2066225227","https://www.deezer.com/track/2066225227","https://cdn-images.dzcdn.net/images/cover/c26239649585be1a250fd7407efa98b6/500x500-000000-80-0-0.jpg","","verified_low_coverage_subgenre_depth","edm_trap;EDM Trap;curated_artist;playable_depth;low_coverage_subgenre_expansion_v21_20260820","catalog_depth","low_coverage_style_repair","published","high","Artista curado para EDM Trap; artista exato, gravação e prévia verificados no Deezer."
"edm_trap","Hucci","iii","iii","","https://cdnt-preview.dzcdn.net/api/1/1/9/e/6/0/9e6f56f1b1f84cdd80e54793b1b37be5.mp3?hdnea=exp=1787243901~acl=/api/1/1/9/e/6/0/9e6f56f1b1f84cdd80e54793b1b37be5.mp3*~data=user_id=0,application_id=42~hmac=4e83f342526d6e2c466f1398a3ee2190f4d4d89ce032d703b334f68f0c872b4c","","305","","","","EDM Trap","Hucci foi curado para ampliar a diversidade reproduzível de EDM Trap.","low_coverage_subgenre_expansion_v21_20260820","","https://www.deezer.com/track/2100940627","https://www.deezer.com/track/2100940627","2100940627","https://www.deezer.com/track/2100940627","https://cdn-images.dzcdn.net/images/cover/240b7086e2316f5e465a54dee8145b2d/500x500-000000-80-0-0.jpg","","verified_low_coverage_subgenre_depth","edm_trap;EDM Trap;curated_artist;playable_depth;low_coverage_subgenre_expansion_v21_20260820","catalog_depth","low_coverage_style_repair","published","high","Artista curado para EDM Trap; artista exato, gravação e prévia verificados no Deezer."
"edm_trap","Hucci","Street League","Street League / Cleopatra","","https://cdnt-preview.dzcdn.net/api/1/1/9/a/0/0/9a0efcaeb34d846065e5824a7250b79b.mp3?hdnea=exp=1787243901~acl=/api/1/1/9/a/0/0/9a0efcaeb34d846065e5824a7250b79b.mp3*~data=user_id=0,application_id=42~hmac=8b3a2353768f0401f31d418fba06654ffd4e07a154675862fc619bad69e8bd2e","","102","","","","EDM Trap","Hucci foi curado para ampliar a diversidade reproduzível de EDM Trap.","low_coverage_subgenre_expansion_v21_20260820","","https://www.deezer.com/track/3635465002","https://www.deezer.com/track/3635465002","3635465002","https://www.deezer.com/track/3635465002","https://cdn-images.dzcdn.net/images/cover/f4778567dc2a60f31460bb022ad7608f/500x500-000000-80-0-0.jpg","","verified_low_coverage_subgenre_depth","edm_trap;EDM Trap;curated_artist;playable_depth;low_coverage_subgenre_expansion_v21_20260820","catalog_depth","low_coverage_style_repair","published","high","Artista curado para EDM Trap; artista exato, gravação e prévia verificados no Deezer."
"edm_trap","Hucci","Vision","Vision","","https://cdnt-preview.dzcdn.net/api/1/1/d/4/c/0/d4c8fab9f0fbcad4338185743b2b64f8.mp3?hdnea=exp=1787243901~acl=/api/1/1/d/4/c/0/d4c8fab9f0fbcad4338185743b2b64f8.mp3*~data=user_id=0,application_id=42~hmac=d5e06e30be7b655e30b3d53ce9f0bbdc7bf90854d9e32d4a00ff8a329366bb57","","269","","","","EDM Trap","Hucci foi curado para ampliar a diversidade reproduzível de EDM Trap.","low_coverage_subgenre_expansion_v21_20260820","","https://www.deezer.com/track/2057456247","https://www.deezer.com/track/2057456247","2057456247","https://www.deezer.com/track/2057456247","https://cdn-images.dzcdn.net/images/cover/e40ccf73637b1563493c8af8d40c756e/500x500-000000-80-0-0.jpg","","verified_low_coverage_subgenre_depth","edm_trap;EDM Trap;curated_artist;playable_depth;low_coverage_subgenre_expansion_v21_20260820","catalog_depth","low_coverage_style_repair","published","high","Artista curado para EDM Trap; artista exato, gravação e prévia verificados no Deezer."
"edm_trap","UZ","Trap Shit V13","Trap Shit V12/13 - EP","","https://audio-ssl.itunes.apple.com/itunes-assets/AudioPreview125/v4/31/27/ae/3127ae68-b297-1745-a1f0-88baedb65cca/mzaf_6023304600573660316.plus.aac.p.m4a","2013-04-05","218","","","","EDM Trap","UZ foi curado para ampliar a diversidade reproduzível de EDM Trap.","low_coverage_subgenre_expansion_v21_20260820","","https://music.apple.com/us/album/trap-shit-v13/616383137?i=616383140&uo=4","https://music.apple.com/us/album/trap-shit-v13/616383137?i=616383140&uo=4","","","https://is1-ssl.mzstatic.com/image/thumb/Music2/v4/06/d8/24/06d82431-f6ec-b707-5d41-6d57f992b6aa/4018939238803_Cover.jpg/600x600bb.jpg","","verified_low_coverage_subgenre_depth","edm_trap;EDM Trap;curated_artist;playable_depth;low_coverage_subgenre_expansion_v21_20260820","catalog_depth","low_coverage_style_repair","published","high","Artista curado para EDM Trap; artista exato, gravação e prévia verificados no Apple Music."
"edm_trap","UZ","Trap Shit V17","Trap Shit 17/20 - EP","","https://audio-ssl.itunes.apple.com/itunes-assets/AudioPreview221/v4/25/e6/f6/25e6f60a-c2ae-badf-adb8-943465625f82/mzaf_13060735557073639091.plus.aac.p.m4a","2014-04-15","211","","","","EDM Trap","UZ foi curado para ampliar a diversidade reproduzível de EDM Trap.","low_coverage_subgenre_expansion_v21_20260820","","https://music.apple.com/us/album/trap-shit-v17/860231489?i=860231614&uo=4","https://music.apple.com/us/album/trap-shit-v17/860231489?i=860231614&uo=4","","","https://is1-ssl.mzstatic.com/image/thumb/Music211/v4/8f/ae/f4/8faef40c-784a-f843-960a-6e1f6b264af4/277.jpg/600x600bb.jpg","","verified_low_coverage_subgenre_depth","edm_trap;EDM Trap;curated_artist;playable_depth;low_coverage_subgenre_expansion_v21_20260820","catalog_depth","low_coverage_style_repair","published","high","Artista curado para EDM Trap; artista exato, gravação e prévia verificados no Apple Music."
"edm_trap","UZ","Trap Shit V18","Trap Shit 17/20 - EP","","https://audio-ssl.itunes.apple.com/itunes-assets/AudioPreview211/v4/13/33/0b/13330be0-3002-32cc-0d5d-e353e899ed22/mzaf_13464900095785759534.plus.aac.p.m4a","2014-04-15","218","","","","EDM Trap","UZ foi curado para ampliar a diversidade reproduzível de EDM Trap.","low_coverage_subgenre_expansion_v21_20260820","","https://music.apple.com/us/album/trap-shit-v18/860231489?i=860231616&uo=4","https://music.apple.com/us/album/trap-shit-v18/860231489?i=860231616&uo=4","","","https://is1-ssl.mzstatic.com/image/thumb/Music211/v4/8f/ae/f4/8faef40c-784a-f843-960a-6e1f6b264af4/277.jpg/600x600bb.jpg","","verified_low_coverage_subgenre_depth","edm_trap;EDM Trap;curated_artist;playable_depth;low_coverage_subgenre_expansion_v21_20260820","catalog_depth","low_coverage_style_repair","published","high","Artista curado para EDM Trap; artista exato, gravação e prévia verificados no Apple Music."
"edm_trap","UZ","Trap Shit V24","Flames - EP","","https://cdnt-preview.dzcdn.net/api/1/1/1/9/2/0/192ab6af5bf336613e28424b62c5c84e.mp3?hdnea=exp=1787243740~acl=/api/1/1/1/9/2/0/192ab6af5bf336613e28424b62c5c84e.mp3*~data=user_id=0,application_id=42~hmac=d22df36fa6c72f6b549ca507589e770b30bb2214845d511105ef2225407da4fd","","183","","","","EDM Trap","UZ foi curado para ampliar a diversidade reproduzível de EDM Trap.","low_coverage_subgenre_expansion_v21_20260820","","https://www.deezer.com/track/1733634407","https://www.deezer.com/track/1733634407","1733634407","https://www.deezer.com/track/1733634407","https://cdn-images.dzcdn.net/images/cover/4b1fb5749118b7804634d21e75a63d18/500x500-000000-80-0-0.jpg","","verified_low_coverage_subgenre_depth","edm_trap;EDM Trap;curated_artist;playable_depth;low_coverage_subgenre_expansion_v21_20260820","catalog_depth","low_coverage_style_repair","published","high","Artista curado para EDM Trap; artista exato, gravação e prévia verificados no Deezer."
"electronic_dance_pop","Calvin Harris","How Deep Is Your Love","Laidback Beats","","https://cdnt-preview.dzcdn.net/api/1/1/2/7/b/0/27b4b9baa8d63fd89616e2334b4b48e9.mp3?hdnea=exp=1787244281~acl=/api/1/1/2/7/b/0/27b4b9baa8d63fd89616e2334b4b48e9.mp3*~data=user_id=0,application_id=42~hmac=bf728496aa6cd18eae16e33dbaaf3635377f52ebc7dde18cbc88bb69798a3d1e","","364","","","","Electronic Dance-Pop","Calvin Harris foi curado para ampliar a diversidade reproduzível de Electronic Dance-Pop.","low_coverage_subgenre_expansion_v21_20260820","","https://www.deezer.com/track/129312838","https://www.deezer.com/track/129312838","129312838","https://www.deezer.com/track/129312838","https://cdn-images.dzcdn.net/images/cover/f6a97799c408dc6620dca1890c5e5dbd/500x500-000000-80-0-0.jpg","","verified_low_coverage_subgenre_depth","electronic_dance_pop;Electronic Dance-Pop;curated_artist;playable_depth;low_coverage_subgenre_expansion_v21_20260820","catalog_depth","low_coverage_style_repair","published","high","Artista curado para Electronic Dance-Pop; artista exato, gravação e prévia verificados no Deezer."
"electronic_dance_pop","Calvin Harris","Let's Go (feat. Ne-Yo)","R.E.D. (Deluxe Edition)","","https://audio-ssl.itunes.apple.com/itunes-assets/AudioPreview211/v4/de/3a/18/de3a1891-762b-461b-338b-876cc51ba714/mzaf_7537471728798815104.plus.aac.p.m4a","2012-03-30","233","","","","Electronic Dance-Pop","Calvin Harris foi curado para ampliar a diversidade reproduzível de Electronic Dance-Pop.","low_coverage_subgenre_expansion_v21_20260820","","https://music.apple.com/us/album/lets-go-feat-ne-yo/1443808815?i=1443809112&uo=4","https://music.apple.com/us/album/lets-go-feat-ne-yo/1443808815?i=1443809112&uo=4","","","https://is1-ssl.mzstatic.com/image/thumb/Music112/v4/d7/e0/70/d7e070b0-f28e-a231-5d19-c4dc0ffe923a/12UMGIM54634.rgb.jpg/600x600bb.jpg","","verified_low_coverage_subgenre_depth","electronic_dance_pop;Electronic Dance-Pop;curated_artist;playable_depth;low_coverage_subgenre_expansion_v21_20260820","catalog_depth","low_coverage_style_repair","published","high","Artista curado para Electronic Dance-Pop; artista exato, gravação e prévia verificados no Apple Music."
"electronic_dance_pop","Calvin Harris","Sweet Nothing (feat. Florence Welch)","18 Months","","https://audio-ssl.itunes.apple.com/itunes-assets/AudioPreview116/v4/87/6b/29/876b29ee-586e-c375-8afa-4fec8f395c96/mzaf_10966959714852930749.plus.aac.p.m4a","2012-10-11","214","","","","Electronic Dance-Pop","Calvin Harris foi curado para ampliar a diversidade reproduzível de Electronic Dance-Pop.","low_coverage_subgenre_expansion_v21_20260820","","https://music.apple.com/us/album/sweet-nothing-feat-florence-welch/1713469222?i=1713469232&uo=4","https://music.apple.com/us/album/sweet-nothing-feat-florence-welch/1713469222?i=1713469232&uo=4","","","https://is1-ssl.mzstatic.com/image/thumb/Music126/v4/ab/af/22/abaf2296-ed4d-6da2-c24d-503cfdfa4c1f/0617465356858.jpg/600x600bb.jpg","","verified_low_coverage_subgenre_depth","electronic_dance_pop;Electronic Dance-Pop;curated_artist;playable_depth;low_coverage_subgenre_expansion_v21_20260820","catalog_depth","low_coverage_style_repair","published","high","Artista curado para Electronic Dance-Pop; artista exato, gravação e prévia verificados no Apple Music."
"electronic_dance_pop","Calvin Harris","Thinking About You (feat. Ayah Marar)","18 Months","","https://audio-ssl.itunes.apple.com/itunes-assets/AudioPreview116/v4/4a/d7/fe/4ad7fe4e-dfd2-51c3-391e-1f8750427621/mzaf_5824482684670281772.plus.aac.p.m4a","2012-10-26","248","","","","Electronic Dance-Pop","Calvin Harris foi curado para ampliar a diversidade reproduzível de Electronic Dance-Pop.","low_coverage_subgenre_expansion_v21_20260820","","https://music.apple.com/us/album/thinking-about-you-feat-ayah-marar/1713469222?i=1713469237&uo=4","https://music.apple.com/us/album/thinking-about-you-feat-ayah-marar/1713469222?i=1713469237&uo=4","","","https://is1-ssl.mzstatic.com/image/thumb/Music126/v4/ab/af/22/abaf2296-ed4d-6da2-c24d-503cfdfa4c1f/0617465356858.jpg/600x600bb.jpg","","verified_low_coverage_subgenre_depth","electronic_dance_pop;Electronic Dance-Pop;curated_artist;playable_depth;low_coverage_subgenre_expansion_v21_20260820","catalog_depth","low_coverage_style_repair","published","high","Artista curado para Electronic Dance-Pop; artista exato, gravação e prévia verificados no Apple Music."
"electronic_dance_pop","David Guetta","Flames","Flames","","https://cdnt-preview.dzcdn.net/api/1/1/0/a/4/0/0a4113c32853087d6eee492388cec797.mp3?hdnea=exp=1787243853~acl=/api/1/1/0/a/4/0/0a4113c32853087d6eee492388cec797.mp3*~data=user_id=0,application_id=42~hmac=a90f3cd0d729532a2dcc0b66695adcc4e576de48cf535bdf2114d8b9c4a2f465","","195","","","","Electronic Dance-Pop","David Guetta foi curado para ampliar a diversidade reproduzível de Electronic Dance-Pop.","low_coverage_subgenre_expansion_v21_20260820","","https://www.deezer.com/track/473784012","https://www.deezer.com/track/473784012","473784012","https://www.deezer.com/track/473784012","https://cdn-images.dzcdn.net/images/cover/00ba194ad2417b1cc6d79a34113995cb/500x500-000000-80-0-0.jpg","","verified_low_coverage_subgenre_depth","electronic_dance_pop;Electronic Dance-Pop;curated_artist;playable_depth;low_coverage_subgenre_expansion_v21_20260820","catalog_depth","low_coverage_style_repair","published","high","Artista curado para Electronic Dance-Pop; artista exato, gravação e prévia verificados no Deezer."
"electronic_dance_pop","David Guetta","Say My Name","7","","https://cdnt-preview.dzcdn.net/api/1/1/7/d/9/0/7d973f561ecb9540c487181f653a220e.mp3?hdnea=exp=1787243853~acl=/api/1/1/7/d/9/0/7d973f561ecb9540c487181f653a220e.mp3*~data=user_id=0,application_id=42~hmac=06118633d35b5ff96a89a31adf14a05bc9b097d2025580d80a7235481d877bcb","","198","","","","Electronic Dance-Pop","David Guetta foi curado para ampliar a diversidade reproduzível de Electronic Dance-Pop.","low_coverage_subgenre_expansion_v21_20260820","","https://www.deezer.com/track/553056592","https://www.deezer.com/track/553056592","553056592","https://www.deezer.com/track/553056592","https://cdn-images.dzcdn.net/images/cover/c292dc8a43814f6617f0e24e62c33489/500x500-000000-80-0-0.jpg","","verified_low_coverage_subgenre_depth","electronic_dance_pop;Electronic Dance-Pop;curated_artist;playable_depth;low_coverage_subgenre_expansion_v21_20260820","catalog_depth","low_coverage_style_repair","published","high","Artista curado para Electronic Dance-Pop; artista exato, gravação e prévia verificados no Deezer."
"electronic_dance_pop","David Guetta","Sexy Bitch (feat. Akon)","One More Love","","https://cdnt-preview.dzcdn.net/api/1/1/4/0/2/0/4025ca1b09a4c56e8fa788dc6cf4fa6d.mp3?hdnea=exp=1787243853~acl=/api/1/1/4/0/2/0/4025ca1b09a4c56e8fa788dc6cf4fa6d.mp3*~data=user_id=0,application_id=42~hmac=20e21b2d6582a3e099b11ede2f241aa848638b0a94b49c95bd780a40cb241d0d","","195","","","","Electronic Dance-Pop","David Guetta foi curado para ampliar a diversidade reproduzível de Electronic Dance-Pop.","low_coverage_subgenre_expansion_v21_20260820","","https://www.deezer.com/track/673165762","https://www.deezer.com/track/673165762","673165762","https://www.deezer.com/track/673165762","https://cdn-images.dzcdn.net/images/cover/052de888ea3a0a6f30d564850a07967d/500x500-000000-80-0-0.jpg","","verified_low_coverage_subgenre_depth","electronic_dance_pop;Electronic Dance-Pop;curated_artist;playable_depth;low_coverage_subgenre_expansion_v21_20260820","catalog_depth","low_coverage_style_repair","published","high","Artista curado para Electronic Dance-Pop; artista exato, gravação e prévia verificados no Deezer."
"electronic_dance_pop","David Guetta","Who's That Chick? (feat. Rihanna)","One More Love","","https://audio-ssl.itunes.apple.com/itunes-assets/AudioPreview221/v4/67/84/cb/6784cb01-876e-8863-7539-37901bcc1757/mzaf_714194573104258027.plus.aac.p.m4a","2009-08-24","201","","","","Electronic Dance-Pop","David Guetta foi curado para ampliar a diversidade reproduzível de Electronic Dance-Pop.","low_coverage_subgenre_expansion_v21_20260820","","https://music.apple.com/us/album/whos-that-chick-feat-rihanna/1715686450?i=1715688715&uo=4","https://music.apple.com/us/album/whos-that-chick-feat-rihanna/1715686450?i=1715688715&uo=4","7754541","https://www.deezer.com/track/7754541","https://is1-ssl.mzstatic.com/image/thumb/Music116/v4/7f/26/33/7f2633e4-dace-c4b5-2920-f3bae1b48b08/5099990785054.jpg/600x600bb.jpg","","verified_low_coverage_subgenre_depth","electronic_dance_pop;Electronic Dance-Pop;curated_artist;playable_depth;low_coverage_subgenre_expansion_v21_20260820;itunes_verified;deezer_verified","catalog_depth","low_coverage_style_repair","published","high","Artista curado para Electronic Dance-Pop; artista exato, gravação e prévia verificados em Apple Music e Deezer."
"electronic_dance_pop","Disco Lines","Baby Girl","Baby Girl","","https://cdnt-preview.dzcdn.net/api/1/1/0/5/8/0/058b09aa35c9af00bb3a5e167904c131.mp3?hdnea=exp=1787244284~acl=/api/1/1/0/5/8/0/058b09aa35c9af00bb3a5e167904c131.mp3*~data=user_id=0,application_id=42~hmac=e1a72c00e83664cd63dd4768eb3ce60ed35498b43c7d4e525145490a369f6e56","","111","","","","Electronic Dance-Pop","Disco Lines foi curado para ampliar a diversidade reproduzível de Electronic Dance-Pop.","low_coverage_subgenre_expansion_v21_20260820","","https://www.deezer.com/track/1784082217","https://www.deezer.com/track/1784082217","1853709667","https://www.deezer.com/track/1853709667","https://cdn-images.dzcdn.net/images/cover/f0a0c23867d0176efb1ce6e4c129eaab/500x500-000000-80-0-0.jpg","","verified_low_coverage_subgenre_depth","electronic_dance_pop;Electronic Dance-Pop;curated_artist;playable_depth;low_coverage_subgenre_expansion_v21_20260820;deezer_verified","catalog_depth","low_coverage_style_repair","published","high","Artista curado para Electronic Dance-Pop; artista exato, gravação e prévia verificados em Deezer."
"electronic_dance_pop","Disco Lines","Love Story","Love Story","","https://cdnt-preview.dzcdn.net/api/1/1/c/f/0/0/cf02ed02c9aea21131050afd011dd626.mp3?hdnea=exp=1787244284~acl=/api/1/1/c/f/0/0/cf02ed02c9aea21131050afd011dd626.mp3*~data=user_id=0,application_id=42~hmac=c53a8cfec3414b1b60fe651bce9bc16285fd28e952a0a3ba090fcd747d61a45f","","222","","","","Electronic Dance-Pop","Disco Lines foi curado para ampliar a diversidade reproduzível de Electronic Dance-Pop.","low_coverage_subgenre_expansion_v21_20260820","","https://www.deezer.com/track/1087561582","https://www.deezer.com/track/1087561582","1087561582","https://www.deezer.com/track/1087561582","https://cdn-images.dzcdn.net/images/cover/f0121c4532373e47479cf248ae665b0b/500x500-000000-80-0-0.jpg","","verified_low_coverage_subgenre_depth","electronic_dance_pop;Electronic Dance-Pop;curated_artist;playable_depth;low_coverage_subgenre_expansion_v21_20260820","catalog_depth","low_coverage_style_repair","published","high","Artista curado para Electronic Dance-Pop; artista exato, gravação e prévia verificados no Deezer."
"electronic_dance_pop","Disco Lines","Push It","Push It","","https://cdnt-preview.dzcdn.net/api/1/1/6/6/a/0/66a7fdc5bfb4d4a195dd4dc671f53250.mp3?hdnea=exp=1787244284~acl=/api/1/1/6/6/a/0/66a7fdc5bfb4d4a195dd4dc671f53250.mp3*~data=user_id=0,application_id=42~hmac=b31e35280ed2203247b154c29aaf6bfe05bb36f2dac2c1b86525bde75eeeb9bf","","129","","","","Electronic Dance-Pop","Disco Lines foi curado para ampliar a diversidade reproduzível de Electronic Dance-Pop.","low_coverage_subgenre_expansion_v21_20260820","","https://www.deezer.com/track/4060445161","https://www.deezer.com/track/4060445161","4060445161","https://www.deezer.com/track/4060445161","https://cdn-images.dzcdn.net/images/cover/67e1bab8a457ea6d96facea4ab03b4db/500x500-000000-80-0-0.jpg","","verified_low_coverage_subgenre_depth","electronic_dance_pop;Electronic Dance-Pop;curated_artist;playable_depth;low_coverage_subgenre_expansion_v21_20260820","catalog_depth","low_coverage_style_repair","published","high","Artista curado para Electronic Dance-Pop; artista exato, gravação e prévia verificados no Deezer."
"electronic_dance_pop","Disco Lines","starlight feat. Madeline Follin","starlight feat. Madeline Follin","","https://cdnt-preview.dzcdn.net/api/1/1/2/a/9/0/2a9c7ad9bc833cc7036d8f19d2f7feea.mp3?hdnea=exp=1787244284~acl=/api/1/1/2/a/9/0/2a9c7ad9bc833cc7036d8f19d2f7feea.mp3*~data=user_id=0,application_id=42~hmac=9322628968a37aa73085b6f144400df17316e553440a2da100c2f5043483bd22","","186","","","","Electronic Dance-Pop","Disco Lines foi curado para ampliar a diversidade reproduzível de Electronic Dance-Pop.","low_coverage_subgenre_expansion_v21_20260820","","https://www.deezer.com/track/3776011452","https://www.deezer.com/track/3776011452","3776011452","https://www.deezer.com/track/3776011452","https://cdn-images.dzcdn.net/images/cover/c5ff3183c1f50bde2b7f2b3f4eec2923/500x500-000000-80-0-0.jpg","","verified_low_coverage_subgenre_depth","electronic_dance_pop;Electronic Dance-Pop;curated_artist;playable_depth;low_coverage_subgenre_expansion_v21_20260820","catalog_depth","low_coverage_style_repair","published","high","Artista curado para Electronic Dance-Pop; artista exato, gravação e prévia verificados no Deezer."
"electronic_dance_pop","The Chainsmokers","Closer","Closer","","https://cdnt-preview.dzcdn.net/api/1/1/0/d/6/0/0d63bac2a2dcdf064fc9987bf363cb76.mp3?hdnea=exp=1787244235~acl=/api/1/1/0/d/6/0/0d63bac2a2dcdf064fc9987bf363cb76.mp3*~data=user_id=0,application_id=42~hmac=52387a23fc99e54c027ecb239ed8392d65cbd0e94adc1f9e62e25396af22b7e2","","249","","","","Electronic Dance-Pop","The Chainsmokers foi curado para ampliar a diversidade reproduzível de Electronic Dance-Pop.","low_coverage_subgenre_expansion_v21_20260820","","https://www.deezer.com/track/129310248","https://www.deezer.com/track/129310248","132634792","https://www.deezer.com/track/132634792","https://cdn-images.dzcdn.net/images/cover/0a7b86a0e2f2bd3e41515adb83e3322b/500x500-000000-80-0-0.jpg","","verified_low_coverage_subgenre_depth","electronic_dance_pop;Electronic Dance-Pop;curated_artist;playable_depth;low_coverage_subgenre_expansion_v21_20260820;deezer_verified","catalog_depth","low_coverage_style_repair","published","high","Artista curado para Electronic Dance-Pop; artista exato, gravação e prévia verificados em Deezer."
"electronic_dance_pop","The Chainsmokers","Don't Let Me Down","Don't Let Me Down","","https://cdnt-preview.dzcdn.net/api/1/1/1/7/a/0/17a2091d2386ccc3e613b3984180b153.mp3?hdnea=exp=1787244235~acl=/api/1/1/1/7/a/0/17a2091d2386ccc3e613b3984180b153.mp3*~data=user_id=0,application_id=42~hmac=691bbc80046db7d5eb2c33fbc2b4e7ae4b8ea8e62ea86af6d807ab3f9a362e0f","","208","","","","Electronic Dance-Pop","The Chainsmokers foi curado para ampliar a diversidade reproduzível de Electronic Dance-Pop.","low_coverage_subgenre_expansion_v21_20260820","","https://www.deezer.com/track/119302924","https://www.deezer.com/track/119302924","122885994","https://www.deezer.com/track/122885994","https://cdn-images.dzcdn.net/images/cover/900c088fb241de8000b5ed849eba8536/500x500-000000-80-0-0.jpg","","verified_low_coverage_subgenre_depth","electronic_dance_pop;Electronic Dance-Pop;curated_artist;playable_depth;low_coverage_subgenre_expansion_v21_20260820;deezer_verified","catalog_depth","low_coverage_style_repair","published","high","Artista curado para Electronic Dance-Pop; artista exato, gravação e prévia verificados em Deezer."
"electronic_dance_pop","The Chainsmokers","Echo","Echo","","https://cdnt-preview.dzcdn.net/api/1/1/b/6/3/0/b6355502ca3a550204fac97a5d0cc9fd.mp3?hdnea=exp=1787244235~acl=/api/1/1/b/6/3/0/b6355502ca3a550204fac97a5d0cc9fd.mp3*~data=user_id=0,application_id=42~hmac=7903e40c8ba0be751bf07afab9867f779f4de15b9efa1725a42148c8b489b852","","219","","","","Electronic Dance-Pop","The Chainsmokers foi curado para ampliar a diversidade reproduzível de Electronic Dance-Pop.","low_coverage_subgenre_expansion_v21_20260820","","https://www.deezer.com/track/3944920411","https://www.deezer.com/track/3944920411","3944920411","https://www.deezer.com/track/3944920411","https://cdn-images.dzcdn.net/images/cover/7c433c827fa75b7234e29dc755732627/500x500-000000-80-0-0.jpg","","verified_low_coverage_subgenre_depth","electronic_dance_pop;Electronic Dance-Pop;curated_artist;playable_depth;low_coverage_subgenre_expansion_v21_20260820","catalog_depth","low_coverage_style_repair","published","high","Artista curado para Electronic Dance-Pop; artista exato, gravação e prévia verificados no Deezer."
"electronic_dance_pop","The Chainsmokers","Roses (feat. ROZES)","Bouquet - EP","","https://audio-ssl.itunes.apple.com/itunes-assets/AudioPreview221/v4/53/55/a3/5355a39b-3de3-7f8c-a78b-108a9e5322c6/mzaf_1619770748986638926.plus.aac.p.m4a","2015-06-16","226","","","","Electronic Dance-Pop","The Chainsmokers foi curado para ampliar a diversidade reproduzível de Electronic Dance-Pop.","low_coverage_subgenre_expansion_v21_20260820","","https://music.apple.com/us/album/roses-feat-rozes/1050203612?i=1050203620&uo=4","https://music.apple.com/us/album/roses-feat-rozes/1050203612?i=1050203620&uo=4","99756342","https://www.deezer.com/track/99756342","https://is1-ssl.mzstatic.com/image/thumb/Music115/v4/5e/5c/ea/5e5cead2-a482-48ef-8134-f725c2b49202/mzm.lydeceiv.jpg/600x600bb.jpg","","verified_low_coverage_subgenre_depth","electronic_dance_pop;Electronic Dance-Pop;curated_artist;playable_depth;low_coverage_subgenre_expansion_v21_20260820;itunes_verified;deezer_verified","catalog_depth","low_coverage_style_repair","published","high","Artista curado para Electronic Dance-Pop; artista exato, gravação e prévia verificados em Apple Music e Deezer."
"electronic_dance_pop","Zedd","Find You","Clarity (Deluxe)","","https://cdnt-preview.dzcdn.net/api/1/1/f/d/a/0/fda09eaca915d2e4fa314464372738e8.mp3?hdnea=exp=1787244282~acl=/api/1/1/f/d/a/0/fda09eaca915d2e4fa314464372738e8.mp3*~data=user_id=0,application_id=42~hmac=551438f3c8292846f6bdde8a3cd648d0b289174f2455ef165b690d987f5b8cbe","","204","","","","Electronic Dance-Pop","Zedd foi curado para ampliar a diversidade reproduzível de Electronic Dance-Pop.","low_coverage_subgenre_expansion_v21_20260820","","https://www.deezer.com/track/79942808","https://www.deezer.com/track/79942808","75739828","https://www.deezer.com/track/75739828","https://cdn-images.dzcdn.net/images/cover/d1941bbbb615993e9ca18d7710dca024/500x500-000000-80-0-0.jpg","","verified_low_coverage_subgenre_depth","electronic_dance_pop;Electronic Dance-Pop;curated_artist;playable_depth;low_coverage_subgenre_expansion_v21_20260820;deezer_verified","catalog_depth","low_coverage_style_repair","published","high","Artista curado para Electronic Dance-Pop; artista exato, gravação e prévia verificados em Deezer."
"electronic_dance_pop","Zedd","Get Low","Get Low","","https://cdnt-preview.dzcdn.net/api/1/1/a/e/1/0/ae13c0d10aa18cd586f8efd1bd14e6aa.mp3?hdnea=exp=1787244282~acl=/api/1/1/a/e/1/0/ae13c0d10aa18cd586f8efd1bd14e6aa.mp3*~data=user_id=0,application_id=42~hmac=0a484a3ad5634eed7ad09a3ad8a268fa7262c1bbff4ae5a13de90b8363cf4c2a","","204","","","","Electronic Dance-Pop","Zedd foi curado para ampliar a diversidade reproduzível de Electronic Dance-Pop.","low_coverage_subgenre_expansion_v21_20260820","","https://www.deezer.com/track/378752661","https://www.deezer.com/track/378752661","378752661","https://www.deezer.com/track/378752661","https://cdn-images.dzcdn.net/images/cover/c0665c68a4d5d560e01b84a676be65bf/500x500-000000-80-0-0.jpg","","verified_low_coverage_subgenre_depth","electronic_dance_pop;Electronic Dance-Pop;curated_artist;playable_depth;low_coverage_subgenre_expansion_v21_20260820","catalog_depth","low_coverage_style_repair","published","high","Artista curado para Electronic Dance-Pop; artista exato, gravação e prévia verificados no Deezer."
"electronic_dance_pop","Zedd","Good Thing","Good Thing","","https://cdnt-preview.dzcdn.net/api/1/1/3/0/1/0/301c26479b1f255bbfe096f6d0e66ab0.mp3?hdnea=exp=1787244282~acl=/api/1/1/3/0/1/0/301c26479b1f255bbfe096f6d0e66ab0.mp3*~data=user_id=0,application_id=42~hmac=0a225ef9897dcfff960cc537d18f3c4acfd0ee14290472c3b13943c62bd473dc","","210","","","","Electronic Dance-Pop","Zedd foi curado para ampliar a diversidade reproduzível de Electronic Dance-Pop.","low_coverage_subgenre_expansion_v21_20260820","","https://www.deezer.com/track/761894872","https://www.deezer.com/track/761894872","761894872","https://www.deezer.com/track/761894872","https://cdn-images.dzcdn.net/images/cover/b3c72c8732d73d3db685a28caa5997b6/500x500-000000-80-0-0.jpg","","verified_low_coverage_subgenre_depth","electronic_dance_pop;Electronic Dance-Pop;curated_artist;playable_depth;low_coverage_subgenre_expansion_v21_20260820","catalog_depth","low_coverage_style_repair","published","high","Artista curado para Electronic Dance-Pop; artista exato, gravação e prévia verificados no Deezer."
"electronic_dance_pop","Zedd","Happy Now","Happy Now","","https://cdnt-preview.dzcdn.net/api/1/1/7/b/3/0/7b320f1c85d5e8d3315b9dcff7fea2b1.mp3?hdnea=exp=1787244282~acl=/api/1/1/7/b/3/0/7b320f1c85d5e8d3315b9dcff7fea2b1.mp3*~data=user_id=0,application_id=42~hmac=661082190606db1958c9e6d209adb1c0c8e2287493a856f1c3d36b1d643b2bc7","","207","","","","Electronic Dance-Pop","Zedd foi curado para ampliar a diversidade reproduzível de Electronic Dance-Pop.","low_coverage_subgenre_expansion_v21_20260820","","https://www.deezer.com/track/527894901","https://www.deezer.com/track/527894901","549338042","https://www.deezer.com/track/549338042","https://cdn-images.dzcdn.net/images/cover/6e0f9fade33fb548b959fa5f5516084a/500x500-000000-80-0-0.jpg","","verified_low_coverage_subgenre_depth","electronic_dance_pop;Electronic Dance-Pop;curated_artist;playable_depth;low_coverage_subgenre_expansion_v21_20260820;deezer_verified","catalog_depth","low_coverage_style_repair","published","high","Artista curado para Electronic Dance-Pop; artista exato, gravação e prévia verificados em Deezer."
"euphoric_hardstyle","Audiotricz","Go Mental","Go Mental - Single","","https://audio-ssl.itunes.apple.com/itunes-assets/AudioPreview112/v4/0e/19/07/0e190782-1d05-7103-e32a-38eb98688a4b/mzaf_7153946014691841307.plus.aac.p.m4a","2022-08-25","165","","","","Euphoric Hardstyle","Audiotricz foi curado para ampliar a diversidade reproduzível de Euphoric Hardstyle.","low_coverage_subgenre_expansion_v21_20260820","","https://music.apple.com/us/album/go-mental/1638715783?i=1638716206&uo=4","https://music.apple.com/us/album/go-mental/1638715783?i=1638716206&uo=4","","","https://is1-ssl.mzstatic.com/image/thumb/Music122/v4/7e/5d/30/7e5d300a-81e8-dd83-f9cd-c9fbb62fb1ce/8715576204845_cover.jpg/600x600bb.jpg","","verified_low_coverage_subgenre_depth","euphoric_hardstyle;Euphoric Hardstyle;curated_artist;playable_depth;low_coverage_subgenre_expansion_v21_20260820","catalog_depth","low_coverage_style_repair","published","high","Artista curado para Euphoric Hardstyle; artista exato, gravação e prévia verificados no Apple Music."
"euphoric_hardstyle","Audiotricz","Just Can't Get Enough","Just Can't Get Enough - Single","","https://audio-ssl.itunes.apple.com/itunes-assets/AudioPreview116/v4/f6/79/2d/f6792d35-b50a-c759-4ad7-d810f4f2e221/mzaf_15723753202342076189.plus.aac.p.m4a","2022-04-14","272","","","","Euphoric Hardstyle","Audiotricz foi curado para ampliar a diversidade reproduzível de Euphoric Hardstyle.","low_coverage_subgenre_expansion_v21_20260820","","https://music.apple.com/us/album/just-cant-get-enough/1615035695?i=1615036035&uo=4","https://music.apple.com/us/album/just-cant-get-enough/1615035695?i=1615036035&uo=4","","","https://is1-ssl.mzstatic.com/image/thumb/Music126/v4/9e/a2/5b/9ea25baf-2bd4-be7d-0f17-47a450b99db5/8715576202933_cover.jpg/600x600bb.jpg","","verified_low_coverage_subgenre_depth","euphoric_hardstyle;Euphoric Hardstyle;curated_artist;playable_depth;low_coverage_subgenre_expansion_v21_20260820","catalog_depth","low_coverage_style_repair","published","high","Artista curado para Euphoric Hardstyle; artista exato, gravação e prévia verificados no Apple Music."
"euphoric_hardstyle","Audiotricz","Let There Be Light","Let There Be Light - Single","","https://audio-ssl.itunes.apple.com/itunes-assets/AudioPreview125/v4/df/33/15/df331541-f286-5d68-58f8-d4b97c868222/mzaf_3397029134269999247.plus.aac.p.m4a","2017-02-03","189","","","","Euphoric Hardstyle","Audiotricz foi curado para ampliar a diversidade reproduzível de Euphoric Hardstyle.","low_coverage_subgenre_expansion_v21_20260820","","https://music.apple.com/us/album/let-there-be-light/1208161580?i=1208161743&uo=4","https://music.apple.com/us/album/let-there-be-light/1208161580?i=1208161743&uo=4","","","https://is1-ssl.mzstatic.com/image/thumb/Music111/v4/df/28/87/df288767-fed2-9419-14dc-558636b299a5/8715576171673_cover.jpg/600x600bb.jpg","","verified_low_coverage_subgenre_depth","euphoric_hardstyle;Euphoric Hardstyle;curated_artist;playable_depth;low_coverage_subgenre_expansion_v21_20260820","catalog_depth","low_coverage_style_repair","published","high","Artista curado para Euphoric Hardstyle; artista exato, gravação e prévia verificados no Apple Music."
"euphoric_hardstyle","Audiotricz","Party All the Time","Party All the Time - Single","","https://audio-ssl.itunes.apple.com/itunes-assets/AudioPreview211/v4/74/e6/24/74e62476-0562-3325-940c-0ed85ae73e88/mzaf_6271670337138962097.plus.aac.p.m4a","2024-09-13","164","","","","Euphoric Hardstyle","Audiotricz foi curado para ampliar a diversidade reproduzível de Euphoric Hardstyle.","low_coverage_subgenre_expansion_v21_20260820","","https://music.apple.com/us/album/party-all-the-time/1762842293?i=1762842295&uo=4","https://music.apple.com/us/album/party-all-the-time/1762842293?i=1762842295&uo=4","2946057221","https://www.deezer.com/track/2946057221","https://is1-ssl.mzstatic.com/image/thumb/Music221/v4/b0/03/c9/b003c91f-3571-c620-4728-4b072394a9a3/8721093041306.png/600x600bb.jpg","","verified_low_coverage_subgenre_depth","euphoric_hardstyle;Euphoric Hardstyle;curated_artist;playable_depth;low_coverage_subgenre_expansion_v21_20260820;itunes_verified;deezer_verified","catalog_depth","low_coverage_style_repair","published","high","Artista curado para Euphoric Hardstyle; artista exato, gravação e prévia verificados em Apple Music e Deezer."
"euphoric_hardstyle","Brennan Heart","Born & Raised (feat. Enina) (Official I AM HARDSTYLE Anthem 2020)","Brennan Heart & Friends","","https://cdnt-preview.dzcdn.net/api/1/1/4/f/3/0/4f3f39dc87bb0bd63e89d2c7e58e8623.mp3?hdnea=exp=1787243743~acl=/api/1/1/4/f/3/0/4f3f39dc87bb0bd63e89d2c7e58e8623.mp3*~data=user_id=0,application_id=42~hmac=e3e23c8ce793f81889d2b8c43a91266141d83785dc62590ea1fc42074a7f3681","","236","","","","Euphoric Hardstyle","Brennan Heart foi curado para ampliar a diversidade reproduzível de Euphoric Hardstyle.","low_coverage_subgenre_expansion_v21_20260820","","https://www.deezer.com/track/1131497132","https://www.deezer.com/track/1131497132","1131497132","https://www.deezer.com/track/1131497132","https://cdn-images.dzcdn.net/images/cover/05fa9c6049d055bd49f9ebf0045fa66c/500x500-000000-80-0-0.jpg","","verified_low_coverage_subgenre_depth","euphoric_hardstyle;Euphoric Hardstyle;curated_artist;playable_depth;low_coverage_subgenre_expansion_v21_20260820","catalog_depth","low_coverage_style_repair","published","high","Artista curado para Euphoric Hardstyle; artista exato, gravação e prévia verificados no Deezer."
"euphoric_hardstyle","Brennan Heart","Imaginary","Imaginary","","https://cdnt-preview.dzcdn.net/api/1/1/a/8/c/0/a8c1d49cc1b9ec7298810872c5ba8244.mp3?hdnea=exp=1787243743~acl=/api/1/1/a/8/c/0/a8c1d49cc1b9ec7298810872c5ba8244.mp3*~data=user_id=0,application_id=42~hmac=5eca096434e00c9fa0420c08a0d456e99c9381ef9b4b9af1b37f0d946580fa39","","192","","","","Euphoric Hardstyle","Brennan Heart foi curado para ampliar a diversidade reproduzível de Euphoric Hardstyle.","low_coverage_subgenre_expansion_v21_20260820","","https://www.deezer.com/track/70559985","https://www.deezer.com/track/70559985","125350478","https://www.deezer.com/track/125350478","https://cdn-images.dzcdn.net/images/cover/b34fef1b0c34509aaae1e8c246abde83/500x500-000000-80-0-0.jpg","","verified_low_coverage_subgenre_depth","euphoric_hardstyle;Euphoric Hardstyle;curated_artist;playable_depth;low_coverage_subgenre_expansion_v21_20260820;deezer_verified","catalog_depth","low_coverage_style_repair","published","high","Artista curado para Euphoric Hardstyle; artista exato, gravação e prévia verificados em Deezer."
"euphoric_hardstyle","Brennan Heart","Thunder","Thunder - Single","","https://audio-ssl.itunes.apple.com/itunes-assets/AudioPreview115/v4/0a/99/2d/0a992d56-9cd0-77e9-9d65-23dd9167d7d3/mzaf_15500401043119024960.plus.aac.p.m4a","2021-09-09","241","","","","Euphoric Hardstyle","Brennan Heart foi curado para ampliar a diversidade reproduzível de Euphoric Hardstyle.","low_coverage_subgenre_expansion_v21_20260820","","https://music.apple.com/us/album/thunder/1582851623?i=1582851629&uo=4","https://music.apple.com/us/album/thunder/1582851623?i=1582851629&uo=4","1475187462","https://www.deezer.com/track/1475187462","https://is1-ssl.mzstatic.com/image/thumb/Music115/v4/56/48/7e/56487e7c-9c56-9113-476f-22da06a7e693/8715576199967_cover.jpg/600x600bb.jpg","","verified_low_coverage_subgenre_depth","euphoric_hardstyle;Euphoric Hardstyle;curated_artist;playable_depth;low_coverage_subgenre_expansion_v21_20260820;itunes_verified;deezer_verified","catalog_depth","low_coverage_style_repair","published","high","Artista curado para Euphoric Hardstyle; artista exato, gravação e prévia verificados em Apple Music e Deezer."
"euphoric_hardstyle","Brennan Heart","What's Up?","What's Up?","","https://cdnt-preview.dzcdn.net/api/1/1/6/7/1/0/6714fe0d624a3481834d19a2a726857e.mp3?hdnea=exp=1787243743~acl=/api/1/1/6/7/1/0/6714fe0d624a3481834d19a2a726857e.mp3*~data=user_id=0,application_id=42~hmac=6d90f638d45344028e2a408ae8f35b508434bf12e2d40c6cf3c8c8ef58e61175","","192","","","","Euphoric Hardstyle","Brennan Heart foi curado para ampliar a diversidade reproduzível de Euphoric Hardstyle.","low_coverage_subgenre_expansion_v21_20260820","","https://www.deezer.com/track/2199829967","https://www.deezer.com/track/2199829967","2199829967","https://www.deezer.com/track/2199829967","https://cdn-images.dzcdn.net/images/cover/e5641fbd21b0240a29a26b133c54d9eb/500x500-000000-80-0-0.jpg","","verified_low_coverage_subgenre_depth","euphoric_hardstyle;Euphoric Hardstyle;curated_artist;playable_depth;low_coverage_subgenre_expansion_v21_20260820","catalog_depth","low_coverage_style_repair","published","high","Artista curado para Euphoric Hardstyle; artista exato, gravação e prévia verificados no Deezer."
"euphoric_hardstyle","Code Black","Brighter Day","Brighter Day","","https://cdnt-preview.dzcdn.net/api/1/1/7/f/7/0/7f7b6d1bdcd53fe843046e324a05ae10.mp3?hdnea=exp=1787243744~acl=/api/1/1/7/f/7/0/7f7b6d1bdcd53fe843046e324a05ae10.mp3*~data=user_id=0,application_id=42~hmac=ff3ed56a3e616f04b58b9fc2af4607b9823c35cf516ec5e771b0ad0f1dd27df9","","206","","","","Euphoric Hardstyle","Code Black foi curado para ampliar a diversidade reproduzível de Euphoric Hardstyle.","low_coverage_subgenre_expansion_v21_20260820","","https://www.deezer.com/track/65788638","https://www.deezer.com/track/65788638","1525070132","https://www.deezer.com/track/1525070132","https://cdn-images.dzcdn.net/images/cover/d9a55a643c65706a554f09e5aedbf1d5/500x500-000000-80-0-0.jpg","","verified_low_coverage_subgenre_depth","euphoric_hardstyle;Euphoric Hardstyle;curated_artist;playable_depth;low_coverage_subgenre_expansion_v21_20260820;deezer_verified","catalog_depth","low_coverage_style_repair","published","high","Artista curado para Euphoric Hardstyle; artista exato, gravação e prévia verificados em Deezer."
"euphoric_hardstyle","Code Black","Sparks","Journey","","https://cdnt-preview.dzcdn.net/api/1/1/4/6/a/0/46aa0584e2d30d713c7ceb94760e9942.mp3?hdnea=exp=1787243744~acl=/api/1/1/4/6/a/0/46aa0584e2d30d713c7ceb94760e9942.mp3*~data=user_id=0,application_id=42~hmac=e7dbfb85eb0219879d275e018a1f4d73ea6a9dbff852ebed721289f24accfdd5","","172","","","","Euphoric Hardstyle","Code Black foi curado para ampliar a diversidade reproduzível de Euphoric Hardstyle.","low_coverage_subgenre_expansion_v21_20260820","","https://www.deezer.com/track/542647582","https://www.deezer.com/track/542647582","557036202","https://www.deezer.com/track/557036202","https://cdn-images.dzcdn.net/images/cover/14017411c0f89728c12ba14ed4c19929/500x500-000000-80-0-0.jpg","","verified_low_coverage_subgenre_depth","euphoric_hardstyle;Euphoric Hardstyle;curated_artist;playable_depth;low_coverage_subgenre_expansion_v21_20260820;deezer_verified","catalog_depth","low_coverage_style_repair","published","high","Artista curado para Euphoric Hardstyle; artista exato, gravação e prévia verificados em Deezer."
"euphoric_hardstyle","Code Black","Summer Nights","Summer Nights","","https://cdnt-preview.dzcdn.net/api/1/1/6/3/1/0/63145e1cfdb5e4c4b7fe61a6ce1e801f.mp3?hdnea=exp=1787243744~acl=/api/1/1/6/3/1/0/63145e1cfdb5e4c4b7fe61a6ce1e801f.mp3*~data=user_id=0,application_id=42~hmac=3ba543ca72121053badf30a11328d384f718f2c6a9d9f35dbbce55670501faf6","","147","","","","Euphoric Hardstyle","Code Black foi curado para ampliar a diversidade reproduzível de Euphoric Hardstyle.","low_coverage_subgenre_expansion_v21_20260820","","https://www.deezer.com/track/3968196401","https://www.deezer.com/track/3968196401","3968196401","https://www.deezer.com/track/3968196401","https://cdn-images.dzcdn.net/images/cover/ecfd268b1a17dbbc423f52eef7ce2fe1/500x500-000000-80-0-0.jpg","","verified_low_coverage_subgenre_depth","euphoric_hardstyle;Euphoric Hardstyle;curated_artist;playable_depth;low_coverage_subgenre_expansion_v21_20260820","catalog_depth","low_coverage_style_repair","published","high","Artista curado para Euphoric Hardstyle; artista exato, gravação e prévia verificados no Deezer."
"euphoric_hardstyle","Code Black","Tonight Will Never Die","Tonight Will Never Die","","https://cdnt-preview.dzcdn.net/api/1/1/7/7/6/0/77675a8d0c5b4416ee684268b7b3895d.mp3?hdnea=exp=1787243744~acl=/api/1/1/7/7/6/0/77675a8d0c5b4416ee684268b7b3895d.mp3*~data=user_id=0,application_id=42~hmac=d4970e51c9da4a0c9c89274cd83478d9e8886d24c15e6212d97e073ec5d4ed26","","265","","","","Euphoric Hardstyle","Code Black foi curado para ampliar a diversidade reproduzível de Euphoric Hardstyle.","low_coverage_subgenre_expansion_v21_20260820","","https://www.deezer.com/track/76235835","https://www.deezer.com/track/76235835","76235835","https://www.deezer.com/track/76235835","https://cdn-images.dzcdn.net/images/cover/70028c3698469ffa9e14ed07e66a4e47/500x500-000000-80-0-0.jpg","","verified_low_coverage_subgenre_depth","euphoric_hardstyle;Euphoric Hardstyle;curated_artist;playable_depth;low_coverage_subgenre_expansion_v21_20260820","catalog_depth","low_coverage_style_repair","published","high","Artista curado para Euphoric Hardstyle; artista exato, gravação e prévia verificados no Deezer."
"eurodance","Culture Beat","Anything","Serenity","","https://audio-ssl.itunes.apple.com/itunes-assets/AudioPreview125/v4/d3/48/e2/d348e202-67ef-eea3-645f-11cadd438f9e/mzaf_12760261886630394612.plus.aac.p.m4a","1993-06-03","384","","","","Eurodance","Culture Beat foi curado para ampliar a diversidade reproduzível de Eurodance.","low_coverage_subgenre_expansion_v21_20260820","","https://music.apple.com/us/album/anything/505455651?i=505455666&uo=4","https://music.apple.com/us/album/anything/505455651?i=505455666&uo=4","17347859","https://www.deezer.com/track/17347859","https://is1-ssl.mzstatic.com/image/thumb/Music125/v4/e0/1d/08/e01d0889-6a71-6ee3-2d73-93ad352b1621/mzi.ytgznrel.jpg/600x600bb.jpg","","verified_low_coverage_subgenre_depth","eurodance;Eurodance;curated_artist;playable_depth;low_coverage_subgenre_expansion_v21_20260820;itunes_verified;deezer_verified","catalog_depth","low_coverage_style_repair","published","high","Artista curado para Eurodance; artista exato, gravação e prévia verificados em Apple Music e Deezer."
"eurodance","Culture Beat","Got to Get It","Serenity","","https://audio-ssl.itunes.apple.com/itunes-assets/AudioPreview125/v4/02/af/bc/02afbcf1-6c6a-2e6a-ba31-b8ee3d687c7c/mzaf_3374079642107532650.plus.aac.p.m4a","1993-06-03","321","","","","Eurodance","Culture Beat foi curado para ampliar a diversidade reproduzível de Eurodance.","low_coverage_subgenre_expansion_v21_20260820","","https://music.apple.com/us/album/got-to-get-it/505455651?i=505455658&uo=4","https://music.apple.com/us/album/got-to-get-it/505455651?i=505455658&uo=4","17347885","https://www.deezer.com/track/17347885","https://is1-ssl.mzstatic.com/image/thumb/Music125/v4/e0/1d/08/e01d0889-6a71-6ee3-2d73-93ad352b1621/mzi.ytgznrel.jpg/600x600bb.jpg","","verified_low_coverage_subgenre_depth","eurodance;Eurodance;curated_artist;playable_depth;low_coverage_subgenre_expansion_v21_20260820;itunes_verified;deezer_verified","catalog_depth","low_coverage_style_repair","published","high","Artista curado para Eurodance; artista exato, gravação e prévia verificados em Apple Music e Deezer."
"eurodance","Culture Beat","Mr. Vain","Serenity","","https://audio-ssl.itunes.apple.com/itunes-assets/AudioPreview125/v4/42/2e/4a/422e4aea-17bb-f398-5a6b-eebd742d0c08/mzaf_17622916482586997013.plus.aac.p.m4a","1993-04-01","337","","","","Eurodance","Culture Beat foi curado para ampliar a diversidade reproduzível de Eurodance.","low_coverage_subgenre_expansion_v21_20260820","","https://music.apple.com/us/album/mr-vain/505455651?i=505455655&uo=4","https://music.apple.com/us/album/mr-vain/505455651?i=505455655&uo=4","17347914","https://www.deezer.com/track/17347914","https://is1-ssl.mzstatic.com/image/thumb/Music125/v4/e0/1d/08/e01d0889-6a71-6ee3-2d73-93ad352b1621/mzi.ytgznrel.jpg/600x600bb.jpg","","verified_low_coverage_subgenre_depth","eurodance;Eurodance;curated_artist;playable_depth;low_coverage_subgenre_expansion_v21_20260820;itunes_verified;deezer_verified","catalog_depth","low_coverage_style_repair","published","high","Artista curado para Eurodance; artista exato, gravação e prévia verificados em Apple Music e Deezer."
"eurodance","Culture Beat","Mr. Vain Recall","Mr. Vain Recall","","https://cdnt-preview.dzcdn.net/api/1/1/9/2/2/0/922b64b4c1f7cd103b2457a19fbc6416.mp3?hdnea=exp=1787243750~acl=/api/1/1/9/2/2/0/922b64b4c1f7cd103b2457a19fbc6416.mp3*~data=user_id=0,application_id=42~hmac=3a54284c9e968bc9568c595e5aa5e51c8ddadae2c34996166b960d5e8669a617","","213","","","","Eurodance","Culture Beat foi curado para ampliar a diversidade reproduzível de Eurodance.","low_coverage_subgenre_expansion_v21_20260820","","https://www.deezer.com/track/135241348","https://www.deezer.com/track/135241348","135241352","https://www.deezer.com/track/135241352","https://cdn-images.dzcdn.net/images/cover/2e63431f5070b31134a657583efe8c46/500x500-000000-80-0-0.jpg","","verified_low_coverage_subgenre_depth","eurodance;Eurodance;curated_artist;playable_depth;low_coverage_subgenre_expansion_v21_20260820;deezer_verified","catalog_depth","low_coverage_style_repair","published","high","Artista curado para Eurodance; artista exato, gravação e prévia verificados em Deezer."
"eurodance","Haddaway","I Miss You","I Miss You","","https://cdnt-preview.dzcdn.net/api/1/1/1/a/2/0/1a245c84e99a86b2c8e7be9d852b0383.mp3?hdnea=exp=1787243748~acl=/api/1/1/1/a/2/0/1a245c84e99a86b2c8e7be9d852b0383.mp3*~data=user_id=0,application_id=42~hmac=9b4e7c6147b82ee5d72b7fff60656db4595220189cf02007a59b948f48bf9ac7","","318","","","","Eurodance","Haddaway foi curado para ampliar a diversidade reproduzível de Eurodance.","low_coverage_subgenre_expansion_v21_20260820","","https://www.deezer.com/track/3782960342","https://www.deezer.com/track/3782960342","3782960352","https://www.deezer.com/track/3782960352","https://cdn-images.dzcdn.net/images/cover/1c472e29d31fd3ea35f02a903cb699ad/500x500-000000-80-0-0.jpg","","verified_low_coverage_subgenre_depth","eurodance;Eurodance;curated_artist;playable_depth;low_coverage_subgenre_expansion_v21_20260820;deezer_verified","catalog_depth","low_coverage_style_repair","published","high","Artista curado para Eurodance; artista exato, gravação e prévia verificados em Deezer."
"eurodance","Haddaway","What Is Love","All the Best - His Greatest Hits","","https://cdnt-preview.dzcdn.net/api/1/1/b/9/e/0/b9e5c203703e01af40f8d88829d96031.mp3?hdnea=exp=1787243748~acl=/api/1/1/b/9/e/0/b9e5c203703e01af40f8d88829d96031.mp3*~data=user_id=0,application_id=42~hmac=f7b5e72985444e0e0931fb7bb824110f7cde807c7fc211d3169c781576b373d7","","267","","","","Eurodance","Haddaway foi curado para ampliar a diversidade reproduzível de Eurodance.","low_coverage_subgenre_expansion_v21_20260820","","https://www.deezer.com/track/3786149242","https://www.deezer.com/track/3786149242","3801649052","https://www.deezer.com/track/3801649052","https://cdn-images.dzcdn.net/images/cover/3fb1136475de9b9159ab8ab9a3773ed4/500x500-000000-80-0-0.jpg","","verified_low_coverage_subgenre_depth","eurodance;Eurodance;curated_artist;playable_depth;low_coverage_subgenre_expansion_v21_20260820;deezer_verified","catalog_depth","low_coverage_style_repair","published","high","Artista curado para Eurodance; artista exato, gravação e prévia verificados em Deezer."
"eurodance","Haddaway","What Is Love - Reloaded","What Is Love (>Reloaded<)","","https://cdnt-preview.dzcdn.net/api/1/1/2/8/4/0/28468e1647642202e0b66c2568686ae8.mp3?hdnea=exp=1787243748~acl=/api/1/1/2/8/4/0/28468e1647642202e0b66c2568686ae8.mp3*~data=user_id=0,application_id=42~hmac=4a9709f13724dbcd8e393d2d4a42cd8a38879476cd024f55d42d44c1ffddd077","","178","","","","Eurodance","Haddaway foi curado para ampliar a diversidade reproduzível de Eurodance.","low_coverage_subgenre_expansion_v21_20260820","","https://www.deezer.com/track/3801343542","https://www.deezer.com/track/3801343542","3801343542","https://www.deezer.com/track/3801343542","https://cdn-images.dzcdn.net/images/cover/9d4a2be0dd8f6c754b77b35439350493/500x500-000000-80-0-0.jpg","","verified_low_coverage_subgenre_depth","eurodance;Eurodance;curated_artist;playable_depth;low_coverage_subgenre_expansion_v21_20260820","catalog_depth","low_coverage_style_repair","published","high","Artista curado para Eurodance; artista exato, gravação e prévia verificados no Deezer."
"eurodance","Haddaway","What Is Love (7"" Mix) [Remastered 2025]","The Album (Remastered 2025)","","https://audio-ssl.itunes.apple.com/itunes-assets/AudioPreview211/v4/80/33/49/8033498d-9235-21e1-c6a6-e537375ac5d8/mzaf_11927793719761268844.plus.aac.p.m4a","1993-05-07","269","","","","Eurodance","Haddaway foi curado para ampliar a diversidade reproduzível de Eurodance.","low_coverage_subgenre_expansion_v21_20260820","","https://music.apple.com/us/album/what-is-love-7-mix-remastered-2025/1791045986?i=1791045987&uo=4","https://music.apple.com/us/album/what-is-love-7-mix-remastered-2025/1791045986?i=1791045987&uo=4","3803445032","https://www.deezer.com/track/3803445032","https://is1-ssl.mzstatic.com/image/thumb/Music211/v4/55/09/9e/55099e56-bd67-7605-3136-112b7107468f/4099964147483.jpg/600x600bb.jpg","","verified_low_coverage_subgenre_depth","eurodance;Eurodance;curated_artist;playable_depth;low_coverage_subgenre_expansion_v21_20260820;itunes_verified;deezer_verified","catalog_depth","low_coverage_style_repair","published","high","Artista curado para Eurodance; artista exato, gravação e prévia verificados em Apple Music e Deezer."
"eurodance","La Bouche","Be My Lover","Be My Lover (Remix)","","https://cdnt-preview.dzcdn.net/api/1/1/0/e/b/0/0eb79acddf788161e8603790c70a30f5.mp3?hdnea=exp=1787243751~acl=/api/1/1/0/e/b/0/0eb79acddf788161e8603790c70a30f5.mp3*~data=user_id=0,application_id=42~hmac=3bcd5ae04c358efbccfe75426f92d36346cd9f2728c6ecc9c7794489d03cea0d","","203","","","","Eurodance","La Bouche foi curado para ampliar a diversidade reproduzível de Eurodance.","low_coverage_subgenre_expansion_v21_20260820","","https://www.deezer.com/track/2935202001","https://www.deezer.com/track/2935202001","2935202001","https://www.deezer.com/track/2935202001","https://cdn-images.dzcdn.net/images/cover/4a91b180cfb65d03b5996500b3b83eb3/500x500-000000-80-0-0.jpg","","verified_low_coverage_subgenre_depth","eurodance;Eurodance;curated_artist;playable_depth;low_coverage_subgenre_expansion_v21_20260820","catalog_depth","low_coverage_style_repair","published","high","Artista curado para Eurodance; artista exato, gravação e prévia verificados no Deezer."
"funky_house","Dr Packer","Ain't No Fool","Ain't No Fool - Single","","https://audio-ssl.itunes.apple.com/itunes-assets/AudioPreview126/v4/cb/de/1e/cbde1eb8-0792-3485-1156-1ca8023e1ef5/mzaf_3970796809244053857.plus.aac.p.m4a","2024-02-02","206","","","","Funky House","Dr Packer foi curado para ampliar a diversidade reproduzível de Funky House.","low_coverage_subgenre_expansion_v21_20260820","","https://music.apple.com/us/album/aint-no-fool/1726318387?i=1726318388&uo=4","https://music.apple.com/us/album/aint-no-fool/1726318387?i=1726318388&uo=4","","","https://is1-ssl.mzstatic.com/image/thumb/Music116/v4/17/76/01/177601d2-8152-d3a3-26be-3e96f04e4465/FNKSHK003.jpg/600x600bb.jpg","","verified_low_coverage_subgenre_depth","funky_house;Funky House;curated_artist;playable_depth;low_coverage_subgenre_expansion_v21_20260820","catalog_depth","low_coverage_style_repair","published","high","Artista curado para Funky House; artista exato, gravação e prévia verificados no Apple Music."
"funky_house","Dr Packer","Hit and Run (Dr. Packer Rework)","Hit and Run (Dr Packer Rework) - Single","","https://audio-ssl.itunes.apple.com/itunes-assets/AudioPreview126/v4/f0/34/36/f0343675-c011-739e-c0dc-f574984b2236/mzaf_10627657486792862166.plus.aac.p.m4a","2004-12-21","403","","","","Funky House","Dr Packer foi curado para ampliar a diversidade reproduzível de Funky House.","low_coverage_subgenre_expansion_v21_20260820","","https://music.apple.com/us/album/hit-and-run-dr-packer-rework/1479064366?i=1479064368&uo=4","https://music.apple.com/us/album/hit-and-run-dr-packer-rework/1479064366?i=1479064368&uo=4","","","https://is1-ssl.mzstatic.com/image/thumb/Music113/v4/c2/ac/6d/c2ac6df5-8be7-6b76-3328-a5e10614d066/4050538543063.jpg/600x600bb.jpg","","verified_low_coverage_subgenre_depth","funky_house;Funky House;curated_artist;playable_depth;low_coverage_subgenre_expansion_v21_20260820","catalog_depth","low_coverage_style_repair","published","high","Artista curado para Funky House; artista exato, gravação e prévia verificados no Apple Music."
"funky_house","Dr Packer","Let No Man Put Asunder (Dr. Packer Rework)","The Dr. Packer Salsoul Reworks, Vol. 1 - EP","","https://audio-ssl.itunes.apple.com/itunes-assets/AudioPreview116/v4/6d/9e/1e/6d9e1e67-934a-56f0-a3ff-c4e99048194e/mzaf_16060817522549295993.plus.aac.p.m4a","2017-07-07","423","","","","Funky House","Dr Packer foi curado para ampliar a diversidade reproduzível de Funky House.","low_coverage_subgenre_expansion_v21_20260820","","https://music.apple.com/us/album/let-no-man-put-asunder-dr-packer-rework/1438454637?i=1438454638&uo=4","https://music.apple.com/us/album/let-no-man-put-asunder-dr-packer-rework/1438454637?i=1438454638&uo=4","","","https://is1-ssl.mzstatic.com/image/thumb/Music128/v4/a6/79/e8/a679e83f-1802-85b4-17d7-01c50c1e253c/4050538307474.jpg/600x600bb.jpg","","verified_low_coverage_subgenre_depth","funky_house;Funky House;curated_artist;playable_depth;low_coverage_subgenre_expansion_v21_20260820","catalog_depth","low_coverage_style_repair","published","high","Artista curado para Funky House; artista exato, gravação e prévia verificados no Apple Music."
"funky_house","Dr Packer","Love Thang (Dr. Packer Rework)","The Dr. Packer Salsoul Reworks, Vol. 1 - EP","","https://audio-ssl.itunes.apple.com/itunes-assets/AudioPreview116/v4/cb/ed/a9/cbeda972-8027-66cc-97b1-bd21ef41c3a1/mzaf_8815069140102831143.plus.aac.p.m4a","2017-07-07","390","","","","Funky House","Dr Packer foi curado para ampliar a diversidade reproduzível de Funky House.","low_coverage_subgenre_expansion_v21_20260820","","https://music.apple.com/us/album/love-thang-dr-packer-rework/1438454637?i=1438454641&uo=4","https://music.apple.com/us/album/love-thang-dr-packer-rework/1438454637?i=1438454641&uo=4","","","https://is1-ssl.mzstatic.com/image/thumb/Music128/v4/a6/79/e8/a679e83f-1802-85b4-17d7-01c50c1e253c/4050538307474.jpg/600x600bb.jpg","","verified_low_coverage_subgenre_depth","funky_house;Funky House;curated_artist;playable_depth;low_coverage_subgenre_expansion_v21_20260820","catalog_depth","low_coverage_style_repair","published","high","Artista curado para Funky House; artista exato, gravação e prévia verificados no Apple Music."
"funky_house","Full Intention","America (I Love America)","America (I Love America)","","https://cdnt-preview.dzcdn.net/api/1/1/d/8/2/0/d829cdf815f417f63d7df05156fd0dcc.mp3?hdnea=exp=1787243753~acl=/api/1/1/d/8/2/0/d829cdf815f417f63d7df05156fd0dcc.mp3*~data=user_id=0,application_id=42~hmac=5765481f697afee273766ec3e43daf43a4f2b0cec021d9b15044f441d155066d","","216","","","","Funky House","Full Intention foi curado para ampliar a diversidade reproduzível de Funky House.","low_coverage_subgenre_expansion_v21_20260820","","https://www.deezer.com/track/2233246547","https://www.deezer.com/track/2233246547","2233246557","https://www.deezer.com/track/2233246557","https://cdn-images.dzcdn.net/images/cover/97a03e31bc4ba9b652d950886d1d4eee/500x500-000000-80-0-0.jpg","","verified_low_coverage_subgenre_depth","funky_house;Funky House;curated_artist;playable_depth;low_coverage_subgenre_expansion_v21_20260820;deezer_verified","catalog_depth","low_coverage_style_repair","published","high","Artista curado para Funky House; artista exato, gravação e prévia verificados em Deezer."
"funky_house","Full Intention","I'll Be Waiting","Café del Mar XXV (Vol. 25)","","https://cdnt-preview.dzcdn.net/api/1/1/7/0/8/0/70809194beb89589ffd0ce4e3bf4170d.mp3?hdnea=exp=1787243753~acl=/api/1/1/7/0/8/0/70809194beb89589ffd0ce4e3bf4170d.mp3*~data=user_id=0,application_id=42~hmac=3981b72c4205103c9dad5638753ea80a9e137c53f82e1d4eb40609b33427c7da","","255","","","","Funky House","Full Intention foi curado para ampliar a diversidade reproduzível de Funky House.","low_coverage_subgenre_expansion_v21_20260820","","https://www.deezer.com/track/705214092","https://www.deezer.com/track/705214092","87661243","https://www.deezer.com/track/87661243","https://cdn-images.dzcdn.net/images/cover/7d245db88afa14fad21f39cc55546e40/500x500-000000-80-0-0.jpg","","verified_low_coverage_subgenre_depth","funky_house;Funky House;curated_artist;playable_depth;low_coverage_subgenre_expansion_v21_20260820;deezer_verified","catalog_depth","low_coverage_style_repair","published","high","Artista curado para Funky House; artista exato, gravação e prévia verificados em Deezer."
"funky_house","Full Intention","It's Set To Groove","It's Set To Groove","","https://cdnt-preview.dzcdn.net/api/1/1/e/d/6/0/ed696ea62c3b0126105f281eb3ce36b9.mp3?hdnea=exp=1787243753~acl=/api/1/1/e/d/6/0/ed696ea62c3b0126105f281eb3ce36b9.mp3*~data=user_id=0,application_id=42~hmac=704dcd7eeb892d1586f3ab0ab1f3a2aebe2d8eeb3ffe274dd9bd4db6df263b40","","162","","","","Funky House","Full Intention foi curado para ampliar a diversidade reproduzível de Funky House.","low_coverage_subgenre_expansion_v21_20260820","","https://www.deezer.com/track/381016831","https://www.deezer.com/track/381016831","1415943132","https://www.deezer.com/track/1415943132","https://cdn-images.dzcdn.net/images/cover/8c2188fc8fa8013c6baeb0592062aab1/500x500-000000-80-0-0.jpg","","verified_low_coverage_subgenre_depth","funky_house;Funky House;curated_artist;playable_depth;low_coverage_subgenre_expansion_v21_20260820;deezer_verified","catalog_depth","low_coverage_style_repair","published","high","Artista curado para Funky House; artista exato, gravação e prévia verificados em Deezer."
"funky_house","Full Intention","Simply Living","Simply Living","","https://cdnt-preview.dzcdn.net/api/1/1/6/5/0/0/6504d657f0d8aca09078fea48d880eb6.mp3?hdnea=exp=1787243753~acl=/api/1/1/6/5/0/0/6504d657f0d8aca09078fea48d880eb6.mp3*~data=user_id=0,application_id=42~hmac=018a3dce4bb8e31467943f9e6b761086e922951bd0b5ec7d4725a400d4c59e80","","394","","","","Funky House","Full Intention foi curado para ampliar a diversidade reproduzível de Funky House.","low_coverage_subgenre_expansion_v21_20260820","","https://www.deezer.com/track/3155935401","https://www.deezer.com/track/3155935401","3155935401","https://www.deezer.com/track/3155935401","https://cdn-images.dzcdn.net/images/cover/2118057b1fcb7edaa2c0bbd2be09ca3c/500x500-000000-80-0-0.jpg","","verified_low_coverage_subgenre_depth","funky_house;Funky House;curated_artist;playable_depth;low_coverage_subgenre_expansion_v21_20260820","catalog_depth","low_coverage_style_repair","published","high","Artista curado para Funky House; artista exato, gravação e prévia verificados no Deezer."
"funky_house","Seamus Haji","Better Come Again","Better Come Again","","https://cdnt-preview.dzcdn.net/api/1/1/1/0/d/0/10d58fa5b52a927286583a4b8b9f2d44.mp3?hdnea=exp=1787243755~acl=/api/1/1/1/0/d/0/10d58fa5b52a927286583a4b8b9f2d44.mp3*~data=user_id=0,application_id=42~hmac=33f41a3b3b175f0ffc611eb92af326e7da4d3647118530b74146f497f064a187","","401","","","","Funky House","Seamus Haji foi curado para ampliar a diversidade reproduzível de Funky House.","low_coverage_subgenre_expansion_v21_20260820","","https://www.deezer.com/track/1767952697","https://www.deezer.com/track/1767952697","1767952697","https://www.deezer.com/track/1767952697","https://cdn-images.dzcdn.net/images/cover/d0c716861793e4deea70786ea9aa5a28/500x500-000000-80-0-0.jpg","","verified_low_coverage_subgenre_depth","funky_house;Funky House;curated_artist;playable_depth;low_coverage_subgenre_expansion_v21_20260820","catalog_depth","low_coverage_style_repair","published","high","Artista curado para Funky House; artista exato, gravação e prévia verificados no Deezer."
"funky_house","Seamus Haji","Boogie 2nite","Boogie 2nite","","https://audio-ssl.itunes.apple.com/itunes-assets/AudioPreview221/v4/2a/12/8c/2a128c79-8df7-79cf-62f7-8f595f2c0b9a/mzaf_14304503201672178543.plus.aac.p.m4a","2019-09-20","209","","","","Funky House","Seamus Haji foi curado para ampliar a diversidade reproduzível de Funky House.","low_coverage_subgenre_expansion_v21_20260820","","https://music.apple.com/us/album/boogie-2nite/1783947188?i=1783947189&uo=4","https://music.apple.com/us/album/boogie-2nite/1783947188?i=1783947189&uo=4","3156033831","https://www.deezer.com/track/3156033831","https://is1-ssl.mzstatic.com/image/thumb/Music221/v4/fa/d3/26/fad326c5-f372-1b3f-3575-eb68002fae13/826194472092.png/600x600bb.jpg","","verified_low_coverage_subgenre_depth","funky_house;Funky House;curated_artist;playable_depth;low_coverage_subgenre_expansion_v21_20260820;itunes_verified;deezer_verified","catalog_depth","low_coverage_style_repair","published","high","Artista curado para Funky House; artista exato, gravação e prévia verificados em Apple Music e Deezer."
"funky_house","Seamus Haji","Dance With Me","Dance With Me","","https://cdnt-preview.dzcdn.net/api/1/1/9/5/f/0/95fae86bccb4b1de7165f568cd61ea51.mp3?hdnea=exp=1787243755~acl=/api/1/1/9/5/f/0/95fae86bccb4b1de7165f568cd61ea51.mp3*~data=user_id=0,application_id=42~hmac=e9792c61779407b00fd9fce30d4b8937642d1013bee94b1cf844143d1790f8d8","","195","","","","Funky House","Seamus Haji foi curado para ampliar a diversidade reproduzível de Funky House.","low_coverage_subgenre_expansion_v21_20260820","","https://www.deezer.com/track/2523954111","https://www.deezer.com/track/2523954111","2523954121","https://www.deezer.com/track/2523954121","https://cdn-images.dzcdn.net/images/cover/5d2ab0d9277d9322e5c39c9191431569/500x500-000000-80-0-0.jpg","","verified_low_coverage_subgenre_depth","funky_house;Funky House;curated_artist;playable_depth;low_coverage_subgenre_expansion_v21_20260820;deezer_verified","catalog_depth","low_coverage_style_repair","published","high","Artista curado para Funky House; artista exato, gravação e prévia verificados em Deezer."
"funky_house","Seamus Haji","Last Night a DJ Saved My Life","Last Night a DJ Saved My Life","","https://cdnt-preview.dzcdn.net/api/1/1/0/f/8/0/0f89f140a902cff6be598f01d78c29cc.mp3?hdnea=exp=1787243755~acl=/api/1/1/0/f/8/0/0f89f140a902cff6be598f01d78c29cc.mp3*~data=user_id=0,application_id=42~hmac=e129dae3f2a6a45c18dda8ceb80595226a191b384b040c3ccbaa39037ec2b90b","","461","","","","Funky House","Seamus Haji foi curado para ampliar a diversidade reproduzível de Funky House.","low_coverage_subgenre_expansion_v21_20260820","","https://www.deezer.com/track/63202480","https://www.deezer.com/track/63202480","460177272","https://www.deezer.com/track/460177272","https://cdn-images.dzcdn.net/images/cover/71a64c80af62c81c4a52ca7c00ebff5f/500x500-000000-80-0-0.jpg","","verified_low_coverage_subgenre_depth","funky_house;Funky House;curated_artist;playable_depth;low_coverage_subgenre_expansion_v21_20260820;deezer_verified","catalog_depth","low_coverage_style_repair","published","high","Artista curado para Funky House; artista exato, gravação e prévia verificados em Deezer."
"future_house","Don Diablo","Gangsta Lean","Gangsta Lean","","https://cdnt-preview.dzcdn.net/api/1/1/3/2/a/0/32a73f95140344af7c3a3c0c145ce7e5.mp3?hdnea=exp=1787243758~acl=/api/1/1/3/2/a/0/32a73f95140344af7c3a3c0c145ce7e5.mp3*~data=user_id=0,application_id=42~hmac=2bc47fe8494b1c75f3c9f9f89f329866833e5dd64e0b61829d17acedbebd148d","","122","","","","Future House","Don Diablo foi curado para ampliar a diversidade reproduzível de Future House.","low_coverage_subgenre_expansion_v21_20260820","","https://www.deezer.com/track/4135538961","https://www.deezer.com/track/4135538961","4135538961","https://www.deezer.com/track/4135538961","https://cdn-images.dzcdn.net/images/cover/2d61740e71146c4290cc743c6e0d26fc/500x500-000000-80-0-0.jpg","","verified_low_coverage_subgenre_depth","future_house;Future House;curated_artist;playable_depth;low_coverage_subgenre_expansion_v21_20260820","catalog_depth","low_coverage_style_repair","published","high","Artista curado para Future House; artista exato, gravação e prévia verificados no Deezer."
"future_house","Don Diablo","Lete Sound (Restore Local Sessions 001)","Lete Sound (Restore Local Sessions 001)","","https://cdnt-preview.dzcdn.net/api/1/1/f/d/d/0/fddb4f352711fe1ab40b08054e5a0dd4.mp3?hdnea=exp=1787243758~acl=/api/1/1/f/d/d/0/fddb4f352711fe1ab40b08054e5a0dd4.mp3*~data=user_id=0,application_id=42~hmac=2750df8d8cb50db60aa016a5eb355c0a4456dd1284ef2a11581046dd44825e0a","","182","","","","Future House","Don Diablo foi curado para ampliar a diversidade reproduzível de Future House.","low_coverage_subgenre_expansion_v21_20260820","","https://www.deezer.com/track/3921512421","https://www.deezer.com/track/3921512421","3921512421","https://www.deezer.com/track/3921512421","https://cdn-images.dzcdn.net/images/cover/af687a96f24d17443604cf2b147a1ccd/500x500-000000-80-0-0.jpg","","verified_low_coverage_subgenre_depth","future_house;Future House;curated_artist;playable_depth;low_coverage_subgenre_expansion_v21_20260820","catalog_depth","low_coverage_style_repair","published","high","Artista curado para Future House; artista exato, gravação e prévia verificados no Deezer."
"future_house","Don Diablo","On My Mind","On My Mind - Single","","https://audio-ssl.itunes.apple.com/itunes-assets/AudioPreview122/v4/07/30/fa/0730fa7e-fd5c-7d09-68ba-7efc937a1760/mzaf_12558748247073066953.plus.aac.p.m4a","2015-08-10","250","","","","Future House","Don Diablo foi curado para ampliar a diversidade reproduzível de Future House.","low_coverage_subgenre_expansion_v21_20260820","","https://music.apple.com/us/album/on-my-mind/1336550422?i=1336550428&uo=4","https://music.apple.com/us/album/on-my-mind/1336550422?i=1336550428&uo=4","","","https://is1-ssl.mzstatic.com/image/thumb/Music114/v4/15/03/ea/1503ea41-0578-3b1a-a292-d7b4978c36f6/8712944483420.jpg/600x600bb.jpg","","verified_low_coverage_subgenre_depth","future_house;Future House;curated_artist;playable_depth;low_coverage_subgenre_expansion_v21_20260820","catalog_depth","low_coverage_style_repair","published","high","Artista curado para Future House; artista exato, gravação e prévia verificados no Apple Music."
"future_house","Don Diablo","The Way I Are","The Way I Are - Single","","https://audio-ssl.itunes.apple.com/itunes-assets/AudioPreview221/v4/db/7b/3c/db7b3c27-f87e-1e80-a4ae-0ff4df9ce9b5/mzaf_85421232730665410.plus.aac.p.m4a","2025-02-28","187","","","","Future House","Don Diablo foi curado para ampliar a diversidade reproduzível de Future House.","low_coverage_subgenre_expansion_v21_20260820","","https://music.apple.com/us/album/the-way-i-are/1795474185?i=1795474186&uo=4","https://music.apple.com/us/album/the-way-i-are/1795474185?i=1795474186&uo=4","","","https://is1-ssl.mzstatic.com/image/thumb/Music221/v4/6f/d5/99/6fd599de-e31a-d723-a47c-49b2a3143721/8721253693192.png/600x600bb.jpg","","verified_low_coverage_subgenre_depth","future_house;Future House;curated_artist;playable_depth;low_coverage_subgenre_expansion_v21_20260820","catalog_depth","low_coverage_style_repair","published","high","Artista curado para Future House; artista exato, gravação e prévia verificados no Apple Music."
"future_house","Lucas & Steve","After Midnight (feat. Xoro)","After Midnight (feat. Xoro)","","https://cdnt-preview.dzcdn.net/api/1/1/6/c/2/0/6c2bcaf1b4201ba6c26ec869d60cce7f.mp3?hdnea=exp=1787243762~acl=/api/1/1/6/c/2/0/6c2bcaf1b4201ba6c26ec869d60cce7f.mp3*~data=user_id=0,application_id=42~hmac=4bd4af130bc127e4140d3cdf3c029814624010008cb1b4fa07f44c3254484d1d","","143","","","","Future House","Lucas & Steve foi curado para ampliar a diversidade reproduzível de Future House.","low_coverage_subgenre_expansion_v21_20260820","","https://www.deezer.com/track/2083357797","https://www.deezer.com/track/2083357797","2083357797","https://www.deezer.com/track/2083357797","https://cdn-images.dzcdn.net/images/cover/55e25ff8a691e63185b4a95c7f1f9f15/500x500-000000-80-0-0.jpg","","verified_low_coverage_subgenre_depth","future_house;Future House;curated_artist;playable_depth;low_coverage_subgenre_expansion_v21_20260820","catalog_depth","low_coverage_style_repair","published","high","Artista curado para Future House; artista exato, gravação e prévia verificados no Deezer."
"future_house","Lucas & Steve","All I Know","All I Know","","https://cdnt-preview.dzcdn.net/api/1/1/3/d/5/0/3d5af041d639498b715a714ad1ebd7c7.mp3?hdnea=exp=1787243762~acl=/api/1/1/3/d/5/0/3d5af041d639498b715a714ad1ebd7c7.mp3*~data=user_id=0,application_id=42~hmac=6ffbb5be566ff10c5986d332709e9e14417e7892718791ebcf97d9e697c84bc4","","173","","","","Future House","Lucas & Steve foi curado para ampliar a diversidade reproduzível de Future House.","low_coverage_subgenre_expansion_v21_20260820","","https://www.deezer.com/track/4112633671","https://www.deezer.com/track/4112633671","4112633671","https://www.deezer.com/track/4112633671","https://cdn-images.dzcdn.net/images/cover/0f5903fb7c7280dd7ed4417134dec03b/500x500-000000-80-0-0.jpg","","verified_low_coverage_subgenre_depth","future_house;Future House;curated_artist;playable_depth;low_coverage_subgenre_expansion_v21_20260820","catalog_depth","low_coverage_style_repair","published","high","Artista curado para Future House; artista exato, gravação e prévia verificados no Deezer."
"future_house","Lucas & Steve","Good Times","Good Times","","https://cdnt-preview.dzcdn.net/api/1/1/e/6/1/0/e6185f664761a115d48248003ceed6f7.mp3?hdnea=exp=1787243762~acl=/api/1/1/e/6/1/0/e6185f664761a115d48248003ceed6f7.mp3*~data=user_id=0,application_id=42~hmac=bce665bf7185fbed66e7472e59bbaf097c933786d41be7625a1053c656d4295f","","163","","","","Future House","Lucas & Steve foi curado para ampliar a diversidade reproduzível de Future House.","low_coverage_subgenre_expansion_v21_20260820","","https://www.deezer.com/track/3661641632","https://www.deezer.com/track/3661641632","3661641632","https://www.deezer.com/track/3661641632","https://cdn-images.dzcdn.net/images/cover/f83c18d4133756c937df0e99ca0fdc59/500x500-000000-80-0-0.jpg","","verified_low_coverage_subgenre_depth","future_house;Future House;curated_artist;playable_depth;low_coverage_subgenre_expansion_v21_20260820","catalog_depth","low_coverage_style_repair","published","high","Artista curado para Future House; artista exato, gravação e prévia verificados no Deezer."
"future_house","Lucas & Steve","What We Know (feat. Conor Byrne)","What We Know (feat. Conor Byrne)","","https://cdnt-preview.dzcdn.net/api/1/1/2/2/9/0/229032d8c24e44093ca8f7c0a7275913.mp3?hdnea=exp=1787243762~acl=/api/1/1/2/2/9/0/229032d8c24e44093ca8f7c0a7275913.mp3*~data=user_id=0,application_id=42~hmac=159cf2e061a539434a14ad04d759fdc381307575524af41db5a113f83fa7359f","","168","","","","Future House","Lucas & Steve foi curado para ampliar a diversidade reproduzível de Future House.","low_coverage_subgenre_expansion_v21_20260820","","https://www.deezer.com/track/2384411375","https://www.deezer.com/track/2384411375","2384411375","https://www.deezer.com/track/2384411375","https://cdn-images.dzcdn.net/images/cover/5d56fa5bdca8adc0ee0a69f5cddbaa0e/500x500-000000-80-0-0.jpg","","verified_low_coverage_subgenre_depth","future_house;Future House;curated_artist;playable_depth;low_coverage_subgenre_expansion_v21_20260820","catalog_depth","low_coverage_style_repair","published","high","Artista curado para Future House; artista exato, gravação e prévia verificados no Deezer."
"future_house","Mike Williams","All My Life (In My Heart)","All My Life (In My Heart)","","https://cdnt-preview.dzcdn.net/api/1/1/5/7/1/0/57176280c5969750998528a9082736f1.mp3?hdnea=exp=1787243760~acl=/api/1/1/5/7/1/0/57176280c5969750998528a9082736f1.mp3*~data=user_id=0,application_id=42~hmac=4944b1a44877f6703ddbd37db2c9a5e65231ec267502c06ceb2c1f8211e997c1","","170","","","","Future House","Mike Williams foi curado para ampliar a diversidade reproduzível de Future House.","low_coverage_subgenre_expansion_v21_20260820","","https://www.deezer.com/track/3574608581","https://www.deezer.com/track/3574608581","3574608581","https://www.deezer.com/track/3574608581","https://cdn-images.dzcdn.net/images/cover/5a34a5834a31431d99f012650e3da2b3/500x500-000000-80-0-0.jpg","","verified_low_coverage_subgenre_depth","future_house;Future House;curated_artist;playable_depth;low_coverage_subgenre_expansion_v21_20260820","catalog_depth","low_coverage_style_repair","published","high","Artista curado para Future House; artista exato, gravação e prévia verificados no Deezer."
"future_house","Mike Williams","Illusion","Illusion","","https://cdnt-preview.dzcdn.net/api/1/1/9/6/4/0/96412373f0dca1e0e9b144b0e9a5827b.mp3?hdnea=exp=1787243760~acl=/api/1/1/9/6/4/0/96412373f0dca1e0e9b144b0e9a5827b.mp3*~data=user_id=0,application_id=42~hmac=5a8514eced28db36ef528fa172b570c9171eb59620814541735e235fbe6cdfbc","","214","","","","Future House","Mike Williams foi curado para ampliar a diversidade reproduzível de Future House.","low_coverage_subgenre_expansion_v21_20260820","","https://www.deezer.com/track/3732540012","https://www.deezer.com/track/3732540012","3732540012","https://www.deezer.com/track/3732540012","https://cdn-images.dzcdn.net/images/cover/52689ac231cb23632e002414ff9354ba/500x500-000000-80-0-0.jpg","","verified_low_coverage_subgenre_depth","future_house;Future House;curated_artist;playable_depth;low_coverage_subgenre_expansion_v21_20260820","catalog_depth","low_coverage_style_repair","published","high","Artista curado para Future House; artista exato, gravação e prévia verificados no Deezer."
"future_house","Mike Williams","Wait Another Day","Wait Another Day","","https://cdnt-preview.dzcdn.net/api/1/1/3/9/9/0/3996ba5a39978b765ee470ab1f685740.mp3?hdnea=exp=1787243760~acl=/api/1/1/3/9/9/0/3996ba5a39978b765ee470ab1f685740.mp3*~data=user_id=0,application_id=42~hmac=2a48e2b1aea22d23f97bd27be446bf9db30bcd6a475d4b62c60536c57011830e","","179","","","","Future House","Mike Williams foi curado para ampliar a diversidade reproduzível de Future House.","low_coverage_subgenre_expansion_v21_20260820","","https://www.deezer.com/track/599043162","https://www.deezer.com/track/599043162","599043162","https://www.deezer.com/track/599043162","https://cdn-images.dzcdn.net/images/cover/a3610d5465b889b16b6dd7cec696cb6c/500x500-000000-80-0-0.jpg","","verified_low_coverage_subgenre_depth","future_house;Future House;curated_artist;playable_depth;low_coverage_subgenre_expansion_v21_20260820","catalog_depth","low_coverage_style_repair","published","high","Artista curado para Future House; artista exato, gravação e prévia verificados no Deezer."
"future_house","Mike Williams","Without You","Without You","","https://cdnt-preview.dzcdn.net/api/1/1/d/8/b/0/d8bb2252fc9a99cef553c5e219f12898.mp3?hdnea=exp=1787243760~acl=/api/1/1/d/8/b/0/d8bb2252fc9a99cef553c5e219f12898.mp3*~data=user_id=0,application_id=42~hmac=617ca6a13b4378e1be617c624a5a1a5314b192321f14716c6ca45317e3df71c3","","151","","","","Future House","Mike Williams foi curado para ampliar a diversidade reproduzível de Future House.","low_coverage_subgenre_expansion_v21_20260820","","https://www.deezer.com/track/1363491232","https://www.deezer.com/track/1363491232","1457029422","https://www.deezer.com/track/1457029422","https://cdn-images.dzcdn.net/images/cover/b77a2bc225de4f1613744da84126c3be/500x500-000000-80-0-0.jpg","","verified_low_coverage_subgenre_depth","future_house;Future House;curated_artist;playable_depth;low_coverage_subgenre_expansion_v21_20260820;deezer_verified","catalog_depth","low_coverage_style_repair","published","high","Artista curado para Future House; artista exato, gravação e prévia verificados em Deezer."
"futurepop","Assemblage 23","Damaged","Meta","","https://audio-ssl.itunes.apple.com/itunes-assets/AudioPreview125/v4/76/e4/ed/76e4ed39-6000-989c-3e44-8f51722c8e45/mzaf_15636200942492366617.plus.aac.p.m4a","2007-04-20","361","","","","Futurepop","Assemblage 23 foi curado para ampliar a diversidade reproduzível de Futurepop.","low_coverage_subgenre_expansion_v21_20260820","","https://music.apple.com/us/album/damaged/413130921?i=413130973&uo=4","https://music.apple.com/us/album/damaged/413130921?i=413130973&uo=4","61711535","https://www.deezer.com/track/61711535","https://is1-ssl.mzstatic.com/image/thumb/Music126/v4/8d/53/51/8d535135-7329-30e7-800a-f208b55137ac/782388048064_Cover.jpg/600x600bb.jpg","","verified_low_coverage_subgenre_depth","futurepop;Futurepop;curated_artist;playable_depth;low_coverage_subgenre_expansion_v21_20260820;itunes_verified;deezer_verified","catalog_depth","low_coverage_style_repair","published","high","Artista curado para Futurepop; artista exato, gravação e prévia verificados em Apple Music e Deezer."
"futurepop","Assemblage 23","Disappoint","Failure","","https://audio-ssl.itunes.apple.com/itunes-assets/AudioPreview125/v4/8c/7a/fc/8c7afc7e-da11-b4b7-0209-e5f47b729a7d/mzaf_6978250544915974141.plus.aac.p.m4a","2001-03-30","334","","","","Futurepop","Assemblage 23 foi curado para ampliar a diversidade reproduzível de Futurepop.","low_coverage_subgenre_expansion_v21_20260820","","https://music.apple.com/us/album/disappoint/413171568?i=413171696&uo=4","https://music.apple.com/us/album/disappoint/413171568?i=413171696&uo=4","1472586912","https://www.deezer.com/track/1472586912","https://is1-ssl.mzstatic.com/image/thumb/Music126/v4/8b/06/b9/8b06b922-e4c5-7391-e0d5-8eac63b2e836/782388023467_Cover.jpg/600x600bb.jpg","","verified_low_coverage_subgenre_depth","futurepop;Futurepop;curated_artist;playable_depth;low_coverage_subgenre_expansion_v21_20260820;itunes_verified;deezer_verified","catalog_depth","low_coverage_style_repair","published","high","Artista curado para Futurepop; artista exato, gravação e prévia verificados em Apple Music e Deezer."
"futurepop","Assemblage 23","Drive","Defiance","","https://audio-ssl.itunes.apple.com/itunes-assets/AudioPreview125/v4/96/54/e0/9654e076-2d8f-7eab-c453-69358c206fe1/mzaf_13547912455843042735.plus.aac.p.m4a","2002-10-22","311","","","","Futurepop","Assemblage 23 foi curado para ampliar a diversidade reproduzível de Futurepop.","low_coverage_subgenre_expansion_v21_20260820","","https://music.apple.com/us/album/drive/413161983?i=413161985&uo=4","https://music.apple.com/us/album/drive/413161983?i=413161985&uo=4","61706464","https://www.deezer.com/track/61706464","https://is1-ssl.mzstatic.com/image/thumb/Music126/v4/87/81/22/878122ab-4a4b-0c92-9d68-505a24e275c6/782388025966_Cover.jpg/600x600bb.jpg","","verified_low_coverage_subgenre_depth","futurepop;Futurepop;curated_artist;playable_depth;low_coverage_subgenre_expansion_v21_20260820;itunes_verified;deezer_verified","catalog_depth","low_coverage_style_repair","published","high","Artista curado para Futurepop; artista exato, gravação e prévia verificados em Apple Music e Deezer."
"futurepop","Assemblage 23","Normal","Null","","https://cdnt-preview.dzcdn.net/api/1/1/9/8/9/0/989c96f5bf663128208236f974441de3.mp3?hdnea=exp=1787243766~acl=/api/1/1/9/8/9/0/989c96f5bf663128208236f974441de3.mp3*~data=user_id=0,application_id=42~hmac=b8e0af646403013bdf1c92386e49ba55abfe9bcdd9fda04407aedacde2ff3320","","270","","","","Futurepop","Assemblage 23 foi curado para ampliar a diversidade reproduzível de Futurepop.","low_coverage_subgenre_expansion_v21_20260820","","https://www.deezer.com/track/3601727532","https://www.deezer.com/track/3601727532","3601727532","https://www.deezer.com/track/3601727532","https://cdn-images.dzcdn.net/images/cover/dd15e31766328a41dfc4db2c920b97fb/500x500-000000-80-0-0.jpg","","verified_low_coverage_subgenre_depth","futurepop;Futurepop;curated_artist;playable_depth;low_coverage_subgenre_expansion_v21_20260820","catalog_depth","low_coverage_style_repair","published","high","Artista curado para Futurepop; artista exato, gravação e prévia verificados no Deezer."
"futurepop","Covenant","Bullet","Northern Light","","https://cdnt-preview.dzcdn.net/api/1/1/a/2/3/0/a23724187a3f35846ad7f15780bd2cce.mp3?hdnea=exp=1787243764~acl=/api/1/1/a/2/3/0/a23724187a3f35846ad7f15780bd2cce.mp3*~data=user_id=0,application_id=42~hmac=a3de9c5c94c5b4e6e660736039672893f9faefd8920890a78348e075647066c9","","302","","","","Futurepop","Covenant foi curado para ampliar a diversidade reproduzível de Futurepop.","low_coverage_subgenre_expansion_v21_20260820","","https://www.deezer.com/track/13260317","https://www.deezer.com/track/13260317","1437857702","https://www.deezer.com/track/1437857702","https://cdn-images.dzcdn.net/images/cover/56b7ef6dcf94b8772958fe055577cf1d/500x500-000000-80-0-0.jpg","","verified_low_coverage_subgenre_depth","futurepop;Futurepop;curated_artist;playable_depth;low_coverage_subgenre_expansion_v21_20260820;deezer_verified","catalog_depth","low_coverage_style_repair","published","high","Artista curado para Futurepop; artista exato, gravação e prévia verificados em Deezer."
"futurepop","Covenant","Call The Ships To Port","Northern Light","","https://cdnt-preview.dzcdn.net/api/1/1/1/0/7/0/107da45800aab84c8438525225e545a1.mp3?hdnea=exp=1787243764~acl=/api/1/1/1/0/7/0/107da45800aab84c8438525225e545a1.mp3*~data=user_id=0,application_id=42~hmac=5663377c75ebe14da5c66a04d11d86590237d00548015ede97308dd9bfec5421","","295","","","","Futurepop","Covenant foi curado para ampliar a diversidade reproduzível de Futurepop.","low_coverage_subgenre_expansion_v21_20260820","","https://www.deezer.com/track/13260316","https://www.deezer.com/track/13260316","15282763","https://www.deezer.com/track/15282763","https://cdn-images.dzcdn.net/images/cover/56b7ef6dcf94b8772958fe055577cf1d/500x500-000000-80-0-0.jpg","","verified_low_coverage_subgenre_depth","futurepop;Futurepop;curated_artist;playable_depth;low_coverage_subgenre_expansion_v21_20260820;deezer_verified","catalog_depth","low_coverage_style_repair","published","high","Artista curado para Futurepop; artista exato, gravação e prévia verificados em Deezer."
"futurepop","Covenant","I Close My Eyes","The Blinding Dark","","https://cdnt-preview.dzcdn.net/api/1/1/f/1/1/0/f1117c98b116d47c5cfe84699d13a8c1.mp3?hdnea=exp=1787243764~acl=/api/1/1/f/1/1/0/f1117c98b116d47c5cfe84699d13a8c1.mp3*~data=user_id=0,application_id=42~hmac=bc0a1cffaf9b48bdb4dc812fc67f5064bec277e168287956c77b3cfd29d76573","","351","","","","Futurepop","Covenant foi curado para ampliar a diversidade reproduzível de Futurepop.","low_coverage_subgenre_expansion_v21_20260820","","https://www.deezer.com/track/1976602497","https://www.deezer.com/track/1976602497","1976602497","https://www.deezer.com/track/1976602497","https://cdn-images.dzcdn.net/images/cover/21ad5d24fcf7bb267f92bc1c388e31e7/500x500-000000-80-0-0.jpg","","verified_low_coverage_subgenre_depth","futurepop;Futurepop;curated_artist;playable_depth;low_coverage_subgenre_expansion_v21_20260820","catalog_depth","low_coverage_style_repair","published","high","Artista curado para Futurepop; artista exato, gravação e prévia verificados no Deezer."
"futurepop","Covenant","Like Tears in Rain","United States of Mind","","https://cdnt-preview.dzcdn.net/api/1/1/7/8/1/0/781947a449b173d9727f9cc94e773b35.mp3?hdnea=exp=1787243764~acl=/api/1/1/7/8/1/0/781947a449b173d9727f9cc94e773b35.mp3*~data=user_id=0,application_id=42~hmac=83ee1be81d8b177e3eae41e960072ab4d6ac48c5c3ec73ec95aff4427e1e8f8f","","351","","","","Futurepop","Covenant foi curado para ampliar a diversidade reproduzível de Futurepop.","low_coverage_subgenre_expansion_v21_20260820","","https://www.deezer.com/track/1978764877","https://www.deezer.com/track/1978764877","1978764877","https://www.deezer.com/track/1978764877","https://cdn-images.dzcdn.net/images/cover/bb65b24beff09040d91a23b43a3ba5ce/500x500-000000-80-0-0.jpg","","verified_low_coverage_subgenre_depth","futurepop;Futurepop;curated_artist;playable_depth;low_coverage_subgenre_expansion_v21_20260820","catalog_depth","low_coverage_style_repair","published","high","Artista curado para Futurepop; artista exato, gravação e prévia verificados no Deezer."
"futurepop","Icon of Coil","Dead Enough for Life","Machines Are Us","","https://audio-ssl.itunes.apple.com/itunes-assets/AudioPreview125/v4/ff/66/35/ff6635ce-2f4b-3aeb-96c6-d3910d4b19ab/mzaf_11644677928085105676.plus.aac.p.m4a","2004-02-17","305","","","","Futurepop","Icon of Coil foi curado para ampliar a diversidade reproduzível de Futurepop.","low_coverage_subgenre_expansion_v21_20260820","","https://music.apple.com/us/album/dead-enough-for-life/413175576?i=413175629&uo=4","https://music.apple.com/us/album/dead-enough-for-life/413175576?i=413175629&uo=4","34988971","https://www.deezer.com/track/34988971","https://is1-ssl.mzstatic.com/image/thumb/Music126/v4/f6/c2/56/f6c25628-f0d2-7c7a-8061-3eea174866b8/782388030465_Cover.jpg/600x600bb.jpg","","verified_low_coverage_subgenre_depth","futurepop;Futurepop;curated_artist;playable_depth;low_coverage_subgenre_expansion_v21_20260820;itunes_verified;deezer_verified","catalog_depth","low_coverage_style_repair","published","high","Artista curado para Futurepop; artista exato, gravação e prévia verificados em Apple Music e Deezer."
"futurepop","Icon of Coil","Existence In Progress","Machines Are Us","","https://audio-ssl.itunes.apple.com/itunes-assets/AudioPreview115/v4/7b/8d/d3/7b8dd387-c30e-aa59-b99f-0fed60842f6a/mzaf_9918079371030869842.plus.aac.p.m4a","2004-02-17","322","","","","Futurepop","Icon of Coil foi curado para ampliar a diversidade reproduzível de Futurepop.","low_coverage_subgenre_expansion_v21_20260820","","https://music.apple.com/us/album/existence-in-progress/413175576?i=413175614&uo=4","https://music.apple.com/us/album/existence-in-progress/413175576?i=413175614&uo=4","34988941","https://www.deezer.com/track/34988941","https://is1-ssl.mzstatic.com/image/thumb/Music126/v4/f6/c2/56/f6c25628-f0d2-7c7a-8061-3eea174866b8/782388030465_Cover.jpg/600x600bb.jpg","","verified_low_coverage_subgenre_depth","futurepop;Futurepop;curated_artist;playable_depth;low_coverage_subgenre_expansion_v21_20260820;itunes_verified;deezer_verified","catalog_depth","low_coverage_style_repair","published","high","Artista curado para Futurepop; artista exato, gravação e prévia verificados em Apple Music e Deezer."
"futurepop","Icon of Coil","Floorkiller","Serenity Is the Devil","","https://audio-ssl.itunes.apple.com/itunes-assets/AudioPreview115/v4/92/72/33/92723367-8005-3451-e6a3-f7b7fbffb069/mzaf_1793731622481530242.plus.aac.p.m4a","2000-10-02","560","","","","Futurepop","Icon of Coil foi curado para ampliar a diversidade reproduzível de Futurepop.","low_coverage_subgenre_expansion_v21_20260820","","https://music.apple.com/us/album/floorkiller/413192176?i=413192199&uo=4","https://music.apple.com/us/album/floorkiller/413192176?i=413192199&uo=4","34986791","https://www.deezer.com/track/34986791","https://is1-ssl.mzstatic.com/image/thumb/Music116/v4/e8/4c/91/e84c9144-ccf1-97d1-0faa-003904ad6699/782388018869_Cover.jpg/600x600bb.jpg","","verified_low_coverage_subgenre_depth","futurepop;Futurepop;curated_artist;playable_depth;low_coverage_subgenre_expansion_v21_20260820;itunes_verified;deezer_verified","catalog_depth","low_coverage_style_repair","published","high","Artista curado para Futurepop; artista exato, gravação e prévia verificados em Apple Music e Deezer."
"futurepop","Icon of Coil","Shelter","Machines Are Us","","https://audio-ssl.itunes.apple.com/itunes-assets/AudioPreview115/v4/66/ec/bb/66ecbb85-fb9f-0008-8223-949a7602ad56/mzaf_7067928578139866784.plus.aac.p.m4a","2004-02-17","354","","","","Futurepop","Icon of Coil foi curado para ampliar a diversidade reproduzível de Futurepop.","low_coverage_subgenre_expansion_v21_20260820","","https://music.apple.com/us/album/shelter/413175576?i=413175590&uo=4","https://music.apple.com/us/album/shelter/413175576?i=413175590&uo=4","34988921","https://www.deezer.com/track/34988921","https://is1-ssl.mzstatic.com/image/thumb/Music126/v4/f6/c2/56/f6c25628-f0d2-7c7a-8061-3eea174866b8/782388030465_Cover.jpg/600x600bb.jpg","","verified_low_coverage_subgenre_depth","futurepop;Futurepop;curated_artist;playable_depth;low_coverage_subgenre_expansion_v21_20260820;itunes_verified;deezer_verified","catalog_depth","low_coverage_style_repair","published","high","Artista curado para Futurepop; artista exato, gravação e prévia verificados em Apple Music e Deezer."
"ghetto_house","DJ Slugo","418 (Bounce Mix)","DJ Slugo Juke Chronicles Vol. 3 - Single","","https://audio-ssl.itunes.apple.com/itunes-assets/AudioPreview123/v4/72/24/8c/72248cdc-20ce-2a6e-5b56-9aa30b6be806/mzaf_3620771949276908666.plus.aac.p.m4a","2008-02-28","187","","","","Ghetto House","DJ Slugo foi curado para ampliar a diversidade reproduzível de Ghetto House.","low_coverage_subgenre_expansion_v21_20260820","","https://music.apple.com/us/album/418-bounce-mix/1665781557?i=1665781558&uo=4","https://music.apple.com/us/album/418-bounce-mix/1665781557?i=1665781558&uo=4","2110501847","https://www.deezer.com/track/2110501847","https://is1-ssl.mzstatic.com/image/thumb/Music123/v4/9a/28/2b/9a282b11-e495-2acd-e005-6c8dcdd44ee8/cover.jpg/600x600bb.jpg","","verified_low_coverage_subgenre_depth","ghetto_house;Ghetto House;curated_artist;playable_depth;low_coverage_subgenre_expansion_v21_20260820;itunes_verified;deezer_verified","catalog_depth","low_coverage_style_repair","published","high","Artista curado para Ghetto House; artista exato, gravação e prévia verificados em Apple Music e Deezer."
"ghetto_house","DJ Slugo","Freaky Ride","Old School Juke","","https://cdnt-preview.dzcdn.net/api/1/1/a/5/a/0/a5a011d627b6b481acaa77591df8753c.mp3?hdnea=exp=1787244009~acl=/api/1/1/a/5/a/0/a5a011d627b6b481acaa77591df8753c.mp3*~data=user_id=0,application_id=42~hmac=37eb9fbcbe623f35291d8d4bcecbeb3d009ca484b8c2ae68c39e2a81404ed518","","242","","","","Ghetto House","DJ Slugo foi curado para ampliar a diversidade reproduzível de Ghetto House.","low_coverage_subgenre_expansion_v21_20260820","","https://www.deezer.com/track/1963484027","https://www.deezer.com/track/1963484027","1963484027","https://www.deezer.com/track/1963484027","https://cdn-images.dzcdn.net/images/cover/c4299df87092d592a10502ae8872a6b8/500x500-000000-80-0-0.jpg","","verified_low_coverage_subgenre_depth","ghetto_house;Ghetto House;curated_artist;playable_depth;low_coverage_subgenre_expansion_v21_20260820","catalog_depth","low_coverage_style_repair","published","high","Artista curado para Ghetto House; artista exato, gravação e prévia verificados no Deezer."
"ghetto_house","DJ Slugo","Godzilla (114799)","Godzilla (114799) - Single","","https://audio-ssl.itunes.apple.com/itunes-assets/AudioPreview126/v4/3b/bb/09/3bbb0983-01e8-f088-5bea-f1648d9da8d1/mzaf_5195952975688762109.plus.aac.p.m4a","2019-07-04","258","","","","Ghetto House","DJ Slugo foi curado para ampliar a diversidade reproduzível de Ghetto House.","low_coverage_subgenre_expansion_v21_20260820","","https://music.apple.com/us/album/godzilla-114799/1688764409?i=1688764410&uo=4","https://music.apple.com/us/album/godzilla-114799/1688764409?i=1688764410&uo=4","","","https://is1-ssl.mzstatic.com/image/thumb/Music126/v4/19/ac/85/19ac8565-6d80-5de3-baf4-c4629cf4b335/cover.jpg/600x600bb.jpg","","verified_low_coverage_subgenre_depth","ghetto_house;Ghetto House;curated_artist;playable_depth;low_coverage_subgenre_expansion_v21_20260820","catalog_depth","low_coverage_style_repair","published","high","Artista curado para Ghetto House; artista exato, gravação e prévia verificados no Apple Music."
"ghetto_house","DJ Slugo","Juke Me from the Back Low (Mixed)","Boiler Room: Thom Yorke in London, Oct 11, 2011 (DJ Mix)","","https://audio-ssl.itunes.apple.com/itunes-assets/AudioPreview125/v4/fc/d3/f6/fcd3f6bc-420d-7923-fdfd-b847449e8248/mzaf_13957905455576499843.plus.aac.p.m4a","2011-10-11","154","","","","Ghetto House","DJ Slugo foi curado para ampliar a diversidade reproduzível de Ghetto House.","low_coverage_subgenre_expansion_v21_20260820","","https://music.apple.com/us/album/juke-me-from-the-back-low-mixed/1500803901?i=1500803910&uo=4","https://music.apple.com/us/album/juke-me-from-the-back-low-mixed/1500803901?i=1500803910&uo=4","","","https://is1-ssl.mzstatic.com/image/thumb/Features124/v4/fc/90/d1/fc90d182-3ce4-b7d7-2850-6725eb5a26f7/mza_12511281908112798373.jpg/600x600bb.jpg","","verified_low_coverage_subgenre_depth","ghetto_house;Ghetto House;curated_artist;playable_depth;low_coverage_subgenre_expansion_v21_20260820","catalog_depth","low_coverage_style_repair","published","high","Artista curado para Ghetto House; artista exato, gravação e prévia verificados no Apple Music."
"ghetto_house","Jammin Gerald","Pump On the Floor","Dance Mania: Ghetto Madness","","https://audio-ssl.itunes.apple.com/itunes-assets/AudioPreview125/v4/d3/d8/ee/d3d8eec4-9c54-dd58-3c63-6a88d7e1b34f/mzaf_6840088591099279894.plus.aac.p.m4a","2014-11-27","212","","","","Ghetto House","Jammin Gerald foi curado para ampliar a diversidade reproduzível de Ghetto House.","low_coverage_subgenre_expansion_v21_20260820","","https://music.apple.com/us/album/pump-on-the-floor/953528423?i=953528458&uo=4","https://music.apple.com/us/album/pump-on-the-floor/953528423?i=953528458&uo=4","","","https://is1-ssl.mzstatic.com/image/thumb/Music221/v4/32/72/29/327229cb-905a-d6d9-a202-42bcfbb3830a/0730003312038.png/600x600bb.jpg","","verified_low_coverage_subgenre_depth","ghetto_house;Ghetto House;curated_artist;playable_depth;low_coverage_subgenre_expansion_v21_20260820","catalog_depth","low_coverage_style_repair","published","high","Artista curado para Ghetto House; artista exato, gravação e prévia verificados no Apple Music."
"ghetto_house","Jammin Gerald","Pump That Shit Up","Dance Mania: Ghetto Madness","","https://audio-ssl.itunes.apple.com/itunes-assets/AudioPreview125/v4/87/02/58/87025806-4c59-e700-9d28-8cbe52ad7fe8/mzaf_3048094996574546417.plus.aac.p.m4a","2015-01-23","250","","","","Ghetto House","Jammin Gerald foi curado para ampliar a diversidade reproduzível de Ghetto House.","low_coverage_subgenre_expansion_v21_20260820","","https://music.apple.com/us/album/pump-that-shit-up/953528423?i=953528439&uo=4","https://music.apple.com/us/album/pump-that-shit-up/953528423?i=953528439&uo=4","92676906","https://www.deezer.com/track/92676906","https://is1-ssl.mzstatic.com/image/thumb/Music221/v4/32/72/29/327229cb-905a-d6d9-a202-42bcfbb3830a/0730003312038.png/600x600bb.jpg","","verified_low_coverage_subgenre_depth","ghetto_house;Ghetto House;curated_artist;playable_depth;low_coverage_subgenre_expansion_v21_20260820;itunes_verified;deezer_verified","catalog_depth","low_coverage_style_repair","published","high","Artista curado para Ghetto House; artista exato, gravação e prévia verificados em Apple Music e Deezer."
"ghetto_house","Jammin Gerald","Purk U Late It","To Kool Chris - Mixin' It Up, Vol. 3","","https://audio-ssl.itunes.apple.com/itunes-assets/AudioPreview125/v4/9a/4b/13/9a4b1398-fc81-0c15-935d-9695b2a9274b/mzaf_13244627840953315729.plus.aac.p.m4a","2003-10-28","77","","","","Ghetto House","Jammin Gerald foi curado para ampliar a diversidade reproduzível de Ghetto House.","low_coverage_subgenre_expansion_v21_20260820","","https://music.apple.com/us/album/purk-u-late-it/41933066?i=41932775&uo=4","https://music.apple.com/us/album/purk-u-late-it/41933066?i=41932775&uo=4","","","https://is1-ssl.mzstatic.com/image/thumb/Features124/v4/3d/0c/a9/3d0ca9de-56c6-26e6-dbf7-253f3f981c4f/dj.ltksnbtw.tif/600x600bb.jpg","","verified_low_coverage_subgenre_depth","ghetto_house;Ghetto House;curated_artist;playable_depth;low_coverage_subgenre_expansion_v21_20260820","catalog_depth","low_coverage_style_repair","published","high","Artista curado para Ghetto House; artista exato, gravação e prévia verificados no Apple Music."
"ghetto_house","Jammin Gerald","Work That Big Booty","Chicago Beat Tracks - EP","","https://audio-ssl.itunes.apple.com/itunes-assets/AudioPreview124/v4/c7/a3/49/c7a349ec-e97f-2408-94c6-34d92faf0f93/mzaf_287874393623446747.plus.aac.p.m4a","2014-01-01","301","","","","Ghetto House","Jammin Gerald foi curado para ampliar a diversidade reproduzível de Ghetto House.","low_coverage_subgenre_expansion_v21_20260820","","https://music.apple.com/us/album/work-that-big-booty/1558639361?i=1558639933&uo=4","https://music.apple.com/us/album/work-that-big-booty/1558639361?i=1558639933&uo=4","","","https://is1-ssl.mzstatic.com/image/thumb/Music124/v4/c9/aa/d4/c9aad405-9f09-67f3-09a3-97e514749e12/196006160135.jpg/600x600bb.jpg","","verified_low_coverage_subgenre_depth","ghetto_house;Ghetto House;curated_artist;playable_depth;low_coverage_subgenre_expansion_v21_20260820","catalog_depth","low_coverage_style_repair","published","high","Artista curado para Ghetto House; artista exato, gravação e prévia verificados no Apple Music."
"ghetto_house","Paul Johnson","A Little Suntin Suntin","Feel the Music","","https://audio-ssl.itunes.apple.com/itunes-assets/AudioPreview115/v4/51/7b/13/517b1393-e447-dbb6-2953-57318d8a9f5f/mzaf_2887976817336582336.plus.aac.p.m4a","1996-11-25","337","","","","Ghetto House","Paul Johnson foi curado para ampliar a diversidade reproduzível de Ghetto House.","low_coverage_subgenre_expansion_v21_20260820","","https://music.apple.com/us/album/a-little-suntin-suntin/264528067?i=264528130&uo=4","https://music.apple.com/us/album/a-little-suntin-suntin/264528067?i=264528130&uo=4","2374005165","https://www.deezer.com/track/2374005165","https://is1-ssl.mzstatic.com/image/thumb/Music124/v4/75/e0/05/75e00584-22db-7ba0-6af2-c03e970dabca/mzi.roghsukm.tif/600x600bb.jpg","","verified_low_coverage_subgenre_depth","ghetto_house;Ghetto House;curated_artist;playable_depth;low_coverage_subgenre_expansion_v21_20260820;itunes_verified;deezer_verified","catalog_depth","low_coverage_style_repair","published","high","Artista curado para Ghetto House; artista exato, gravação e prévia verificados em Apple Music e Deezer."
"ghetto_house","Paul Johnson","Doo Wap","God of House 5","","https://cdnt-preview.dzcdn.net/api/1/1/8/c/e/0/8ce702de9229de823a6ae1d766c8c89a.mp3?hdnea=exp=1787243768~acl=/api/1/1/8/c/e/0/8ce702de9229de823a6ae1d766c8c89a.mp3*~data=user_id=0,application_id=42~hmac=e38abd57f675c3909449cf585ddc0c333975b9f8ebe554777fbd1cfe90ad42c4","","351","","","","Ghetto House","Paul Johnson foi curado para ampliar a diversidade reproduzível de Ghetto House.","low_coverage_subgenre_expansion_v21_20260820","","https://www.deezer.com/track/14210380","https://www.deezer.com/track/14210380","14210379","https://www.deezer.com/track/14210379","https://cdn-images.dzcdn.net/images/cover/ee26110bad7cad7c0a3c135ab5476a9e/500x500-000000-80-0-0.jpg","","verified_low_coverage_subgenre_depth","ghetto_house;Ghetto House;curated_artist;playable_depth;low_coverage_subgenre_expansion_v21_20260820;deezer_verified","catalog_depth","low_coverage_style_repair","published","high","Artista curado para Ghetto House; artista exato, gravação e prévia verificados em Deezer."
"ghetto_house","Paul Johnson","Feel My M.F. Bass","Hardcore Traxx: Dance Mania Records 1986-1995","","https://cdnt-preview.dzcdn.net/api/1/1/3/f/7/0/3f74b2c50f523ca2fe422d4320c71678.mp3?hdnea=exp=1787243768~acl=/api/1/1/3/f/7/0/3f74b2c50f523ca2fe422d4320c71678.mp3*~data=user_id=0,application_id=42~hmac=842717b7988e0dc903d3b5013793ca6ada316774349b3c7a302f688d163881fa","","273","","","","Ghetto House","Paul Johnson foi curado para ampliar a diversidade reproduzível de Ghetto House.","low_coverage_subgenre_expansion_v21_20260820","","https://www.deezer.com/track/74446883","https://www.deezer.com/track/74446883","74446883","https://www.deezer.com/track/74446883","https://cdn-images.dzcdn.net/images/cover/195992defe8841aff0c36f390ecbad7d/500x500-000000-80-0-0.jpg","","verified_low_coverage_subgenre_depth","ghetto_house;Ghetto House;curated_artist;playable_depth;low_coverage_subgenre_expansion_v21_20260820","catalog_depth","low_coverage_style_repair","published","high","Artista curado para Ghetto House; artista exato, gravação e prévia verificados no Deezer."
"ghetto_house","Paul Johnson","Hear the Music","Feel the Music","","https://audio-ssl.itunes.apple.com/itunes-assets/AudioPreview125/v4/0e/88/21/0e8821d2-c4b0-40e9-de8f-b9230131d073/mzaf_12234189121121220597.plus.aac.p.m4a","1996-05-01","321","","","","Ghetto House","Paul Johnson foi curado para ampliar a diversidade reproduzível de Ghetto House.","low_coverage_subgenre_expansion_v21_20260820","","https://music.apple.com/us/album/hear-the-music/264528067?i=264528242&uo=4","https://music.apple.com/us/album/hear-the-music/264528067?i=264528242&uo=4","2374005185","https://www.deezer.com/track/2374005185","https://is1-ssl.mzstatic.com/image/thumb/Music124/v4/75/e0/05/75e00584-22db-7ba0-6af2-c03e970dabca/mzi.roghsukm.tif/600x600bb.jpg","","verified_low_coverage_subgenre_depth","ghetto_house;Ghetto House;curated_artist;playable_depth;low_coverage_subgenre_expansion_v21_20260820;itunes_verified;deezer_verified","catalog_depth","low_coverage_style_repair","published","high","Artista curado para Ghetto House; artista exato, gravação e prévia verificados em Apple Music e Deezer."
"ghettotech","Detroit's Filthiest","Dance With Me","Ignorance is Bliss - EP","","https://audio-ssl.itunes.apple.com/itunes-assets/AudioPreview211/v4/c4/aa/e1/c4aae1d6-713b-b851-1213-a6dc99786543/mzaf_7684101585882274750.plus.aac.p.m4a","2025-01-31","218","","","","Ghettotech","Detroit's Filthiest foi curado para ampliar a diversidade reproduzível de Ghettotech.","low_coverage_subgenre_expansion_v21_20260820","","https://music.apple.com/us/album/dance-with-me/1783512934?i=1783512935&uo=4","https://music.apple.com/us/album/dance-with-me/1783512934?i=1783512935&uo=4","","","https://is1-ssl.mzstatic.com/image/thumb/Music221/v4/87/78/ce/8778cebb-4dd6-f3de-d3d3-0b14eeb2c9cf/8718723275064.jpg/600x600bb.jpg","","verified_low_coverage_subgenre_depth","ghettotech;Ghettotech;curated_artist;playable_depth;low_coverage_subgenre_expansion_v21_20260820","catalog_depth","low_coverage_style_repair","published","high","Artista curado para Ghettotech; artista exato, gravação e prévia verificados no Apple Music."
"ghettotech","Detroit's Filthiest","Dangerous Liaisons","Dangerous Liaisons - Single","","https://audio-ssl.itunes.apple.com/itunes-assets/AudioPreview126/v4/6c/55/cc/6c55cca0-6abb-cbc1-5d2d-73545b49e5ad/mzaf_7128678992493926717.plus.aac.p.m4a","2024-01-26","194","","","","Ghettotech","Detroit's Filthiest foi curado para ampliar a diversidade reproduzível de Ghettotech.","low_coverage_subgenre_expansion_v21_20260820","","https://music.apple.com/us/album/dangerous-liaisons/1719652364?i=1719652365&uo=4","https://music.apple.com/us/album/dangerous-liaisons/1719652364?i=1719652365&uo=4","","","https://is1-ssl.mzstatic.com/image/thumb/Music126/v4/26/bd/39/26bd39bf-da06-6395-297c-d2990dd0737b/8718723245999.jpg/600x600bb.jpg","","verified_low_coverage_subgenre_depth","ghettotech;Ghettotech;curated_artist;playable_depth;low_coverage_subgenre_expansion_v21_20260820","catalog_depth","low_coverage_style_repair","published","high","Artista curado para Ghettotech; artista exato, gravação e prévia verificados no Apple Music."
"ghettotech","Detroit's Filthiest","The Evil Within","Hell Hath No Fury - EP","","https://audio-ssl.itunes.apple.com/itunes-assets/AudioPreview211/v4/37/6a/55/376a551c-b83e-72ab-594a-aab8f63bc947/mzaf_8313996344263004749.plus.aac.p.m4a","2024-09-13","262","","","","Ghettotech","Detroit's Filthiest foi curado para ampliar a diversidade reproduzível de Ghettotech.","low_coverage_subgenre_expansion_v21_20260820","","https://music.apple.com/us/album/the-evil-within/1756099624?i=1756099627&uo=4","https://music.apple.com/us/album/the-evil-within/1756099624?i=1756099627&uo=4","","","https://is1-ssl.mzstatic.com/image/thumb/Music211/v4/b2/20/d3/b220d378-a097-574e-8a2b-68f47229ead8/8718723262965.jpg/600x600bb.jpg","","verified_low_coverage_subgenre_depth","ghettotech;Ghettotech;curated_artist;playable_depth;low_coverage_subgenre_expansion_v21_20260820","catalog_depth","low_coverage_style_repair","published","high","Artista curado para Ghettotech; artista exato, gravação e prévia verificados no Apple Music."
"ghettotech","Detroit's Filthiest","True Romance","True Romance - Single","","https://audio-ssl.itunes.apple.com/itunes-assets/AudioPreview126/v4/4a/2e/89/4a2e893f-fc9d-2c38-e2e8-30b2ba1c8a93/mzaf_11335789888952294226.plus.aac.p.m4a","2023-12-22","226","","","","Ghettotech","Detroit's Filthiest foi curado para ampliar a diversidade reproduzível de Ghettotech.","low_coverage_subgenre_expansion_v21_20260820","","https://music.apple.com/us/album/true-romance/1717454355?i=1717454356&uo=4","https://music.apple.com/us/album/true-romance/1717454355?i=1717454356&uo=4","","","https://is1-ssl.mzstatic.com/image/thumb/Music116/v4/da/7b/8c/da7b8c0a-c374-b017-cfe0-6b52b690ce32/8718723244763.jpg/600x600bb.jpg","","verified_low_coverage_subgenre_depth","ghettotech;Ghettotech;curated_artist;playable_depth;low_coverage_subgenre_expansion_v21_20260820","catalog_depth","low_coverage_style_repair","published","high","Artista curado para Ghettotech; artista exato, gravação e prévia verificados no Apple Music."
"ghettotech","Disco D","Detroit Zoo (feat. Paradime) [Spank It Up Remix]","A Night at the Booty Bar - EP","","https://audio-ssl.itunes.apple.com/itunes-assets/AudioPreview71/v4/d4/c1/60/d4c160cf-7aa6-aea2-1806-e40a438b1cb0/mzaf_2780254379573899555.plus.aac.p.m4a","2003-04-23","273","","","","Ghettotech","Disco D foi curado para ampliar a diversidade reproduzível de Ghettotech.","low_coverage_subgenre_expansion_v21_20260820","","https://music.apple.com/us/album/detroit-zoo-feat-paradime-spank-it-up-remix/486414757?i=486414764&uo=4","https://music.apple.com/us/album/detroit-zoo-feat-paradime-spank-it-up-remix/486414757?i=486414764&uo=4","","","https://is1-ssl.mzstatic.com/image/thumb/Music/41/62/ca/mzi.lzkyuywv.tif/600x600bb.jpg","","verified_low_coverage_subgenre_depth","ghettotech;Ghettotech;curated_artist;playable_depth;low_coverage_subgenre_expansion_v21_20260820","catalog_depth","low_coverage_style_repair","published","high","Artista curado para Ghettotech; artista exato, gravação e prévia verificados no Apple Music."
"ghettotech","Disco D","Keys to the Whip (feat. Lola Demone & Helluva)","A Night at the Booty Bar - EP","","https://audio-ssl.itunes.apple.com/itunes-assets/AudioPreview62/v4/cc/c4/53/ccc45392-46f5-9f9f-0a0f-3307f7580ca5/mzaf_2230735735989127291.plus.aac.p.m4a","2003-04-23","290","","","","Ghettotech","Disco D foi curado para ampliar a diversidade reproduzível de Ghettotech.","low_coverage_subgenre_expansion_v21_20260820","","https://music.apple.com/us/album/keys-to-the-whip-feat-lola-demone-helluva/486414757?i=486414761&uo=4","https://music.apple.com/us/album/keys-to-the-whip-feat-lola-demone-helluva/486414757?i=486414761&uo=4","","","https://is1-ssl.mzstatic.com/image/thumb/Music/41/62/ca/mzi.lzkyuywv.tif/600x600bb.jpg","","verified_low_coverage_subgenre_depth","ghettotech;Ghettotech;curated_artist;playable_depth;low_coverage_subgenre_expansion_v21_20260820","catalog_depth","low_coverage_style_repair","published","high","Artista curado para Ghettotech; artista exato, gravação e prévia verificados no Apple Music."
"ghettotech","Disco D","S.O.S.","Straight Up Detroit Shit 2013","","https://audio-ssl.itunes.apple.com/itunes-assets/AudioPreview115/v4/14/91/1d/14911dd4-39cc-4f5c-2100-f7aa2017f86d/mzaf_11979807042336692040.plus.aac.p.m4a","2013-03-25","99","","","","Ghettotech","Disco D foi curado para ampliar a diversidade reproduzível de Ghettotech.","low_coverage_subgenre_expansion_v21_20260820","","https://music.apple.com/us/album/s-o-s/603658547?i=603658853&uo=4","https://music.apple.com/us/album/s-o-s/603658547?i=603658853&uo=4","64825163","https://www.deezer.com/track/64825163","https://is1-ssl.mzstatic.com/image/thumb/Music/v4/d1/c5/b2/d1c5b2d8-256c-e800-1b39-5c308874a7d8/Cover.jpg/600x600bb.jpg","","verified_low_coverage_subgenre_depth","ghettotech;Ghettotech;curated_artist;playable_depth;low_coverage_subgenre_expansion_v21_20260820;itunes_verified;deezer_verified","catalog_depth","low_coverage_style_repair","published","high","Artista curado para Ghettotech; artista exato, gravação e prévia verificados em Apple Music e Deezer."
"ghettotech","Disco D","U Need Another Drink","Straight Up Detroit Shit 2013","","https://audio-ssl.itunes.apple.com/itunes-assets/AudioPreview125/v4/4a/fb/d9/4afbd9aa-d6e5-fadf-40a8-2b135bb66e97/mzaf_5595075262459323761.plus.aac.p.m4a","2013-03-25","51","","","","Ghettotech","Disco D foi curado para ampliar a diversidade reproduzível de Ghettotech.","low_coverage_subgenre_expansion_v21_20260820","","https://music.apple.com/us/album/u-need-another-drink/603658547?i=603659112&uo=4","https://music.apple.com/us/album/u-need-another-drink/603658547?i=603659112&uo=4","","","https://is1-ssl.mzstatic.com/image/thumb/Music/v4/d1/c5/b2/d1c5b2d8-256c-e800-1b39-5c308874a7d8/Cover.jpg/600x600bb.jpg","","verified_low_coverage_subgenre_depth","ghettotech;Ghettotech;curated_artist;playable_depth;low_coverage_subgenre_expansion_v21_20260820","catalog_depth","low_coverage_style_repair","published","high","Artista curado para Ghettotech; artista exato, gravação e prévia verificados no Apple Music."
"ghettotech","Mr. De'","Detroit Zoo","Sex On The Beach 2000 E.P","","https://cdnt-preview.dzcdn.net/api/1/1/5/6/f/0/56fe6c9249dacb96b758a5c478ed2338.mp3?hdnea=exp=1787243629~acl=/api/1/1/5/6/f/0/56fe6c9249dacb96b758a5c478ed2338.mp3*~data=user_id=0,application_id=42~hmac=ef1467d6031989bd2045330161f34d51279610ac895ea79817f242b7c9cff069","","241","","","","Ghettotech","Mr. De' foi curado para ampliar a diversidade reproduzível de Ghettotech.","low_coverage_subgenre_expansion_v21_20260820","","https://www.deezer.com/track/11732002","https://www.deezer.com/track/11732002","11732002","https://www.deezer.com/track/11732002","https://cdn-images.dzcdn.net/images/cover/3dd355ee01ebb8f15752d0d00f5d3ff8/500x500-000000-80-0-0.jpg","","verified_low_coverage_subgenre_depth","ghettotech;Ghettotech;curated_artist;playable_depth;low_coverage_subgenre_expansion_v21_20260820","catalog_depth","low_coverage_style_repair","published","high","Artista curado para Ghettotech; artista exato, gravação e prévia verificados no Deezer."
"ghettotech","Mr. De'","Electric Soul-X2","Electric Soul - EP","","https://audio-ssl.itunes.apple.com/itunes-assets/AudioPreview125/v4/a6/82/65/a68265ce-cd87-d78a-3bad-5ade38076ed6/mzaf_16369923662171185105.plus.aac.p.m4a","2000-01-01","246","","","","Ghettotech","Mr. De' foi curado para ampliar a diversidade reproduzível de Ghettotech.","low_coverage_subgenre_expansion_v21_20260820","","https://music.apple.com/us/album/electric-soul-x2/190180942?i=190180986&uo=4","https://music.apple.com/us/album/electric-soul-x2/190180942?i=190180986&uo=4","","","https://is1-ssl.mzstatic.com/image/thumb/Music7/v4/1f/40/95/1f40951d-f607-f201-d162-f935cdd2734a/dj.vozgirzn.jpg/600x600bb.jpg","","verified_low_coverage_subgenre_depth","ghettotech;Ghettotech;curated_artist;playable_depth;low_coverage_subgenre_expansion_v21_20260820","catalog_depth","low_coverage_style_repair","published","high","Artista curado para Ghettotech; artista exato, gravação e prévia verificados no Apple Music."
"ghettotech","Mr. De'","Sex On The Beach 2000","Sex On The Beach 2000 E.P","","https://cdnt-preview.dzcdn.net/api/1/1/7/2/3/0/723e7d1be436f119215075bedc159f92.mp3?hdnea=exp=1787243629~acl=/api/1/1/7/2/3/0/723e7d1be436f119215075bedc159f92.mp3*~data=user_id=0,application_id=42~hmac=be5d11cbc3cb378620c695222eb6e44464573d2d0cb9e0b500f5b8aa336e6249","","271","","","","Ghettotech","Mr. De' foi curado para ampliar a diversidade reproduzível de Ghettotech.","low_coverage_subgenre_expansion_v21_20260820","","https://www.deezer.com/track/11732001","https://www.deezer.com/track/11732001","11732001","https://www.deezer.com/track/11732001","https://cdn-images.dzcdn.net/images/cover/3dd355ee01ebb8f15752d0d00f5d3ff8/500x500-000000-80-0-0.jpg","","verified_low_coverage_subgenre_depth","ghettotech;Ghettotech;curated_artist;playable_depth;low_coverage_subgenre_expansion_v21_20260820","catalog_depth","low_coverage_style_repair","published","high","Artista curado para Ghettotech; artista exato, gravação e prévia verificados no Deezer."
"ghettotech","Mr. De'","The Detroit Break","Submerge Vol. 4 - Detroit Electro","","https://audio-ssl.itunes.apple.com/itunes-assets/AudioPreview125/v4/61/22/36/61223663-c00b-e414-7b2d-5bda020b1c28/mzaf_1619980012327983098.plus.aac.p.m4a","2009-07-21","240","","","","Ghettotech","Mr. De' foi curado para ampliar a diversidade reproduzível de Ghettotech.","low_coverage_subgenre_expansion_v21_20260820","","https://music.apple.com/us/album/the-detroit-break/325142421?i=325142600&uo=4","https://music.apple.com/us/album/the-detroit-break/325142421?i=325142600&uo=4","11736707","https://www.deezer.com/track/11736707","https://is1-ssl.mzstatic.com/image/thumb/Music/47/4f/22/mzi.tyhhiufe.jpg/600x600bb.jpg","","verified_low_coverage_subgenre_depth","ghettotech;Ghettotech;curated_artist;playable_depth;low_coverage_subgenre_expansion_v21_20260820;itunes_verified;deezer_verified","catalog_depth","low_coverage_style_repair","published","high","Artista curado para Ghettotech; artista exato, gravação e prévia verificados em Apple Music e Deezer."
"glitch_hop","Gramatik","Badland Bandits","Badland Bandits","","https://cdnt-preview.dzcdn.net/api/1/1/6/3/8/0/638e5a39bd2efc89457214045685445a.mp3?hdnea=exp=1787243773~acl=/api/1/1/6/3/8/0/638e5a39bd2efc89457214045685445a.mp3*~data=user_id=0,application_id=42~hmac=9abb42a7b61990fef6c09f6d0afdc5295aa980c079635c3ee8260c8dd4046a2f","","261","","","","Glitch Hop","Gramatik foi curado para ampliar a diversidade reproduzível de Glitch Hop.","low_coverage_subgenre_expansion_v21_20260820","","https://www.deezer.com/track/4130837981","https://www.deezer.com/track/4130837981","4130837981","https://www.deezer.com/track/4130837981","https://cdn-images.dzcdn.net/images/cover/f702d0f9cacd594a07bae02909c5fc92/500x500-000000-80-0-0.jpg","","verified_low_coverage_subgenre_depth","glitch_hop;Glitch Hop;curated_artist;playable_depth;low_coverage_subgenre_expansion_v21_20260820","catalog_depth","low_coverage_style_repair","published","high","Artista curado para Glitch Hop; artista exato, gravação e prévia verificados no Deezer."
"glitch_hop","Gramatik","Hit That Jive","Sb2","","https://audio-ssl.itunes.apple.com/itunes-assets/AudioPreview116/v4/8c/d5/f4/8cd5f41b-2de2-bedf-cf0c-d03c3042c617/mzaf_18056479030468589928.plus.aac.p.m4a","2009-12-09","203","","","","Glitch Hop","Gramatik foi curado para ampliar a diversidade reproduzível de Glitch Hop.","low_coverage_subgenre_expansion_v21_20260820","","https://music.apple.com/us/album/hit-that-jive/1722646234?i=1722647934&uo=4","https://music.apple.com/us/album/hit-that-jive/1722646234?i=1722647934&uo=4","2596258702","https://www.deezer.com/track/2596258702","https://is1-ssl.mzstatic.com/image/thumb/Music126/v4/0e/ff/27/0eff2792-3e9c-c03b-fa3d-549f37ef7a35/887158714801_cover.jpg/600x600bb.jpg","","verified_low_coverage_subgenre_depth","glitch_hop;Glitch Hop;curated_artist;playable_depth;low_coverage_subgenre_expansion_v21_20260820;itunes_verified;deezer_verified","catalog_depth","low_coverage_style_repair","published","high","Artista curado para Glitch Hop; artista exato, gravação e prévia verificados em Apple Music e Deezer."
"glitch_hop","Gramatik","Muy Tranquilo","Sb3","","https://audio-ssl.itunes.apple.com/itunes-assets/AudioPreview116/v4/6e/49/e8/6e49e8f7-789e-6549-91b6-89d0cf0664da/mzaf_3693077677466843817.plus.aac.p.m4a","2010-04-06","234","","","","Glitch Hop","Gramatik foi curado para ampliar a diversidade reproduzível de Glitch Hop.","low_coverage_subgenre_expansion_v21_20260820","","https://music.apple.com/us/album/muy-tranquilo/1722650880?i=1722651947&uo=4","https://music.apple.com/us/album/muy-tranquilo/1722650880?i=1722651947&uo=4","74454457","https://www.deezer.com/track/74454457","https://is1-ssl.mzstatic.com/image/thumb/Music126/v4/8b/91/88/8b918873-638a-ae83-705d-76dead26576b/887158714818_cover.jpg/600x600bb.jpg","","verified_low_coverage_subgenre_depth","glitch_hop;Glitch Hop;curated_artist;playable_depth;low_coverage_subgenre_expansion_v21_20260820;itunes_verified;deezer_verified","catalog_depth","low_coverage_style_repair","published","high","Artista curado para Glitch Hop; artista exato, gravação e prévia verificados em Apple Music e Deezer."
"glitch_hop","Gramatik","Tearin' It Up","Sb2","","https://audio-ssl.itunes.apple.com/itunes-assets/AudioPreview116/v4/c4/5d/65/c45d65cc-5d5f-4783-9d7a-d6ccf945dfd1/mzaf_9299288442523675484.plus.aac.p.m4a","2009-12-09","256","","","","Glitch Hop","Gramatik foi curado para ampliar a diversidade reproduzível de Glitch Hop.","low_coverage_subgenre_expansion_v21_20260820","","https://music.apple.com/us/album/tearin-it-up/1722646234?i=1722646658&uo=4","https://music.apple.com/us/album/tearin-it-up/1722646234?i=1722646658&uo=4","2596258552","https://www.deezer.com/track/2596258552","https://is1-ssl.mzstatic.com/image/thumb/Music126/v4/0e/ff/27/0eff2792-3e9c-c03b-fa3d-549f37ef7a35/887158714801_cover.jpg/600x600bb.jpg","","verified_low_coverage_subgenre_depth","glitch_hop;Glitch Hop;curated_artist;playable_depth;low_coverage_subgenre_expansion_v21_20260820;itunes_verified;deezer_verified","catalog_depth","low_coverage_style_repair","published","high","Artista curado para Glitch Hop; artista exato, gravação e prévia verificados em Apple Music e Deezer."
"glitch_hop","Haywyre","Chromatically","Chromatically - Single","","https://audio-ssl.itunes.apple.com/itunes-assets/AudioPreview126/v4/03/b8/cf/03b8cfea-9f34-754d-8e4e-f226871b338d/mzaf_1016621761133262505.plus.aac.p.m4a","2024-01-25","198","","","","Glitch Hop","Haywyre foi curado para ampliar a diversidade reproduzível de Glitch Hop.","low_coverage_subgenre_expansion_v21_20260820","","https://music.apple.com/us/album/chromatically/1721431433?i=1721431434&uo=4","https://music.apple.com/us/album/chromatically/1721431433?i=1721431434&uo=4","2629831912","https://www.deezer.com/track/2629831912","https://is1-ssl.mzstatic.com/image/thumb/Music126/v4/12/41/2e/12412ea3-d0a5-08a4-c3e6-5a5330fedba1/742779550439.png/600x600bb.jpg","","verified_low_coverage_subgenre_depth","glitch_hop;Glitch Hop;curated_artist;playable_depth;low_coverage_subgenre_expansion_v21_20260820;itunes_verified;deezer_verified","catalog_depth","low_coverage_style_repair","published","high","Artista curado para Glitch Hop; artista exato, gravação e prévia verificados em Apple Music e Deezer."
"glitch_hop","Haywyre","Dichotomy (Soft Mix)","Two Fold Pt. 1","","https://audio-ssl.itunes.apple.com/itunes-assets/AudioPreview221/v4/f7/44/6d/f7446d79-fbfb-77a4-4947-e5b66e174cc7/mzaf_15935260194311879357.plus.aac.p.m4a","2014-03-31","276","","","","Glitch Hop","Haywyre foi curado para ampliar a diversidade reproduzível de Glitch Hop.","low_coverage_subgenre_expansion_v21_20260820","","https://music.apple.com/us/album/dichotomy-soft-mix/1560754323?i=1560754729&uo=4","https://music.apple.com/us/album/dichotomy-soft-mix/1560754323?i=1560754729&uo=4","1296175952","https://www.deezer.com/track/1296175952","https://is1-ssl.mzstatic.com/image/thumb/Music221/v4/8e/47/9a/8e479afe-8101-651e-cd9b-6841ddcb425c/735119883069.jpg/600x600bb.jpg","","verified_low_coverage_subgenre_depth","glitch_hop;Glitch Hop;curated_artist;playable_depth;low_coverage_subgenre_expansion_v21_20260820;itunes_verified;deezer_verified","catalog_depth","low_coverage_style_repair","published","high","Artista curado para Glitch Hop; artista exato, gravação e prévia verificados em Apple Music e Deezer."
"glitch_hop","Haywyre","Never Count On Me","Never Count On Me - Single","","https://audio-ssl.itunes.apple.com/itunes-assets/AudioPreview125/v4/9c/03/60/9c0360c2-2b1a-c2c2-73ae-d2ec3cbdf18b/mzaf_15845064155219088858.plus.aac.p.m4a","2019-08-23","197","","","","Glitch Hop","Haywyre foi curado para ampliar a diversidade reproduzível de Glitch Hop.","low_coverage_subgenre_expansion_v21_20260820","","https://music.apple.com/us/album/never-count-on-me/1474704483?i=1474704484&uo=4","https://music.apple.com/us/album/never-count-on-me/1474704483?i=1474704484&uo=4","721392842","https://www.deezer.com/track/721392842","https://is1-ssl.mzstatic.com/image/thumb/Music124/v4/11/4f/4a/114f4af9-a53d-babb-5a1b-786a0f0387f5/cover.jpg/600x600bb.jpg","","verified_low_coverage_subgenre_depth","glitch_hop;Glitch Hop;curated_artist;playable_depth;low_coverage_subgenre_expansion_v21_20260820;itunes_verified;deezer_verified","catalog_depth","low_coverage_style_repair","published","high","Artista curado para Glitch Hop; artista exato, gravação e prévia verificados em Apple Music e Deezer."
"glitch_hop","Haywyre","Sculpted","Two Fold Pt. 1","","https://audio-ssl.itunes.apple.com/itunes-assets/AudioPreview221/v4/74/ff/84/74ff8460-d43f-2e99-00cb-edef6f001582/mzaf_6709212301906975909.plus.aac.p.m4a","2014-03-31","243","","","","Glitch Hop","Haywyre foi curado para ampliar a diversidade reproduzível de Glitch Hop.","low_coverage_subgenre_expansion_v21_20260820","","https://music.apple.com/us/album/sculpted/1560754323?i=1560754736&uo=4","https://music.apple.com/us/album/sculpted/1560754323?i=1560754736&uo=4","1296175962","https://www.deezer.com/track/1296175962","https://is1-ssl.mzstatic.com/image/thumb/Music221/v4/8e/47/9a/8e479afe-8101-651e-cd9b-6841ddcb425c/735119883069.jpg/600x600bb.jpg","","verified_low_coverage_subgenre_depth","glitch_hop;Glitch Hop;curated_artist;playable_depth;low_coverage_subgenre_expansion_v21_20260820;itunes_verified;deezer_verified","catalog_depth","low_coverage_style_repair","published","high","Artista curado para Glitch Hop; artista exato, gravação e prévia verificados em Apple Music e Deezer."
"glitch_hop","KOAN Sound","80s Fitness","The Adventures of Mr. Fox","","https://cdnt-preview.dzcdn.net/api/1/1/4/b/7/0/4b7d472ad3f56b03675e3aa0cb0fa16a.mp3?hdnea=exp=1787243771~acl=/api/1/1/4/b/7/0/4b7d472ad3f56b03675e3aa0cb0fa16a.mp3*~data=user_id=0,application_id=42~hmac=6b49176d305bd94d605f0b1e1c5ec3af19653714f7e2691df12fe3580bea5026","","271","","","","Glitch Hop","KOAN Sound foi curado para ampliar a diversidade reproduzível de Glitch Hop.","low_coverage_subgenre_expansion_v21_20260820","","https://www.deezer.com/track/96259824","https://www.deezer.com/track/96259824","96259824","https://www.deezer.com/track/96259824","https://cdn-images.dzcdn.net/images/cover/68a8bc44bfcd03fd8efb8b9bbccb1081/500x500-000000-80-0-0.jpg","","verified_low_coverage_subgenre_depth","glitch_hop;Glitch Hop;curated_artist;playable_depth;low_coverage_subgenre_expansion_v21_20260820","catalog_depth","low_coverage_style_repair","published","high","Artista curado para Glitch Hop; artista exato, gravação e prévia verificados no Deezer."
"glitch_hop","KOAN Sound","Lost In Thought","Dynasty EP","","https://cdnt-preview.dzcdn.net/api/1/1/c/8/5/0/c85cbf9932f3c95334f5f6e36e028c27.mp3?hdnea=exp=1787243771~acl=/api/1/1/c/8/5/0/c85cbf9932f3c95334f5f6e36e028c27.mp3*~data=user_id=0,application_id=42~hmac=9a845898cf1ed96627629359cecefe6002f85cb6973be5003938fac7388d203d","","399","","","","Glitch Hop","KOAN Sound foi curado para ampliar a diversidade reproduzível de Glitch Hop.","low_coverage_subgenre_expansion_v21_20260820","","https://www.deezer.com/track/96255028","https://www.deezer.com/track/96255028","96255028","https://www.deezer.com/track/96255028","https://cdn-images.dzcdn.net/images/cover/b374f9c1f75e8aead2b663c39d8c7cee/500x500-000000-80-0-0.jpg","","verified_low_coverage_subgenre_depth","glitch_hop;Glitch Hop;curated_artist;playable_depth;low_coverage_subgenre_expansion_v21_20260820","catalog_depth","low_coverage_style_repair","published","high","Artista curado para Glitch Hop; artista exato, gravação e prévia verificados no Deezer."
"glitch_hop","KOAN Sound","Phantom Sight","Moments of Opening","","https://cdnt-preview.dzcdn.net/api/1/1/e/a/e/0/eaeaf5aa291b46351af5daafe9a8104c.mp3?hdnea=exp=1787243771~acl=/api/1/1/e/a/e/0/eaeaf5aa291b46351af5daafe9a8104c.mp3*~data=user_id=0,application_id=42~hmac=35fb327d1255110040493d814e70121a754896ddbc83fe3bcf9e7ebf734ea4ff","","288","","","","Glitch Hop","KOAN Sound foi curado para ampliar a diversidade reproduzível de Glitch Hop.","low_coverage_subgenre_expansion_v21_20260820","","https://www.deezer.com/track/4031355031","https://www.deezer.com/track/4031355031","4031355031","https://www.deezer.com/track/4031355031","https://cdn-images.dzcdn.net/images/cover/371a5cb86a6a5675ba9cbb504beda465/500x500-000000-80-0-0.jpg","","verified_low_coverage_subgenre_depth","glitch_hop;Glitch Hop;curated_artist;playable_depth;low_coverage_subgenre_expansion_v21_20260820","catalog_depth","low_coverage_style_repair","published","high","Artista curado para Glitch Hop; artista exato, gravação e prévia verificados no Deezer."
"glitch_hop","KOAN Sound","Trouble in the West - 2021 Remaster","Max Out (10 year Anniversary Edition)","","https://cdnt-preview.dzcdn.net/api/1/1/7/0/0/0/700fe2af6741a071c2aae75bcc4b3eae.mp3?hdnea=exp=1787243771~acl=/api/1/1/7/0/0/0/700fe2af6741a071c2aae75bcc4b3eae.mp3*~data=user_id=0,application_id=42~hmac=91108f02ff476df06a0b2fa5193ff3fb14a27c15c1f9a09d1084463a0963c088","","340","","","","Glitch Hop","KOAN Sound foi curado para ampliar a diversidade reproduzível de Glitch Hop.","low_coverage_subgenre_expansion_v21_20260820","","https://www.deezer.com/track/2504475591","https://www.deezer.com/track/2504475591","2504475591","https://www.deezer.com/track/2504475591","https://cdn-images.dzcdn.net/images/cover/e317737f99724cae5a0c926d7d8e1c26/500x500-000000-80-0-0.jpg","","verified_low_coverage_subgenre_depth","glitch_hop;Glitch Hop;curated_artist;playable_depth;low_coverage_subgenre_expansion_v21_20260820","catalog_depth","low_coverage_style_repair","published","high","Artista curado para Glitch Hop; artista exato, gravação e prévia verificados no Deezer."
"hard_dance","Andy Farley","Addict","Addict","","https://cdnt-preview.dzcdn.net/api/1/1/2/8/a/0/28a06ff4d3ae6b2d315d783dbcc21652.mp3?hdnea=exp=1787243775~acl=/api/1/1/2/8/a/0/28a06ff4d3ae6b2d315d783dbcc21652.mp3*~data=user_id=0,application_id=42~hmac=399b6cf1da061b495c8504ece7718fb825c94efd79a69852b270778bfea9ead7","","454","","","","Hard Dance","Andy Farley foi curado para ampliar a diversidade reproduzível de Hard Dance.","low_coverage_subgenre_expansion_v21_20260820","","https://www.deezer.com/track/16233355","https://www.deezer.com/track/16233355","16233355","https://www.deezer.com/track/16233355","https://cdn-images.dzcdn.net/images/cover/4634d6aef424350beafa34008b1b1964/500x500-000000-80-0-0.jpg","","verified_low_coverage_subgenre_depth","hard_dance;Hard Dance;curated_artist;playable_depth;low_coverage_subgenre_expansion_v21_20260820","catalog_depth","low_coverage_style_repair","published","high","Artista curado para Hard Dance; artista exato, gravação e prévia verificados no Deezer."
"hard_dance","Andy Farley","Beef Jerky","Devastating","","https://cdnt-preview.dzcdn.net/api/1/1/2/b/2/0/2b26299a80b740a5c70aef8a4d8ba95a.mp3?hdnea=exp=1787243775~acl=/api/1/1/2/b/2/0/2b26299a80b740a5c70aef8a4d8ba95a.mp3*~data=user_id=0,application_id=42~hmac=44a074f7884fc0ed7b13577bc0185228032da1f79e3305dcbc95aec0861d9c15","","511","","","","Hard Dance","Andy Farley foi curado para ampliar a diversidade reproduzível de Hard Dance.","low_coverage_subgenre_expansion_v21_20260820","","https://www.deezer.com/track/1706881587","https://www.deezer.com/track/1706881587","1706881587","https://www.deezer.com/track/1706881587","https://cdn-images.dzcdn.net/images/cover/2d39292e098a89676e02f07b7ff4ac62/500x500-000000-80-0-0.jpg","","verified_low_coverage_subgenre_depth","hard_dance;Hard Dance;curated_artist;playable_depth;low_coverage_subgenre_expansion_v21_20260820","catalog_depth","low_coverage_style_repair","published","high","Artista curado para Hard Dance; artista exato, gravação e prévia verificados no Deezer."
"hard_dance","Andy Farley","Don't Stop The Groove","Acid Techno Sessions, Vol. 1","","https://cdnt-preview.dzcdn.net/api/1/1/3/8/0/0/380a4ad2a57ab788937a43671abf6a49.mp3?hdnea=exp=1787243775~acl=/api/1/1/3/8/0/0/380a4ad2a57ab788937a43671abf6a49.mp3*~data=user_id=0,application_id=42~hmac=5753077ac44a4c13abf214ff30f8b861bb3dff9b3df91186f70e40a81ca5dfef","","427","","","","Hard Dance","Andy Farley foi curado para ampliar a diversidade reproduzível de Hard Dance.","low_coverage_subgenre_expansion_v21_20260820","","https://www.deezer.com/track/110546600","https://www.deezer.com/track/110546600","110546600","https://www.deezer.com/track/110546600","https://cdn-images.dzcdn.net/images/cover/eec9fe76e9f3d6f5360b03ebb1d450ae/500x500-000000-80-0-0.jpg","","verified_low_coverage_subgenre_depth","hard_dance;Hard Dance;curated_artist;playable_depth;low_coverage_subgenre_expansion_v21_20260820","catalog_depth","low_coverage_style_repair","published","high","Artista curado para Hard Dance; artista exato, gravação e prévia verificados no Deezer."
"hard_dance","Andy Farley","Out Of Control","Out Of Control","","https://cdnt-preview.dzcdn.net/api/1/1/f/0/e/0/f0e1644c19ab6c703afe8673578ff8eb.mp3?hdnea=exp=1787243775~acl=/api/1/1/f/0/e/0/f0e1644c19ab6c703afe8673578ff8eb.mp3*~data=user_id=0,application_id=42~hmac=a2ffddae933230c02fb2f7578043af81d56ab43dba9617864a2438f59abcf1ee","","505","","","","Hard Dance","Andy Farley foi curado para ampliar a diversidade reproduzível de Hard Dance.","low_coverage_subgenre_expansion_v21_20260820","","https://www.deezer.com/track/16245778","https://www.deezer.com/track/16245778","16245778","https://www.deezer.com/track/16245778","https://cdn-images.dzcdn.net/images/cover/5737a09f301ad82260b867571ecbee35/500x500-000000-80-0-0.jpg","","verified_low_coverage_subgenre_depth","hard_dance;Hard Dance;curated_artist;playable_depth;low_coverage_subgenre_expansion_v21_20260820","catalog_depth","low_coverage_style_repair","published","high","Artista curado para Hard Dance; artista exato, gravação e prévia verificados no Deezer."
"hard_dance","Lab4","Concept of Love (SQ's Electrik Shandy Remix)","Concept of Love - Single","","https://audio-ssl.itunes.apple.com/itunes-assets/AudioPreview125/v4/50/24/8d/50248df1-aef9-9a07-95c4-0d473c568954/mzaf_6942120080468447244.plus.aac.p.m4a","2009-04-08","480","","","","Hard Dance","Lab4 foi curado para ampliar a diversidade reproduzível de Hard Dance.","low_coverage_subgenre_expansion_v21_20260820","","https://music.apple.com/us/album/concept-of-love-sqs-electrik-shandy-remix/337795075?i=337795315&uo=4","https://music.apple.com/us/album/concept-of-love-sqs-electrik-shandy-remix/337795075?i=337795315&uo=4","","","https://is1-ssl.mzstatic.com/image/thumb/Music/96/42/a7/mzi.hzhsmyse.jpg/600x600bb.jpg","","verified_low_coverage_subgenre_depth","hard_dance;Hard Dance;curated_artist;playable_depth;low_coverage_subgenre_expansion_v21_20260820","catalog_depth","low_coverage_style_repair","published","high","Artista curado para Hard Dance; artista exato, gravação e prévia verificados no Apple Music."
"hard_dance","Lab4","Ctrl Alt Destroy (Baby Doc Remix)","Ctrl Alt Destroy (The Remixes) - Single","","https://audio-ssl.itunes.apple.com/itunes-assets/AudioPreview116/v4/31/14/73/311473b3-0a95-481e-fa24-a6a1301f01c1/mzaf_14000595679504886914.plus.aac.p.m4a","2018-09-03","490","","","","Hard Dance","Lab4 foi curado para ampliar a diversidade reproduzível de Hard Dance.","low_coverage_subgenre_expansion_v21_20260820","","https://music.apple.com/us/album/ctrl-alt-destroy-baby-doc-remix/1680899759?i=1680899762&uo=4","https://music.apple.com/us/album/ctrl-alt-destroy-baby-doc-remix/1680899759?i=1680899762&uo=4","","","https://is1-ssl.mzstatic.com/image/thumb/Music116/v4/6a/96/24/6a9624e4-9a5f-7d42-6fcf-05951aefea8a/8718525136228.png/600x600bb.jpg","","verified_low_coverage_subgenre_depth","hard_dance;Hard Dance;curated_artist;playable_depth;low_coverage_subgenre_expansion_v21_20260820","catalog_depth","low_coverage_style_repair","published","high","Artista curado para Hard Dance; artista exato, gravação e prévia verificados no Apple Music."
"hard_dance","Lab4","Stargate","Stargate - EP","","https://audio-ssl.itunes.apple.com/itunes-assets/AudioPreview126/v4/c6/c9/5f/c6c95f43-245f-2934-7a3a-f2c24459b396/mzaf_5011583352940505770.plus.aac.p.m4a","2020-04-06","182","","","","Hard Dance","Lab4 foi curado para ampliar a diversidade reproduzível de Hard Dance.","low_coverage_subgenre_expansion_v21_20260820","","https://music.apple.com/us/album/stargate/1671156871?i=1671156873&uo=4","https://music.apple.com/us/album/stargate/1671156871?i=1671156873&uo=4","","","https://is1-ssl.mzstatic.com/image/thumb/Music116/v4/8a/d6/dc/8ad6dc41-7c43-1506-0308-b7172c110db9/8718525181037.png/600x600bb.jpg","","verified_low_coverage_subgenre_depth","hard_dance;Hard Dance;curated_artist;playable_depth;low_coverage_subgenre_expansion_v21_20260820","catalog_depth","low_coverage_style_repair","published","high","Artista curado para Hard Dance; artista exato, gravação e prévia verificados no Apple Music."
"hard_dance","Lab4","The Nrg (2020 Retro Futurism Remix)","The Nrg (2020 Retro Futurism Remix) - Single","","https://audio-ssl.itunes.apple.com/itunes-assets/AudioPreview114/v4/97/7b/f5/977bf59c-a928-fe10-2483-6b954dff23a8/mzaf_12237991903374637427.plus.aac.p.m4a","2004-10-25","490","","","","Hard Dance","Lab4 foi curado para ampliar a diversidade reproduzível de Hard Dance.","low_coverage_subgenre_expansion_v21_20260820","","https://music.apple.com/us/album/the-nrg-2020-retro-futurism-remix/1542361250?i=1542361252&uo=4","https://music.apple.com/us/album/the-nrg-2020-retro-futurism-remix/1542361250?i=1542361252&uo=4","","","https://is1-ssl.mzstatic.com/image/thumb/Music124/v4/fe/83/84/fe838454-8d7f-1905-add1-185ae620470d/5054526834439_1.jpg/600x600bb.jpg","","verified_low_coverage_subgenre_depth","hard_dance;Hard Dance;curated_artist;playable_depth;low_coverage_subgenre_expansion_v21_20260820","catalog_depth","low_coverage_style_repair","published","high","Artista curado para Hard Dance; artista exato, gravação e prévia verificados no Apple Music."
"hard_dance","Lisa Lashes","Emotions","Emotions","","https://cdnt-preview.dzcdn.net/api/1/1/5/c/c/0/5ccb7bb224c0aa6e831e4ae7364bdacc.mp3?hdnea=exp=1787244212~acl=/api/1/1/5/c/c/0/5ccb7bb224c0aa6e831e4ae7364bdacc.mp3*~data=user_id=0,application_id=42~hmac=85cecf81617555be9fa491f83fa705980920725a74bc1dcc08a2b1d3312649c4","","469","","","","Hard Dance","Lisa Lashes foi curado para ampliar a diversidade reproduzível de Hard Dance.","low_coverage_subgenre_expansion_v21_20260820","","https://www.deezer.com/track/467462402","https://www.deezer.com/track/467462402","467462402","https://www.deezer.com/track/467462402","https://cdn-images.dzcdn.net/images/cover/e446e126a0fcab24b74dbd6aba41ef68/500x500-000000-80-0-0.jpg","","verified_low_coverage_subgenre_depth","hard_dance;Hard Dance;curated_artist;playable_depth;low_coverage_subgenre_expansion_v21_20260820","catalog_depth","low_coverage_style_repair","published","high","Artista curado para Hard Dance; artista exato, gravação e prévia verificados no Deezer."
"hard_dance","Lisa Lashes","Neon Lights","Neon Lights / Frequencies - Single","","https://audio-ssl.itunes.apple.com/itunes-assets/AudioPreview221/v4/3f/d4/cb/3fd4cb83-92e0-9a82-946e-afa4ab1f7a7d/mzaf_15483944549850052755.plus.aac.p.m4a","2025-07-25","196","","","","Hard Dance","Lisa Lashes foi curado para ampliar a diversidade reproduzível de Hard Dance.","low_coverage_subgenre_expansion_v21_20260820","","https://music.apple.com/us/album/neon-lights/1822026198?i=1822026199&uo=4","https://music.apple.com/us/album/neon-lights/1822026198?i=1822026199&uo=4","3430274941","https://www.deezer.com/track/3430274941","https://is1-ssl.mzstatic.com/image/thumb/Music221/v4/ce/0f/c8/ce0fc84d-bc5b-3493-3a1d-b230ce99da39/cover.jpg/600x600bb.jpg","","verified_low_coverage_subgenre_depth","hard_dance;Hard Dance;curated_artist;playable_depth;low_coverage_subgenre_expansion_v21_20260820;itunes_verified;deezer_verified","catalog_depth","low_coverage_style_repair","published","high","Artista curado para Hard Dance; artista exato, gravação e prévia verificados em Apple Music e Deezer."
"hard_dance","Lisa Lashes","We Came, We Saw... (Hannah Laing Remix)","We Came, We Saw... (Hannah Laing Remix) - Single","","https://audio-ssl.itunes.apple.com/itunes-assets/AudioPreview221/v4/23/de/3e/23de3e29-af79-f1b1-c096-791749041893/mzaf_1416612245054494865.plus.aac.p.m4a","2024-12-20","174","","","","Hard Dance","Lisa Lashes foi curado para ampliar a diversidade reproduzível de Hard Dance.","low_coverage_subgenre_expansion_v21_20260820","","https://music.apple.com/us/album/we-came-we-saw-hannah-laing-remix/1780616759?i=1780616760&uo=4","https://music.apple.com/us/album/we-came-we-saw-hannah-laing-remix/1780616759?i=1780616760&uo=4","","","https://is1-ssl.mzstatic.com/image/thumb/Music221/v4/df/83/60/df836027-b6bc-f66d-eb1a-1e814ff99a5f/cover.jpg/600x600bb.jpg","","verified_low_coverage_subgenre_depth","hard_dance;Hard Dance;curated_artist;playable_depth;low_coverage_subgenre_expansion_v21_20260820","catalog_depth","low_coverage_style_repair","published","high","Artista curado para Hard Dance; artista exato, gravação e prévia verificados no Apple Music."
"hard_dance","Lisa Lashes","Zip It!","Zip It!","","https://cdnt-preview.dzcdn.net/api/1/1/c/e/e/0/ceee7ffadcde350e52c45166fa630d24.mp3?hdnea=exp=1787244212~acl=/api/1/1/c/e/e/0/ceee7ffadcde350e52c45166fa630d24.mp3*~data=user_id=0,application_id=42~hmac=40b5362fcf119d44a7b211aeeacb60b0e57a04bd59d69daa831fddfa7876a3f0","","439","","","","Hard Dance","Lisa Lashes foi curado para ampliar a diversidade reproduzível de Hard Dance.","low_coverage_subgenre_expansion_v21_20260820","","https://www.deezer.com/track/6147405","https://www.deezer.com/track/6147405","6147405","https://www.deezer.com/track/6147405","https://cdn-images.dzcdn.net/images/cover/2f04cda12ce82cbd8a00f87a30973908/500x500-000000-80-0-0.jpg","","verified_low_coverage_subgenre_depth","hard_dance;Hard Dance;curated_artist;playable_depth;low_coverage_subgenre_expansion_v21_20260820","catalog_depth","low_coverage_style_repair","published","high","Artista curado para Hard Dance; artista exato, gravação e prévia verificados no Deezer."
"hard_dance","Rob Tissera","Burning (feat. Guyver)","Burning (feat. Guyver) - Single","","https://audio-ssl.itunes.apple.com/itunes-assets/Music/v4/4b/70/45/4b70450e-ac63-f34c-3051-a21aa42644b9/mzaf_7872027216254095353.plus.aac.p.m4a","2014-01-03","465","","","","Hard Dance","Rob Tissera foi curado para ampliar a diversidade reproduzível de Hard Dance.","low_coverage_subgenre_expansion_v21_20260820","","https://music.apple.com/us/album/burning-feat-guyver/794206294?i=794206301&uo=4","https://music.apple.com/us/album/burning-feat-guyver/794206294?i=794206301&uo=4","","","https://is1-ssl.mzstatic.com/image/thumb/Music/v4/79/07/ad/7907adbd-f2a6-ce22-8d82-3e7622238ddd/MASIF013.jpg/600x600bb.jpg","","verified_low_coverage_subgenre_depth","hard_dance;Hard Dance;curated_artist;playable_depth;low_coverage_subgenre_expansion_v21_20260820","catalog_depth","low_coverage_style_repair","published","high","Artista curado para Hard Dance; artista exato, gravação e prévia verificados no Apple Music."
"hard_dance","Rob Tissera","Gonna Be Alright (Mix Cut) [MIXED]","The Magic Moments of Rob Tissera (DJ MIX)","","https://audio-ssl.itunes.apple.com/itunes-assets/AudioPreview211/v4/b1/0c/ed/b10ced82-4bcc-f4bc-9e21-354db63f78a1/mzaf_13249056064078112430.plus.aac.p.m4a","2021-12-17","265","","","","Hard Dance","Rob Tissera foi curado para ampliar a diversidade reproduzível de Hard Dance.","low_coverage_subgenre_expansion_v21_20260820","","https://music.apple.com/us/album/gonna-be-alright-mix-cut-mixed/1600864354?i=1600864456&uo=4","https://music.apple.com/us/album/gonna-be-alright-mix-cut-mixed/1600864354?i=1600864456&uo=4","","","https://is1-ssl.mzstatic.com/image/thumb/Music126/v4/55/33/a4/5533a4a5-6cdf-366e-24f7-2952c690de7b/cover.jpg/600x600bb.jpg","","verified_low_coverage_subgenre_depth","hard_dance;Hard Dance;curated_artist;playable_depth;low_coverage_subgenre_expansion_v21_20260820","catalog_depth","low_coverage_style_repair","published","high","Artista curado para Hard Dance; artista exato, gravação e prévia verificados no Apple Music."
"hard_dance","Rob Tissera","I Fink U Freaky (Mix Cut) [MIXED]","Sound of the Underground, Vol. 1 (Mix 1) [DJ MIX]","","https://audio-ssl.itunes.apple.com/itunes-assets/AudioPreview113/v4/71/9c/0d/719c0d64-facf-8bf4-1fb0-a7cafab816af/mzaf_16718319643368922201.plus.aac.p.m4a","2016-01-04","288","","","","Hard Dance","Rob Tissera foi curado para ampliar a diversidade reproduzível de Hard Dance.","low_coverage_subgenre_expansion_v21_20260820","","https://music.apple.com/us/album/i-fink-u-freaky-mix-cut-mixed/1473854507?i=1473854577&uo=4","https://music.apple.com/us/album/i-fink-u-freaky-mix-cut-mixed/1473854507?i=1473854577&uo=4","","","https://is1-ssl.mzstatic.com/image/thumb/Music113/v4/28/de/c6/28dec6b2-e575-f2d3-d76e-4dc58ed2f47c/cover.jpg/600x600bb.jpg","","verified_low_coverage_subgenre_depth","hard_dance;Hard Dance;curated_artist;playable_depth;low_coverage_subgenre_expansion_v21_20260820","catalog_depth","low_coverage_style_repair","published","high","Artista curado para Hard Dance; artista exato, gravação e prévia verificados no Apple Music."
"hard_dance","Rob Tissera","Stay","#MDMA (Masif Dance Music Anthems)","","https://cdnt-preview.dzcdn.net/api/1/1/b/0/6/0/b066b6cb2d7821c75efef3975c7e8919.mp3?hdnea=exp=1787243903~acl=/api/1/1/b/0/6/0/b066b6cb2d7821c75efef3975c7e8919.mp3*~data=user_id=0,application_id=42~hmac=eb80b86d9ac8507d3ebe5283dcdf10b6439bf29b0bb5e250e42176027e9438d5","","217","","","","Hard Dance","Rob Tissera foi curado para ampliar a diversidade reproduzível de Hard Dance.","low_coverage_subgenre_expansion_v21_20260820","","https://www.deezer.com/track/1904965547","https://www.deezer.com/track/1904965547","1904965547","https://www.deezer.com/track/1904965547","https://cdn-images.dzcdn.net/images/cover/6fd512c91ff398121b42e6632965bd07/500x500-000000-80-0-0.jpg","","verified_low_coverage_subgenre_depth","hard_dance;Hard Dance;curated_artist;playable_depth;low_coverage_subgenre_expansion_v21_20260820","catalog_depth","low_coverage_style_repair","published","high","Artista curado para Hard Dance; artista exato, gravação e prévia verificados no Deezer."
"hardstep","Dieselboy","Beyond Thunderdome","Beyond Thunderdome Remixes","","https://cdnt-preview.dzcdn.net/api/1/1/b/9/0/0/b90224a58533eb88daa0d1d88b1e015d.mp3?hdnea=exp=1787243630~acl=/api/1/1/b/9/0/0/b90224a58533eb88daa0d1d88b1e015d.mp3*~data=user_id=0,application_id=42~hmac=5524c8e194cf25aa2d71feab97407a66267d9f03a6618b838d6b7e5c035a406d","","304","","","","Hardstep","Dieselboy foi curado para ampliar a diversidade reproduzível de Hardstep.","low_coverage_subgenre_expansion_v21_20260820","","https://www.deezer.com/track/115292862","https://www.deezer.com/track/115292862","115292862","https://www.deezer.com/track/115292862","https://cdn-images.dzcdn.net/images/cover/69676613afd41918f4941dd7fc6c5b90/500x500-000000-80-0-0.jpg","","verified_low_coverage_subgenre_depth","hardstep;Hardstep;curated_artist;playable_depth;low_coverage_subgenre_expansion_v21_20260820","catalog_depth","low_coverage_style_repair","published","high","Artista curado para Hardstep; artista exato, gravação e prévia verificados no Deezer."
"hardstep","Dieselboy","N/V/D (Counterstrike's Zentraedi Remix)","Substance D","","https://audio-ssl.itunes.apple.com/itunes-assets/AudioPreview115/v4/cf/b5/d2/cfb5d254-d238-b61f-7de4-5bb53d88d9c3/mzaf_2754334425059865153.plus.aac.p.m4a","2008-05-06","334","","","","Hardstep","Dieselboy foi curado para ampliar a diversidade reproduzível de Hardstep.","low_coverage_subgenre_expansion_v21_20260820","","https://music.apple.com/us/album/n-v-d-counterstrikes-zentraedi-remix/277133728?i=277133971&uo=4","https://music.apple.com/us/album/n-v-d-counterstrikes-zentraedi-remix/277133728?i=277133971&uo=4","","","https://is1-ssl.mzstatic.com/image/thumb/Music/95/4e/09/mzi.lkosuyce.jpg/600x600bb.jpg","","verified_low_coverage_subgenre_depth","hardstep;Hardstep;curated_artist;playable_depth;low_coverage_subgenre_expansion_v21_20260820","catalog_depth","low_coverage_style_repair","published","high","Artista curado para Hardstep; artista exato, gravação e prévia verificados no Apple Music."
"hardstep","Dieselboy","Stagediver","Stagediver","","https://cdnt-preview.dzcdn.net/api/1/1/2/c/b/0/2cbbe8a0ab06bc764e3866df2e17fd9c.mp3?hdnea=exp=1787243630~acl=/api/1/1/2/c/b/0/2cbbe8a0ab06bc764e3866df2e17fd9c.mp3*~data=user_id=0,application_id=42~hmac=87fda61bdd1eea419d0cfd98bb8a94a8985967ba6fb8f5f4ffe4b513756a152e","","276","","","","Hardstep","Dieselboy foi curado para ampliar a diversidade reproduzível de Hardstep.","low_coverage_subgenre_expansion_v21_20260820","","https://www.deezer.com/track/503930122","https://www.deezer.com/track/503930122","503930122","https://www.deezer.com/track/503930122","https://cdn-images.dzcdn.net/images/cover/dff54d89d84f057b000570e8b1f68738/500x500-000000-80-0-0.jpg","","verified_low_coverage_subgenre_depth","hardstep;Hardstep;curated_artist;playable_depth;low_coverage_subgenre_expansion_v21_20260820","catalog_depth","low_coverage_style_repair","published","high","Artista curado para Hardstep; artista exato, gravação e prévia verificados no Deezer."
"hardstep","Dom & Roland","Adrenalin","Dynamo / Adrenalin","","https://cdnt-preview.dzcdn.net/api/1/1/0/8/a/0/08a611069060ea1bbfb8bff86e1bfff5.mp3?hdnea=exp=1787243631~acl=/api/1/1/0/8/a/0/08a611069060ea1bbfb8bff86e1bfff5.mp3*~data=user_id=0,application_id=42~hmac=7c7aaef18852dce47d4c43bf7feb0df45fce5610a99ba1f6490a273515d312f2","","333","","","","Hardstep","Dom & Roland foi curado para ampliar a diversidade reproduzível de Hardstep.","low_coverage_subgenre_expansion_v21_20260820","","https://www.deezer.com/track/2238722417","https://www.deezer.com/track/2238722417","2238722417","https://www.deezer.com/track/2238722417","https://cdn-images.dzcdn.net/images/cover/8067e5afea70032eabaef7e8d3280a57/500x500-000000-80-0-0.jpg","","verified_low_coverage_subgenre_depth","hardstep;Hardstep;curated_artist;playable_depth;low_coverage_subgenre_expansion_v21_20260820","catalog_depth","low_coverage_style_repair","published","high","Artista curado para Hardstep; artista exato, gravação e prévia verificados no Deezer."
"hardstep","Dom & Roland","Archaeon","Archaeon / Twisted City / Sand-Gun / The Voyage","","https://cdnt-preview.dzcdn.net/api/1/1/d/1/5/0/d15d1ddf8fe92128414db3edfce97a83.mp3?hdnea=exp=1787243631~acl=/api/1/1/d/1/5/0/d15d1ddf8fe92128414db3edfce97a83.mp3*~data=user_id=0,application_id=42~hmac=15bc38a011c651ebe108beaccbeb690deb52ae482fb83702296bb44f6ec4f81c","","425","","","","Hardstep","Dom & Roland foi curado para ampliar a diversidade reproduzível de Hardstep.","low_coverage_subgenre_expansion_v21_20260820","","https://www.deezer.com/track/1757523807","https://www.deezer.com/track/1757523807","1757523807","https://www.deezer.com/track/1757523807","https://cdn-images.dzcdn.net/images/cover/d7ff5e1573cd7ca02bc4d463eb00f592/500x500-000000-80-0-0.jpg","","verified_low_coverage_subgenre_depth","hardstep;Hardstep;curated_artist;playable_depth;low_coverage_subgenre_expansion_v21_20260820","catalog_depth","low_coverage_style_repair","published","high","Artista curado para Hardstep; artista exato, gravação e prévia verificados no Deezer."
"hardstep","Dom & Roland","Hear My Call","Dom & Roland Productions: Remix Album","","https://cdnt-preview.dzcdn.net/api/1/1/9/9/5/0/995bc8e334b4ab3800eea65fc7287750.mp3?hdnea=exp=1787243631~acl=/api/1/1/9/9/5/0/995bc8e334b4ab3800eea65fc7287750.mp3*~data=user_id=0,application_id=42~hmac=506a2953ba9b4e1eb2c1fa29321e28018cf2ce0b4aa856b8f8400350ee676d5e","","361","","","","Hardstep","Dom & Roland foi curado para ampliar a diversidade reproduzível de Hardstep.","low_coverage_subgenre_expansion_v21_20260820","","https://www.deezer.com/track/407117072","https://www.deezer.com/track/407117072","407117072","https://www.deezer.com/track/407117072","https://cdn-images.dzcdn.net/images/cover/2a29088156ee36ca4d965edd2b03f758/500x500-000000-80-0-0.jpg","","verified_low_coverage_subgenre_depth","hardstep;Hardstep;curated_artist;playable_depth;low_coverage_subgenre_expansion_v21_20260820","catalog_depth","low_coverage_style_repair","published","high","Artista curado para Hardstep; artista exato, gravação e prévia verificados no Deezer."
"hardstep","Dom & Roland","Outcast","Last Refuge of a Scoundrel","","https://audio-ssl.itunes.apple.com/itunes-assets/AudioPreview115/v4/78/1d/fc/781dfc03-8664-39f6-8a0d-7bed2f10c124/mzaf_15546377195632584840.plus.aac.p.m4a","2016-10-07","318","","","","Hardstep","Dom & Roland foi curado para ampliar a diversidade reproduzível de Hardstep.","low_coverage_subgenre_expansion_v21_20260820","","https://music.apple.com/us/album/outcast/1152468037?i=1152468996&uo=4","https://music.apple.com/us/album/outcast/1152468037?i=1152468996&uo=4","131758488","https://www.deezer.com/track/131758488","https://is1-ssl.mzstatic.com/image/thumb/Music115/v4/dc/19/97/dc1997c3-cff7-ca9a-e97e-aa5c24d6246a/cover.jpg/600x600bb.jpg","","verified_low_coverage_subgenre_depth","hardstep;Hardstep;curated_artist;playable_depth;low_coverage_subgenre_expansion_v21_20260820;itunes_verified;deezer_verified","catalog_depth","low_coverage_style_repair","published","high","Artista curado para Hardstep; artista exato, gravação e prévia verificados em Apple Music e Deezer."
"hardstep","Technical Itch","Cloak n Dagger","Progression Threat Three","","https://cdnt-preview.dzcdn.net/api/1/1/8/7/b/0/87bb5cafef385fa904b7075494e11ae6.mp3?hdnea=exp=1787243632~acl=/api/1/1/8/7/b/0/87bb5cafef385fa904b7075494e11ae6.mp3*~data=user_id=0,application_id=42~hmac=055ec71d25b1e8c4f3de4bff506fdb5f03427fed6f188bb0e65d1f51c2fab9ad","","452","","","","Hardstep","Technical Itch foi curado para ampliar a diversidade reproduzível de Hardstep.","low_coverage_subgenre_expansion_v21_20260820","","https://www.deezer.com/track/74180839","https://www.deezer.com/track/74180839","74180839","https://www.deezer.com/track/74180839","https://cdn-images.dzcdn.net/images/cover/78f129e28b806922912bf011f7998f80/500x500-000000-80-0-0.jpg","","verified_low_coverage_subgenre_depth","hardstep;Hardstep;curated_artist;playable_depth;low_coverage_subgenre_expansion_v21_20260820","catalog_depth","low_coverage_style_repair","published","high","Artista curado para Hardstep; artista exato, gravação e prévia verificados no Deezer."
"hardstep","Technical Itch","Constant Pain","Nonexistent","","https://cdnt-preview.dzcdn.net/api/1/1/a/2/8/0/a283fb31fffa8f03ecd5d3af9651773c.mp3?hdnea=exp=1787243632~acl=/api/1/1/a/2/8/0/a283fb31fffa8f03ecd5d3af9651773c.mp3*~data=user_id=0,application_id=42~hmac=8d2839d9d7c1d35073ff0a10ba778f3d6dd343870b0fd35fdb9ba2392f4c6f14","","332","","","","Hardstep","Technical Itch foi curado para ampliar a diversidade reproduzível de Hardstep.","low_coverage_subgenre_expansion_v21_20260820","","https://www.deezer.com/track/1826434797","https://www.deezer.com/track/1826434797","1826434797","https://www.deezer.com/track/1826434797","https://cdn-images.dzcdn.net/images/cover/9f3bfc2b886b7dc211ab1ecefe4d4d06/500x500-000000-80-0-0.jpg","","verified_low_coverage_subgenre_depth","hardstep;Hardstep;curated_artist;playable_depth;low_coverage_subgenre_expansion_v21_20260820","catalog_depth","low_coverage_style_repair","published","high","Artista curado para Hardstep; artista exato, gravação e prévia verificados no Deezer."
"hardstep","Technical Itch","Pressure Drop (VIP)","Substance D","","https://audio-ssl.itunes.apple.com/itunes-assets/AudioPreview125/v4/1d/09/13/1d091331-bf86-6a44-d480-c9c44166a730/mzaf_8003171296197800772.plus.aac.p.m4a","2008-05-06","148","","","","Hardstep","Technical Itch foi curado para ampliar a diversidade reproduzível de Hardstep.","low_coverage_subgenre_expansion_v21_20260820","","https://music.apple.com/us/album/pressure-drop-vip/277133728?i=277133801&uo=4","https://music.apple.com/us/album/pressure-drop-vip/277133728?i=277133801&uo=4","6309290","https://www.deezer.com/track/6309290","https://is1-ssl.mzstatic.com/image/thumb/Music/95/4e/09/mzi.lkosuyce.jpg/600x600bb.jpg","","verified_low_coverage_subgenre_depth","hardstep;Hardstep;curated_artist;playable_depth;low_coverage_subgenre_expansion_v21_20260820;itunes_verified;deezer_verified","catalog_depth","low_coverage_style_repair","published","high","Artista curado para Hardstep; artista exato, gravação e prévia verificados em Apple Music e Deezer."
"hardstep","Technical Itch","Soldiers","Destruction Ritual (2017 Remaster)","","https://cdnt-preview.dzcdn.net/api/1/1/3/4/c/0/34cb8fbad7485836da8cc7104eccfd24.mp3?hdnea=exp=1787243632~acl=/api/1/1/3/4/c/0/34cb8fbad7485836da8cc7104eccfd24.mp3*~data=user_id=0,application_id=42~hmac=ade5a2433f642558f5989bc9308fb92e8dc65d0dcd4ac1a1165ebe52eea263af","","447","","","","Hardstep","Technical Itch foi curado para ampliar a diversidade reproduzível de Hardstep.","low_coverage_subgenre_expansion_v21_20260820","","https://www.deezer.com/track/426439292","https://www.deezer.com/track/426439292","426439292","https://www.deezer.com/track/426439292","https://cdn-images.dzcdn.net/images/cover/1d078176f5808a17669aa98b9f367d9a/500x500-000000-80-0-0.jpg","","verified_low_coverage_subgenre_depth","hardstep;Hardstep;curated_artist;playable_depth;low_coverage_subgenre_expansion_v21_20260820","catalog_depth","low_coverage_style_repair","published","high","Artista curado para Hardstep; artista exato, gravação e prévia verificados no Deezer."
"hardwave","Barnacle Boi","Anything for You.","Anything for You. - Single","","https://audio-ssl.itunes.apple.com/itunes-assets/AudioPreview115/v4/dd/ef/e0/ddefe083-911c-c2b9-ede5-f00402d3bd02/mzaf_13259357941116793374.plus.aac.p.m4a","2017-12-04","201","","","","Hardwave","Barnacle Boi foi curado para ampliar a diversidade reproduzível de Hardwave.","low_coverage_subgenre_expansion_v21_20260820","","https://music.apple.com/us/album/anything-for-you/1321718715?i=1321718728&uo=4","https://music.apple.com/us/album/anything-for-you/1321718715?i=1321718728&uo=4","438464542","https://www.deezer.com/track/438464542","https://is1-ssl.mzstatic.com/image/thumb/Music124/v4/77/69/9f/77699f20-3f64-a9c2-6ad3-4a8b04df3a88/859724329856_cover.jpg/600x600bb.jpg","","verified_low_coverage_subgenre_depth","hardwave;Hardwave;curated_artist;playable_depth;low_coverage_subgenre_expansion_v21_20260820;itunes_verified;deezer_verified","catalog_depth","low_coverage_style_repair","published","high","Artista curado para Hardwave; artista exato, gravação e prévia verificados em Apple Music e Deezer."
"hardwave","Barnacle Boi","Displaced","Displaced","","https://cdnt-preview.dzcdn.net/api/1/1/9/a/5/0/9a579930e0b9ec7c6e5238090928ac74.mp3?hdnea=exp=1787243636~acl=/api/1/1/9/a/5/0/9a579930e0b9ec7c6e5238090928ac74.mp3*~data=user_id=0,application_id=42~hmac=2766f48cc73ff655d10bcb6eb2c8bd54120d5a8e3d9acf7f07f9cea6614d8994","","222","","","","Hardwave","Barnacle Boi foi curado para ampliar a diversidade reproduzível de Hardwave.","low_coverage_subgenre_expansion_v21_20260820","","https://www.deezer.com/track/728970102","https://www.deezer.com/track/728970102","728970102","https://www.deezer.com/track/728970102","https://cdn-images.dzcdn.net/images/cover/301c140253ca13f5732c68bd3c7880e1/500x500-000000-80-0-0.jpg","","verified_low_coverage_subgenre_depth","hardwave;Hardwave;curated_artist;playable_depth;low_coverage_subgenre_expansion_v21_20260820","catalog_depth","low_coverage_style_repair","published","high","Artista curado para Hardwave; artista exato, gravação e prévia verificados no Deezer."
"hardwave","Barnacle Boi","Don't Dwell.","Don't Dwell. - Single","","https://audio-ssl.itunes.apple.com/itunes-assets/AudioPreview125/v4/e8/cf/13/e8cf13a5-d343-f017-53d1-ed54c4a09529/mzaf_1110199366754573454.plus.aac.p.m4a","2017-10-18","214","","","","Hardwave","Barnacle Boi foi curado para ampliar a diversidade reproduzível de Hardwave.","low_coverage_subgenre_expansion_v21_20260820","","https://music.apple.com/us/album/dont-dwell/1499760603?i=1499761056&uo=4","https://music.apple.com/us/album/dont-dwell/1499760603?i=1499761056&uo=4","883492802","https://www.deezer.com/track/883492802","https://is1-ssl.mzstatic.com/image/thumb/Music114/v4/84/de/a1/84dea17c-7412-34f6-df8d-382be5aba2d9/859724932674_cover.jpg/600x600bb.jpg","","verified_low_coverage_subgenre_depth","hardwave;Hardwave;curated_artist;playable_depth;low_coverage_subgenre_expansion_v21_20260820;itunes_verified;deezer_verified","catalog_depth","low_coverage_style_repair","published","high","Artista curado para Hardwave; artista exato, gravação e prévia verificados em Apple Music e Deezer."
"hardwave","Barnacle Boi","Overcome.","Overcome. - Single","","https://audio-ssl.itunes.apple.com/itunes-assets/AudioPreview211/v4/e7/68/1c/e7681caf-398f-056d-53e5-63e963f5fc9c/mzaf_17200727235102203626.plus.aac.p.m4a","2018-10-22","188","","","","Hardwave","Barnacle Boi foi curado para ampliar a diversidade reproduzível de Hardwave.","low_coverage_subgenre_expansion_v21_20260820","","https://music.apple.com/us/album/overcome/1764367936?i=1764367938&uo=4","https://music.apple.com/us/album/overcome/1764367936?i=1764367938&uo=4","2959213101","https://www.deezer.com/track/2959213101","https://is1-ssl.mzstatic.com/image/thumb/Music221/v4/e1/13/d8/e113d8f3-7277-f49b-a476-95ff9d950a2a/1665.jpg/600x600bb.jpg","","verified_low_coverage_subgenre_depth","hardwave;Hardwave;curated_artist;playable_depth;low_coverage_subgenre_expansion_v21_20260820;itunes_verified;deezer_verified","catalog_depth","low_coverage_style_repair","published","high","Artista curado para Hardwave; artista exato, gravação e prévia verificados em Apple Music e Deezer."
"hardwave","Deadcrow","Euphoria","Euphoria","","https://cdnt-preview.dzcdn.net/api/1/1/b/b/c/0/bbcaed9aeaeab65e283799830a0e29c4.mp3?hdnea=exp=1787243633~acl=/api/1/1/b/b/c/0/bbcaed9aeaeab65e283799830a0e29c4.mp3*~data=user_id=0,application_id=42~hmac=a95874b5f9dfc2949fa263091446fe82d5c1f40762ba8be6885568a546eeb70c","","159","","","","Hardwave","Deadcrow foi curado para ampliar a diversidade reproduzível de Hardwave.","low_coverage_subgenre_expansion_v21_20260820","","https://www.deezer.com/track/3788525272","https://www.deezer.com/track/3788525272","3788525272","https://www.deezer.com/track/3788525272","https://cdn-images.dzcdn.net/images/cover/4e685940caf84faeef1dd442e2156158/500x500-000000-80-0-0.jpg","","verified_low_coverage_subgenre_depth","hardwave;Hardwave;curated_artist;playable_depth;low_coverage_subgenre_expansion_v21_20260820","catalog_depth","low_coverage_style_repair","published","high","Artista curado para Hardwave; artista exato, gravação e prévia verificados no Deezer."
"hardwave","Deadcrow","Hypersquare","Hypersquare","","https://cdnt-preview.dzcdn.net/api/1/1/5/9/8/0/598f0746af2f2ce641e52c4df2f2a89e.mp3?hdnea=exp=1787243633~acl=/api/1/1/5/9/8/0/598f0746af2f2ce641e52c4df2f2a89e.mp3*~data=user_id=0,application_id=42~hmac=f5eeb14373f4122a4a776a657b8ef5a8607cb458f08dabedc67e8514d0c1b4c0","","248","","","","Hardwave","Deadcrow foi curado para ampliar a diversidade reproduzível de Hardwave.","low_coverage_subgenre_expansion_v21_20260820","","https://www.deezer.com/track/1658593452","https://www.deezer.com/track/1658593452","1658593452","https://www.deezer.com/track/1658593452","https://cdn-images.dzcdn.net/images/cover/700b492c4ecc00fcd511ec267d4a7e14/500x500-000000-80-0-0.jpg","","verified_low_coverage_subgenre_depth","hardwave;Hardwave;curated_artist;playable_depth;low_coverage_subgenre_expansion_v21_20260820","catalog_depth","low_coverage_style_repair","published","high","Artista curado para Hardwave; artista exato, gravação e prévia verificados no Deezer."
"hardwave","Deadcrow","Miræ","Miræ","","https://cdnt-preview.dzcdn.net/api/1/1/8/c/8/0/8c82f60adcd2a48a67a33a198c93c032.mp3?hdnea=exp=1787243633~acl=/api/1/1/8/c/8/0/8c82f60adcd2a48a67a33a198c93c032.mp3*~data=user_id=0,application_id=42~hmac=953d31a53cbf68bacf555ff535db24e6c8009710b4cbc7da6ce2a437d60cbd2c","","133","","","","Hardwave","Deadcrow foi curado para ampliar a diversidade reproduzível de Hardwave.","low_coverage_subgenre_expansion_v21_20260820","","https://www.deezer.com/track/929963522","https://www.deezer.com/track/929963522","929963522","https://www.deezer.com/track/929963522","https://cdn-images.dzcdn.net/images/cover/799150283d4c6b74828820d7b778cab0/500x500-000000-80-0-0.jpg","","verified_low_coverage_subgenre_depth","hardwave;Hardwave;curated_artist;playable_depth;low_coverage_subgenre_expansion_v21_20260820","catalog_depth","low_coverage_style_repair","published","high","Artista curado para Hardwave; artista exato, gravação e prévia verificados no Deezer."
"hardwave","Deadcrow","Weapon System","W#5","","https://cdnt-preview.dzcdn.net/api/1/1/c/7/d/0/c7ddd7944c1fce9d93042e516b330f75.mp3?hdnea=exp=1787243633~acl=/api/1/1/c/7/d/0/c7ddd7944c1fce9d93042e516b330f75.mp3*~data=user_id=0,application_id=42~hmac=7e283b13cece432235d8f8ada39cddf04395564df19b4357911fdc7184ad3f82","","315","","","","Hardwave","Deadcrow foi curado para ampliar a diversidade reproduzível de Hardwave.","low_coverage_subgenre_expansion_v21_20260820","","https://www.deezer.com/track/899147932","https://www.deezer.com/track/899147932","899147932","https://www.deezer.com/track/899147932","https://cdn-images.dzcdn.net/images/cover/da31dd4b4861cc9c77530c299abb3165/500x500-000000-80-0-0.jpg","","verified_low_coverage_subgenre_depth","hardwave;Hardwave;curated_artist;playable_depth;low_coverage_subgenre_expansion_v21_20260820","catalog_depth","low_coverage_style_repair","published","high","Artista curado para Hardwave; artista exato, gravação e prévia verificados no Deezer."
"hardwave","Juche","Falling","Falling - Single","","https://audio-ssl.itunes.apple.com/itunes-assets/AudioPreview116/v4/58/0c/22/580c2257-b09b-ac93-5ec3-c70f7d8f7f15/mzaf_1234000452395789570.plus.aac.p.m4a","2021-04-21","279","","","","Hardwave","Juche foi curado para ampliar a diversidade reproduzível de Hardwave.","low_coverage_subgenre_expansion_v21_20260820","","https://music.apple.com/us/album/falling/1712595643?i=1712595644&uo=4","https://music.apple.com/us/album/falling/1712595643?i=1712595644&uo=4","2505192321","https://www.deezer.com/track/2505192321","https://is1-ssl.mzstatic.com/image/thumb/Music116/v4/c2/b9/89/c2b98927-2a2b-6ee2-1385-fa8216bce046/cover.jpg/600x600bb.jpg","","verified_low_coverage_subgenre_depth","hardwave;Hardwave;curated_artist;playable_depth;low_coverage_subgenre_expansion_v21_20260820;itunes_verified;deezer_verified","catalog_depth","low_coverage_style_repair","published","high","Artista curado para Hardwave; artista exato, gravação e prévia verificados em Apple Music e Deezer."
"hardwave","Juche","For the People","Future Love Story","","https://audio-ssl.itunes.apple.com/itunes-assets/AudioPreview115/v4/28/a4/bd/28a4bdfe-5d57-67cd-4333-0b4f6762a810/mzaf_5819290232392720508.plus.aac.p.m4a","2019-10-29","207","","","","Hardwave","Juche foi curado para ampliar a diversidade reproduzível de Hardwave.","low_coverage_subgenre_expansion_v21_20260820","","https://music.apple.com/us/album/for-the-people/1483163504?i=1483163747&uo=4","https://music.apple.com/us/album/for-the-people/1483163504?i=1483163747&uo=4","773964932","https://www.deezer.com/track/773964932","https://is1-ssl.mzstatic.com/image/thumb/Music125/v4/64/78/7b/64787b9c-973c-c2b9-dcc1-64533396569d/cover.jpg/600x600bb.jpg","","verified_low_coverage_subgenre_depth","hardwave;Hardwave;curated_artist;playable_depth;low_coverage_subgenre_expansion_v21_20260820;itunes_verified;deezer_verified","catalog_depth","low_coverage_style_repair","published","high","Artista curado para Hardwave; artista exato, gravação e prévia verificados em Apple Music e Deezer."
"hardwave","Juche","High Time","High Time - Single","","https://audio-ssl.itunes.apple.com/itunes-assets/AudioPreview112/v4/87/86/fb/8786fbf1-64ec-d962-6a5f-b88137521b1f/mzaf_6821837458694468314.plus.aac.p.m4a","2020-04-13","257","","","","Hardwave","Juche foi curado para ampliar a diversidade reproduzível de Hardwave.","low_coverage_subgenre_expansion_v21_20260820","","https://music.apple.com/us/album/high-time/1636568808?i=1636568809&uo=4","https://music.apple.com/us/album/high-time/1636568808?i=1636568809&uo=4","1840289677","https://www.deezer.com/track/1840289677","https://is1-ssl.mzstatic.com/image/thumb/Music112/v4/68/07/eb/6807eb45-e716-c093-0d95-c45fed5496c3/cover.jpg/600x600bb.jpg","","verified_low_coverage_subgenre_depth","hardwave;Hardwave;curated_artist;playable_depth;low_coverage_subgenre_expansion_v21_20260820;itunes_verified;deezer_verified","catalog_depth","low_coverage_style_repair","published","high","Artista curado para Hardwave; artista exato, gravação e prévia verificados em Apple Music e Deezer."
"hardwave","Juche","Neo Riot","Neo Riot - Single","","https://audio-ssl.itunes.apple.com/itunes-assets/AudioPreview122/v4/be/54/4c/be544c99-2131-490d-8917-48c92b72e6ee/mzaf_4298011772668312539.plus.aac.p.m4a","2020-02-21","216","","","","Hardwave","Juche foi curado para ampliar a diversidade reproduzível de Hardwave.","low_coverage_subgenre_expansion_v21_20260820","","https://music.apple.com/us/album/neo-riot/1636361597?i=1636361598&uo=4","https://music.apple.com/us/album/neo-riot/1636361597?i=1636361598&uo=4","1838560197","https://www.deezer.com/track/1838560197","https://is1-ssl.mzstatic.com/image/thumb/Music122/v4/44/f4/39/44f439c1-29f3-3b71-7868-03714ac1e9f7/cover.jpg/600x600bb.jpg","","verified_low_coverage_subgenre_depth","hardwave;Hardwave;curated_artist;playable_depth;low_coverage_subgenre_expansion_v21_20260820;itunes_verified;deezer_verified","catalog_depth","low_coverage_style_repair","published","high","Artista curado para Hardwave; artista exato, gravação e prévia verificados em Apple Music e Deezer."
"hi_nrg","Hazell Dean","Better Off Without You","Better Off Without You","","https://cdnt-preview.dzcdn.net/api/1/1/d/4/8/0/d48ccc5592527af4742a529c8d61b5e2.mp3?hdnea=exp=1787243638~acl=/api/1/1/d/4/8/0/d48ccc5592527af4742a529c8d61b5e2.mp3*~data=user_id=0,application_id=42~hmac=724005c76d101cc788aa58225786a52b675bdceea9735e7301b095db2cc09068","","432","","","","Hi-NRG","Hazell Dean foi curado para ampliar a diversidade reproduzível de Hi-NRG.","low_coverage_subgenre_expansion_v21_20260820","","https://www.deezer.com/track/3750640792","https://www.deezer.com/track/3750640792","3750640792","https://www.deezer.com/track/3750640792","https://cdn-images.dzcdn.net/images/cover/270b3cfd0c7d475437786e69893c6c46/500x500-000000-80-0-0.jpg","","verified_low_coverage_subgenre_depth","hi_nrg;Hi-NRG;curated_artist;playable_depth;low_coverage_subgenre_expansion_v21_20260820","catalog_depth","low_coverage_style_repair","published","high","Artista curado para Hi-NRG; artista exato, gravação e prévia verificados no Deezer."
"hi_nrg","Hazell Dean","Searching (I Got to Find a Man)","The Very Best of Hazell Dean","","https://audio-ssl.itunes.apple.com/itunes-assets/AudioPreview211/v4/b5/06/a2/b506a2cc-e4e4-e1e9-f409-ad13884bc5ef/mzaf_11403378057283934772.plus.aac.p.m4a","1995-11-07","242","","","","Hi-NRG","Hazell Dean foi curado para ampliar a diversidade reproduzível de Hi-NRG.","low_coverage_subgenre_expansion_v21_20260820","","https://music.apple.com/us/album/searching-i-got-to-find-a-man/207435207?i=207435236&uo=4","https://music.apple.com/us/album/searching-i-got-to-find-a-man/207435207?i=207435236&uo=4","1626573","https://www.deezer.com/track/1626573","https://is1-ssl.mzstatic.com/image/thumb/Music221/v4/93/62/fd/9362fd06-d788-2937-b745-2c3f2f88c884/829410744751.jpg/600x600bb.jpg","","verified_low_coverage_subgenre_depth","hi_nrg;Hi-NRG;curated_artist;playable_depth;low_coverage_subgenre_expansion_v21_20260820;itunes_verified;deezer_verified","catalog_depth","low_coverage_style_repair","published","high","Artista curado para Hi-NRG; artista exato, gravação e prévia verificados em Apple Music e Deezer."
"hi_nrg","Hazell Dean","They Say Its Gonna Rain Glamma Radio Mix","They Say It's Gonna Rain","","https://cdnt-preview.dzcdn.net/api/1/1/d/c/d/0/dcdb58967ac0b9c3fe654dc88fbcf571.mp3?hdnea=exp=1787243638~acl=/api/1/1/d/c/d/0/dcdb58967ac0b9c3fe654dc88fbcf571.mp3*~data=user_id=0,application_id=42~hmac=171334e6145438a6f22ee30dcad59f6d4549657fc67c648c81f4c3583fbe208d","","232","","","","Hi-NRG","Hazell Dean foi curado para ampliar a diversidade reproduzível de Hi-NRG.","low_coverage_subgenre_expansion_v21_20260820","","https://www.deezer.com/track/77217122","https://www.deezer.com/track/77217122","77217122","https://www.deezer.com/track/77217122","https://cdn-images.dzcdn.net/images/cover/12ccf4e468bc83eb902b6676646287d5/500x500-000000-80-0-0.jpg","","verified_low_coverage_subgenre_depth","hi_nrg;Hi-NRG;curated_artist;playable_depth;low_coverage_subgenre_expansion_v21_20260820","catalog_depth","low_coverage_style_repair","published","high","Artista curado para Hi-NRG; artista exato, gravação e prévia verificados no Deezer."
"hi_nrg","Hazell Dean","Walk in My Shoes","Always","","https://cdnt-preview.dzcdn.net/api/1/1/d/f/1/0/df1c2950196c81c906503f33585e7129.mp3?hdnea=exp=1787243638~acl=/api/1/1/d/f/1/0/df1c2950196c81c906503f33585e7129.mp3*~data=user_id=0,application_id=42~hmac=ad151b7c1f9cc138535c9f3293965ae3bffbddc9b04a581601b066ae104413ae","","257","","","","Hi-NRG","Hazell Dean foi curado para ampliar a diversidade reproduzível de Hi-NRG.","low_coverage_subgenre_expansion_v21_20260820","","https://www.deezer.com/track/4223618","https://www.deezer.com/track/4223618","4223618","https://www.deezer.com/track/4223618","https://cdn-images.dzcdn.net/images/cover/5dbe4b19591a06b24796ee35ed710821/500x500-000000-80-0-0.jpg","","verified_low_coverage_subgenre_depth","hi_nrg;Hi-NRG;curated_artist;playable_depth;low_coverage_subgenre_expansion_v21_20260820","catalog_depth","low_coverage_style_repair","published","high","Artista curado para Hi-NRG; artista exato, gravação e prévia verificados no Deezer."
"hi_nrg","Miquel Brown","Footprints in the Sand (Extended Version)","The Best of Miquel Brown","","https://cdnt-preview.dzcdn.net/api/1/1/7/5/7/0/757d4838f38b71758fee146b102e5e40.mp3?hdnea=exp=1787243637~acl=/api/1/1/7/5/7/0/757d4838f38b71758fee146b102e5e40.mp3*~data=user_id=0,application_id=42~hmac=90c32e2e8550852f1288c4b08f8837b2a7745f7af02830cd07c4ae4b70a9f6c9","","314","","","","Hi-NRG","Miquel Brown foi curado para ampliar a diversidade reproduzível de Hi-NRG.","low_coverage_subgenre_expansion_v21_20260820","","https://www.deezer.com/track/70847197","https://www.deezer.com/track/70847197","70847197","https://www.deezer.com/track/70847197","https://cdn-images.dzcdn.net/images/cover/3dcafd6497513ee65a8dca9a6813a263/500x500-000000-80-0-0.jpg","","verified_low_coverage_subgenre_depth","hi_nrg;Hi-NRG;curated_artist;playable_depth;low_coverage_subgenre_expansion_v21_20260820","catalog_depth","low_coverage_style_repair","published","high","Artista curado para Hi-NRG; artista exato, gravação e prévia verificados no Deezer."
"hi_nrg","Miquel Brown","Megamix: He's a Saint, He's a Sinner / Manpower / So Many Men, So Little Time","He's a Saint, He's a Sinner","","https://audio-ssl.itunes.apple.com/itunes-assets/AudioPreview125/v4/26/6b/e0/266be022-2065-ccae-26b4-1cb5c6866342/mzaf_8126058104972838658.plus.aac.p.m4a","2011-12-10","606","","","","Hi-NRG","Miquel Brown foi curado para ampliar a diversidade reproduzível de Hi-NRG.","low_coverage_subgenre_expansion_v21_20260820","","https://music.apple.com/us/album/megamix-hes-a-saint-hes-a-sinner-manpower-so-many/491613420?i=491614093&uo=4","https://music.apple.com/us/album/megamix-hes-a-saint-hes-a-sinner-manpower-so-many/491613420?i=491614093&uo=4","15927369","https://www.deezer.com/track/15927369","https://is1-ssl.mzstatic.com/image/thumb/Music124/v4/3c/f3/8a/3cf38a65-8527-7c69-4542-af81346426fc/mzi.pckpqikk.tif/600x600bb.jpg","","verified_low_coverage_subgenre_depth","hi_nrg;Hi-NRG;curated_artist;playable_depth;low_coverage_subgenre_expansion_v21_20260820;itunes_verified;deezer_verified","catalog_depth","low_coverage_style_repair","published","high","Artista curado para Hi-NRG; artista exato, gravação e prévia verificados em Apple Music e Deezer."
"hi_nrg","Miquel Brown","So Many Man so Little Time","Party Disco","","https://cdnt-preview.dzcdn.net/api/1/1/5/e/8/0/5e879e31a2c6142da4985b457dc3e1cd.mp3?hdnea=exp=1787243637~acl=/api/1/1/5/e/8/0/5e879e31a2c6142da4985b457dc3e1cd.mp3*~data=user_id=0,application_id=42~hmac=61ca18a088495e70093d62299a327a5827962ea4fc5417669778717ac39e0769","","209","","","","Hi-NRG","Miquel Brown foi curado para ampliar a diversidade reproduzível de Hi-NRG.","low_coverage_subgenre_expansion_v21_20260820","","https://www.deezer.com/track/2560659452","https://www.deezer.com/track/2560659452","2560659452","https://www.deezer.com/track/2560659452","https://cdn-images.dzcdn.net/images/cover/2f29d22abaca8317f496420fba28451d/500x500-000000-80-0-0.jpg","","verified_low_coverage_subgenre_depth","hi_nrg;Hi-NRG;curated_artist;playable_depth;low_coverage_subgenre_expansion_v21_20260820","catalog_depth","low_coverage_style_repair","published","high","Artista curado para Hi-NRG; artista exato, gravação e prévia verificados no Deezer."
"hi_nrg","Miquel Brown","So Many Men So Little Time (Almighty Definitive Mix)","Almighty Presents: NRG Anthems Volume 1","","https://audio-ssl.itunes.apple.com/itunes-assets/AudioPreview115/v4/e9/f2/fe/e9f2feab-4d8a-7c90-0265-be9f8129573d/mzaf_13001616365326678824.plus.aac.p.m4a","2006-11-17","461","","","","Hi-NRG","Miquel Brown foi curado para ampliar a diversidade reproduzível de Hi-NRG.","low_coverage_subgenre_expansion_v21_20260820","","https://music.apple.com/us/album/so-many-men-so-little-time-almighty-definitive-mix/399619888?i=399619943&uo=4","https://music.apple.com/us/album/so-many-men-so-little-time-almighty-definitive-mix/399619888?i=399619943&uo=4","7466000","https://www.deezer.com/track/7466000","https://is1-ssl.mzstatic.com/image/thumb/Music/2d/9f/1b/mzi.mczlitmo.tif/600x600bb.jpg","","verified_low_coverage_subgenre_depth","hi_nrg;Hi-NRG;curated_artist;playable_depth;low_coverage_subgenre_expansion_v21_20260820;itunes_verified;deezer_verified","catalog_depth","low_coverage_style_repair","published","high","Artista curado para Hi-NRG; artista exato, gravação e prévia verificados em Apple Music e Deezer."
"hi_nrg","Paul Parker","Baby You Can Have My Lovin' Anytime","The Collection","","https://audio-ssl.itunes.apple.com/itunes-assets/AudioPreview115/v4/37/82/c1/3782c1f5-1633-8b32-c077-75eb4bc59b90/mzaf_1900039694744796686.plus.aac.p.m4a","1992-01-01","283","","","","Hi-NRG","Paul Parker foi curado para ampliar a diversidade reproduzível de Hi-NRG.","low_coverage_subgenre_expansion_v21_20260820","","https://music.apple.com/us/album/baby-you-can-have-my-lovin-anytime/1465153724?i=1465153908&uo=4","https://music.apple.com/us/album/baby-you-can-have-my-lovin-anytime/1465153724?i=1465153908&uo=4","86306021","https://www.deezer.com/track/86306021","https://is1-ssl.mzstatic.com/image/thumb/Music123/v4/cf/aa/e2/cfaae270-bef2-4446-ec0b-ad5f20ddf4e7/2265.jpg/600x600bb.jpg","","verified_low_coverage_subgenre_depth","hi_nrg;Hi-NRG;curated_artist;playable_depth;low_coverage_subgenre_expansion_v21_20260820;itunes_verified;deezer_verified","catalog_depth","low_coverage_style_repair","published","high","Artista curado para Hi-NRG; artista exato, gravação e prévia verificados em Apple Music e Deezer."
"hi_nrg","Paul Parker","Love's on the Line","The Collection","","https://audio-ssl.itunes.apple.com/itunes-assets/AudioPreview125/v4/9e/8c/6e/9e8c6e52-4601-1bd2-0910-91aa2b398c29/mzaf_7672291260834188015.plus.aac.p.m4a","1992-01-01","370","","","","Hi-NRG","Paul Parker foi curado para ampliar a diversidade reproduzível de Hi-NRG.","low_coverage_subgenre_expansion_v21_20260820","","https://music.apple.com/us/album/loves-on-the-line/1465153724?i=1465153843&uo=4","https://music.apple.com/us/album/loves-on-the-line/1465153724?i=1465153843&uo=4","86306015","https://www.deezer.com/track/86306015","https://is1-ssl.mzstatic.com/image/thumb/Music123/v4/cf/aa/e2/cfaae270-bef2-4446-ec0b-ad5f20ddf4e7/2265.jpg/600x600bb.jpg","","verified_low_coverage_subgenre_depth","hi_nrg;Hi-NRG;curated_artist;playable_depth;low_coverage_subgenre_expansion_v21_20260820;itunes_verified;deezer_verified","catalog_depth","low_coverage_style_repair","published","high","Artista curado para Hi-NRG; artista exato, gravação e prévia verificados em Apple Music e Deezer."
"hi_nrg","Paul Parker","Right on Target","The Collection","","https://cdnt-preview.dzcdn.net/api/1/1/4/c/1/0/4c15edb48f6c05e4c186c030dd7283fd.mp3?hdnea=exp=1787243637~acl=/api/1/1/4/c/1/0/4c15edb48f6c05e4c186c030dd7283fd.mp3*~data=user_id=0,application_id=42~hmac=60d7228195eb7a1f820780e8ce6c913a579a2bd3df5180d75560418853144f8a","","380","","","","Hi-NRG","Paul Parker foi curado para ampliar a diversidade reproduzível de Hi-NRG.","low_coverage_subgenre_expansion_v21_20260820","","https://www.deezer.com/track/86306013","https://www.deezer.com/track/86306013","103207824","https://www.deezer.com/track/103207824","https://cdn-images.dzcdn.net/images/cover/1835abf163e8d9e35f0ad8897394c53e/500x500-000000-80-0-0.jpg","","verified_low_coverage_subgenre_depth","hi_nrg;Hi-NRG;curated_artist;playable_depth;low_coverage_subgenre_expansion_v21_20260820;deezer_verified","catalog_depth","low_coverage_style_repair","published","high","Artista curado para Hi-NRG; artista exato, gravação e prévia verificados em Deezer."
"hi_nrg","Paul Parker","Too Much to Dream","The Collection","","https://audio-ssl.itunes.apple.com/itunes-assets/AudioPreview125/v4/00/90/1d/00901d31-57eb-164f-5d27-b46f3d8f3f9b/mzaf_17852642763453418750.plus.aac.p.m4a","1992-01-01","355","","","","Hi-NRG","Paul Parker foi curado para ampliar a diversidade reproduzível de Hi-NRG.","low_coverage_subgenre_expansion_v21_20260820","","https://music.apple.com/us/album/too-much-to-dream/1465153724?i=1465153891&uo=4","https://music.apple.com/us/album/too-much-to-dream/1465153724?i=1465153891&uo=4","86306019","https://www.deezer.com/track/86306019","https://is1-ssl.mzstatic.com/image/thumb/Music123/v4/cf/aa/e2/cfaae270-bef2-4446-ec0b-ad5f20ddf4e7/2265.jpg/600x600bb.jpg","","verified_low_coverage_subgenre_depth","hi_nrg;Hi-NRG;curated_artist;playable_depth;low_coverage_subgenre_expansion_v21_20260820;itunes_verified;deezer_verified","catalog_depth","low_coverage_style_repair","published","high","Artista curado para Hi-NRG; artista exato, gravação e prévia verificados em Apple Music e Deezer."
"industrial_dance","Front Line Assembly","Antisocial","Gashed Senses & Crossfire","","https://cdnt-preview.dzcdn.net/api/1/1/a/3/d/0/a3d33133545602e33e71af0acf43f6a7.mp3?hdnea=exp=1787243783~acl=/api/1/1/a/3/d/0/a3d33133545602e33e71af0acf43f6a7.mp3*~data=user_id=0,application_id=42~hmac=1dd618d4e915934bbce121aec857da0c92d890e1b23fccd9ccd0a7adb7bc02c1","","273","","","","Industrial Dance","Front Line Assembly foi curado para ampliar a diversidade reproduzível de Industrial Dance.","low_coverage_subgenre_expansion_v21_20260820","","https://www.deezer.com/track/661179","https://www.deezer.com/track/661179","661179","https://www.deezer.com/track/661179","https://cdn-images.dzcdn.net/images/cover/f4401680dbad940d7cfe19a802580cdf/500x500-000000-80-0-0.jpg","","verified_low_coverage_subgenre_depth","industrial_dance;Industrial Dance;curated_artist;playable_depth;low_coverage_subgenre_expansion_v21_20260820","catalog_depth","low_coverage_style_repair","published","high","Artista curado para Industrial Dance; artista exato, gravação e prévia verificados no Deezer."
"industrial_dance","Front Line Assembly","Killing Grounds","Echogenetic","","https://audio-ssl.itunes.apple.com/itunes-assets/AudioPreview125/v4/9f/5b/2d/9f5b2d78-f9ce-fcae-464b-cccdf1c30426/mzaf_6220704698194882060.plus.aac.p.m4a","2013-07-09","359","","","","Industrial Dance","Front Line Assembly foi curado para ampliar a diversidade reproduzível de Industrial Dance.","low_coverage_subgenre_expansion_v21_20260820","","https://music.apple.com/us/album/killing-grounds/657561820?i=657561980&uo=4","https://music.apple.com/us/album/killing-grounds/657561820?i=657561980&uo=4","67946222","https://www.deezer.com/track/67946222","https://is1-ssl.mzstatic.com/image/thumb/Music123/v4/c8/64/06/c864064c-cf09-f130-37fb-d605116e845f/782388088565_Cover.jpg/600x600bb.jpg","","verified_low_coverage_subgenre_depth","industrial_dance;Industrial Dance;curated_artist;playable_depth;low_coverage_subgenre_expansion_v21_20260820;itunes_verified;deezer_verified","catalog_depth","low_coverage_style_repair","published","high","Artista curado para Industrial Dance; artista exato, gravação e prévia verificados em Apple Music e Deezer."
"industrial_dance","Front Line Assembly","Millennium","Millennium","","https://audio-ssl.itunes.apple.com/itunes-assets/AudioPreview125/v4/87/3c/d1/873cd1e1-7a52-c374-affd-ddd2f1ca268e/mzaf_9829752663267856225.plus.aac.p.m4a","1994-10-10","370","","","","Industrial Dance","Front Line Assembly foi curado para ampliar a diversidade reproduzível de Industrial Dance.","low_coverage_subgenre_expansion_v21_20260820","","https://music.apple.com/us/album/millennium/214404456?i=214404468&uo=4","https://music.apple.com/us/album/millennium/214404456?i=214404468&uo=4","720447","https://www.deezer.com/track/720447","https://is1-ssl.mzstatic.com/image/thumb/Music/fc/c4/33/mzi.lgwbaget.jpg/600x600bb.jpg","","verified_low_coverage_subgenre_depth","industrial_dance;Industrial Dance;curated_artist;playable_depth;low_coverage_subgenre_expansion_v21_20260820;itunes_verified;deezer_verified","catalog_depth","low_coverage_style_repair","published","high","Artista curado para Industrial Dance; artista exato, gravação e prévia verificados em Apple Music e Deezer."
"industrial_dance","Front Line Assembly","Rock Me Amadeus","Wake up the Coma","","https://cdnt-preview.dzcdn.net/api/1/1/e/a/6/0/ea6ebc909d2797f6334b9ef8d2ed640a.mp3?hdnea=exp=1787243783~acl=/api/1/1/e/a/6/0/ea6ebc909d2797f6334b9ef8d2ed640a.mp3*~data=user_id=0,application_id=42~hmac=e396e7f1224b54d6759596721352f879f9619c2467103d5cde9faa50f5636dab","","254","","","","Industrial Dance","Front Line Assembly foi curado para ampliar a diversidade reproduzível de Industrial Dance.","low_coverage_subgenre_expansion_v21_20260820","","https://www.deezer.com/track/604653792","https://www.deezer.com/track/604653792","604653792","https://www.deezer.com/track/604653792","https://cdn-images.dzcdn.net/images/cover/b344ebbc02e8f7cfb0ca7bb0a6b89bf7/500x500-000000-80-0-0.jpg","","verified_low_coverage_subgenre_depth","industrial_dance;Industrial Dance;curated_artist;playable_depth;low_coverage_subgenre_expansion_v21_20260820","catalog_depth","low_coverage_style_repair","published","high","Artista curado para Industrial Dance; artista exato, gravação e prévia verificados no Deezer."
"industrial_dance","KMFDM","I (Heart) You","Amnesia - EP","","https://audio-ssl.itunes.apple.com/itunes-assets/AudioPreview125/v4/82/0f/a1/820fa1a2-11b8-e346-e6e4-86c240ea045c/mzaf_8807188528742869935.plus.aac.p.m4a","2012-05-22","236","","","","Industrial Dance","KMFDM foi curado para ampliar a diversidade reproduzível de Industrial Dance.","low_coverage_subgenre_expansion_v21_20260820","","https://music.apple.com/us/album/i-heart-you/523546849?i=523546856&uo=4","https://music.apple.com/us/album/i-heart-you/523546849?i=523546856&uo=4","26301041","https://www.deezer.com/track/26301041","https://is1-ssl.mzstatic.com/image/thumb/Music113/v4/8f/f2/ae/8ff2aecd-8443-d871-257a-813a8c39d941/782388079860_Cover.jpg/600x600bb.jpg","","verified_low_coverage_subgenre_depth","industrial_dance;Industrial Dance;curated_artist;playable_depth;low_coverage_subgenre_expansion_v21_20260820;itunes_verified;deezer_verified","catalog_depth","low_coverage_style_repair","published","high","Artista curado para Industrial Dance; artista exato, gravação e prévia verificados em Apple Music e Deezer."
"industrial_dance","KMFDM","Juke-Joint Jezebel","Nihil","","https://audio-ssl.itunes.apple.com/itunes-assets/AudioPreview115/v4/66/c1/e5/66c1e524-6a64-ccd7-537b-e7e5a20120e1/mzaf_16510526598492807981.plus.aac.p.m4a","1995-04-04","340","","","","Industrial Dance","KMFDM foi curado para ampliar a diversidade reproduzível de Industrial Dance.","low_coverage_subgenre_expansion_v21_20260820","","https://music.apple.com/us/album/juke-joint-jezebel/413176758?i=413176799&uo=4","https://music.apple.com/us/album/juke-joint-jezebel/413176758?i=413176799&uo=4","34973531","https://www.deezer.com/track/34973531","https://is1-ssl.mzstatic.com/image/thumb/Music211/v4/d3/a0/a9/d3a0a98a-dc70-9641-76ea-13cc29a788a9/782388047562_Cover.jpg/600x600bb.jpg","","verified_low_coverage_subgenre_depth","industrial_dance;Industrial Dance;curated_artist;playable_depth;low_coverage_subgenre_expansion_v21_20260820;itunes_verified;deezer_verified","catalog_depth","low_coverage_style_repair","published","high","Artista curado para Industrial Dance; artista exato, gravação e prévia verificados em Apple Music e Deezer."
"industrial_dance","KMFDM","Kunst","Kunst","","https://cdnt-preview.dzcdn.net/api/1/1/0/3/d/0/03d96097658d81985759634881308cee.mp3?hdnea=exp=1787243780~acl=/api/1/1/0/3/d/0/03d96097658d81985759634881308cee.mp3*~data=user_id=0,application_id=42~hmac=1195056a35999ba343966b844c4c6227e28269749f2102cba3714fffd6acf515","","301","","","","Industrial Dance","KMFDM foi curado para ampliar a diversidade reproduzível de Industrial Dance.","low_coverage_subgenre_expansion_v21_20260820","","https://www.deezer.com/track/63558975","https://www.deezer.com/track/63558975","127191369","https://www.deezer.com/track/127191369","https://cdn-images.dzcdn.net/images/cover/0090027cadf4ead4473562137b46b6ff/500x500-000000-80-0-0.jpg","","verified_low_coverage_subgenre_depth","industrial_dance;Industrial Dance;curated_artist;playable_depth;low_coverage_subgenre_expansion_v21_20260820;deezer_verified","catalog_depth","low_coverage_style_repair","published","high","Artista curado para Industrial Dance; artista exato, gravação e prévia verificados em Deezer."
"industrial_dance","KMFDM","Megalomaniac","Symbols","","https://audio-ssl.itunes.apple.com/itunes-assets/AudioPreview125/v4/19/ae/2c/19ae2c34-075e-70e8-364f-9190c37aa89b/mzaf_1782980875217076405.plus.aac.p.m4a","1997-09-23","368","","","","Industrial Dance","KMFDM foi curado para ampliar a diversidade reproduzível de Industrial Dance.","low_coverage_subgenre_expansion_v21_20260820","","https://music.apple.com/us/album/megalomaniac/413148524?i=413148526&uo=4","https://music.apple.com/us/album/megalomaniac/413148524?i=413148526&uo=4","34994621","https://www.deezer.com/track/34994621","https://is1-ssl.mzstatic.com/image/thumb/Music126/v4/a4/39/bd/a439bdce-0884-726a-05f0-ce6285e847fa/782388048767_Cover.jpg/600x600bb.jpg","","verified_low_coverage_subgenre_depth","industrial_dance;Industrial Dance;curated_artist;playable_depth;low_coverage_subgenre_expansion_v21_20260820;itunes_verified;deezer_verified","catalog_depth","low_coverage_style_repair","published","high","Artista curado para Industrial Dance; artista exato, gravação e prévia verificados em Apple Music e Deezer."
"industrial_dance","Ministry","Burned Out","Burned Out","","https://cdnt-preview.dzcdn.net/api/1/1/d/2/a/0/d2a45d10c4f466abfb1461d6adea8ee3.mp3?hdnea=exp=1787243782~acl=/api/1/1/d/2/a/0/d2a45d10c4f466abfb1461d6adea8ee3.mp3*~data=user_id=0,application_id=42~hmac=4dfe493e1e1fb92a42f453a9e2b16e410c4292195472a2627a60132466543dd8","","364","","","","Industrial Dance","Ministry foi curado para ampliar a diversidade reproduzível de Industrial Dance.","low_coverage_subgenre_expansion_v21_20260820","","https://www.deezer.com/track/4151480202","https://www.deezer.com/track/4151480202","4151480202","https://www.deezer.com/track/4151480202","https://cdn-images.dzcdn.net/images/cover/cdf24b9d4f7efa7376a67abb170cadd3/500x500-000000-80-0-0.jpg","","verified_low_coverage_subgenre_depth","industrial_dance;Industrial Dance;curated_artist;playable_depth;low_coverage_subgenre_expansion_v21_20260820","catalog_depth","low_coverage_style_repair","published","high","Artista curado para Industrial Dance; artista exato, gravação e prévia verificados no Deezer."
"industrial_dance","Ministry","Just One Fix","Psalm 69: The Way to Succeed and the Way to Suck Eggs","","https://audio-ssl.itunes.apple.com/itunes-assets/AudioPreview115/v4/b3/92/d8/b392d8ab-96ca-804a-9d0e-3d51478114d8/mzaf_15645666998803330762.plus.aac.p.m4a","1992-07-14","310","","","","Industrial Dance","Ministry foi curado para ampliar a diversidade reproduzível de Industrial Dance.","low_coverage_subgenre_expansion_v21_20260820","","https://music.apple.com/us/album/just-one-fix/297744447?i=297744457&uo=4","https://music.apple.com/us/album/just-one-fix/297744447?i=297744457&uo=4","724886","https://www.deezer.com/track/724886","https://is1-ssl.mzstatic.com/image/thumb/Music114/v4/1a/7d/cf/1a7dcf89-0fa5-607f-a5be-f2dd0f0922e5/mzi.gkmvpsud.jpg/600x600bb.jpg","","verified_low_coverage_subgenre_depth","industrial_dance;Industrial Dance;curated_artist;playable_depth;low_coverage_subgenre_expansion_v21_20260820;itunes_verified;deezer_verified","catalog_depth","low_coverage_style_repair","published","high","Artista curado para Industrial Dance; artista exato, gravação e prévia verificados em Apple Music e Deezer."
"industrial_dance","Ministry","No W","Adios… Puta Madres","","https://cdnt-preview.dzcdn.net/api/1/1/7/3/b/0/73bd5bcafe1151956448496018e33d4c.mp3?hdnea=exp=1787243782~acl=/api/1/1/7/3/b/0/73bd5bcafe1151956448496018e33d4c.mp3*~data=user_id=0,application_id=42~hmac=fc1cd69fa13ca60731ae77c411008ae169f90dd40fe64856c017503abdf27767","","181","","","","Industrial Dance","Ministry foi curado para ampliar a diversidade reproduzível de Industrial Dance.","low_coverage_subgenre_expansion_v21_20260820","","https://www.deezer.com/track/4345328","https://www.deezer.com/track/4345328","3832482541","https://www.deezer.com/track/3832482541","https://cdn-images.dzcdn.net/images/cover/01a85a3a902daa655c245e667675722c/500x500-000000-80-0-0.jpg","","verified_low_coverage_subgenre_depth","industrial_dance;Industrial Dance;curated_artist;playable_depth;low_coverage_subgenre_expansion_v21_20260820;deezer_verified","catalog_depth","low_coverage_style_repair","published","high","Artista curado para Industrial Dance; artista exato, gravação e prévia verificados em Deezer."
"industrial_dance","Ministry","Stigmata","The Land of Rape and Honey","","https://audio-ssl.itunes.apple.com/itunes-assets/AudioPreview122/v4/8c/c6/07/8cc6070c-475b-8f82-5fbb-cbc63c70436f/mzaf_3029206815178444502.plus.aac.p.m4a","1988-10-11","345","","","","Industrial Dance","Ministry foi curado para ampliar a diversidade reproduzível de Industrial Dance.","low_coverage_subgenre_expansion_v21_20260820","","https://music.apple.com/us/album/stigmata/59390461?i=59390360&uo=4","https://music.apple.com/us/album/stigmata/59390461?i=59390360&uo=4","726926","https://www.deezer.com/track/726926","https://is1-ssl.mzstatic.com/image/thumb/Music/y2005/m04/d19/h16/s06.qhpqgptc.jpg/600x600bb.jpg","","verified_low_coverage_subgenre_depth","industrial_dance;Industrial Dance;curated_artist;playable_depth;low_coverage_subgenre_expansion_v21_20260820;itunes_verified;deezer_verified","catalog_depth","low_coverage_style_repair","published","high","Artista curado para Industrial Dance; artista exato, gravação e prévia verificados em Apple Music e Deezer."
"jersey_club","DJ Jayhood","Apologize","King","","https://audio-ssl.itunes.apple.com/itunes-assets/AudioPreview125/v4/cd/fe/1e/cdfe1e66-c1de-0af2-111b-46de360ec26a/mzaf_11241144868931432197.plus.aac.p.m4a","2017-03-24","134","","","","Jersey Club","DJ Jayhood foi curado para ampliar a diversidade reproduzível de Jersey Club.","low_coverage_subgenre_expansion_v21_20260820","","https://music.apple.com/us/album/apologize/1208712270?i=1208715766&uo=4","https://music.apple.com/us/album/apologize/1208712270?i=1208715766&uo=4","142716492","https://www.deezer.com/track/142716492","https://is1-ssl.mzstatic.com/image/thumb/Music111/v4/34/f0/b4/34f0b4b6-1095-8bda-009a-dbbc0d485b85/3663729017772_cover.jpg/600x600bb.jpg","","verified_low_coverage_subgenre_depth","jersey_club;Jersey Club;curated_artist;playable_depth;low_coverage_subgenre_expansion_v21_20260820;itunes_verified;deezer_verified","catalog_depth","low_coverage_style_repair","published","high","Artista curado para Jersey Club; artista exato, gravação e prévia verificados em Apple Music e Deezer."
"jersey_club","DJ Jayhood","Can't Be Friends","King","","https://audio-ssl.itunes.apple.com/itunes-assets/AudioPreview125/v4/0e/dd/57/0edd572b-243b-88bc-dc65-ac96d03f322a/mzaf_8068078499445772820.plus.aac.p.m4a","2017-03-24","100","","","","Jersey Club","DJ Jayhood foi curado para ampliar a diversidade reproduzível de Jersey Club.","low_coverage_subgenre_expansion_v21_20260820","","https://music.apple.com/us/album/cant-be-friends/1208712270?i=1208714774&uo=4","https://music.apple.com/us/album/cant-be-friends/1208712270?i=1208714774&uo=4","142716488","https://www.deezer.com/track/142716488","https://is1-ssl.mzstatic.com/image/thumb/Music111/v4/34/f0/b4/34f0b4b6-1095-8bda-009a-dbbc0d485b85/3663729017772_cover.jpg/600x600bb.jpg","","verified_low_coverage_subgenre_depth","jersey_club;Jersey Club;curated_artist;playable_depth;low_coverage_subgenre_expansion_v21_20260820;itunes_verified;deezer_verified","catalog_depth","low_coverage_style_repair","published","high","Artista curado para Jersey Club; artista exato, gravação e prévia verificados em Apple Music e Deezer."
"jersey_club","DJ Jayhood","Hands on Ya Hips","King","","https://cdnt-preview.dzcdn.net/api/1/1/f/6/7/0/f6711ab361554432f02260b4e14a01d6.mp3?hdnea=exp=1787243788~acl=/api/1/1/f/6/7/0/f6711ab361554432f02260b4e14a01d6.mp3*~data=user_id=0,application_id=42~hmac=01db5de427d2d864b518643cafc2b274c0a7e795eea51021444386d227f1c090","","152","","","","Jersey Club","DJ Jayhood foi curado para ampliar a diversidade reproduzível de Jersey Club.","low_coverage_subgenre_expansion_v21_20260820","","https://www.deezer.com/track/142716478","https://www.deezer.com/track/142716478","142716478","https://www.deezer.com/track/142716478","https://cdn-images.dzcdn.net/images/cover/bb4fb3a11544e79e6b19454db74ccbca/500x500-000000-80-0-0.jpg","","verified_low_coverage_subgenre_depth","jersey_club;Jersey Club;curated_artist;playable_depth;low_coverage_subgenre_expansion_v21_20260820","catalog_depth","low_coverage_style_repair","published","high","Artista curado para Jersey Club; artista exato, gravação e prévia verificados no Deezer."
"jersey_club","DJ Jayhood","Lie About Us","King","","https://audio-ssl.itunes.apple.com/itunes-assets/AudioPreview125/v4/34/d1/c2/34d1c25d-e22a-201d-ae4f-d94ff3d09288/mzaf_9927266341828937091.plus.aac.p.m4a","2017-03-24","102","","","","Jersey Club","DJ Jayhood foi curado para ampliar a diversidade reproduzível de Jersey Club.","low_coverage_subgenre_expansion_v21_20260820","","https://music.apple.com/us/album/lie-about-us/1208712270?i=1208717590&uo=4","https://music.apple.com/us/album/lie-about-us/1208712270?i=1208717590&uo=4","142716506","https://www.deezer.com/track/142716506","https://is1-ssl.mzstatic.com/image/thumb/Music111/v4/34/f0/b4/34f0b4b6-1095-8bda-009a-dbbc0d485b85/3663729017772_cover.jpg/600x600bb.jpg","","verified_low_coverage_subgenre_depth","jersey_club;Jersey Club;curated_artist;playable_depth;low_coverage_subgenre_expansion_v21_20260820;itunes_verified;deezer_verified","catalog_depth","low_coverage_style_repair","published","high","Artista curado para Jersey Club; artista exato, gravação e prévia verificados em Apple Music e Deezer."
"jersey_club","Nadus","Nxwxrk","Broke City - EP","","https://audio-ssl.itunes.apple.com/itunes-assets/AudioPreview115/v4/eb/14/26/eb1426d7-2acd-a920-b92a-72546c6de31b/mzaf_5729880147626373592.plus.aac.p.m4a","2014-05-27","204","","","","Jersey Club","Nadus foi curado para ampliar a diversidade reproduzível de Jersey Club.","low_coverage_subgenre_expansion_v21_20260820","","https://music.apple.com/us/album/nxwxrk/874933071?i=874933250&uo=4","https://music.apple.com/us/album/nxwxrk/874933071?i=874933250&uo=4","","","https://is1-ssl.mzstatic.com/image/thumb/Music6/v4/4c/0b/2c/4c0b2cdc-603c-a048-4df5-c7be4e6d3eb4/4050486913390_cover.jpg/600x600bb.jpg","","verified_low_coverage_subgenre_depth","jersey_club;Jersey Club;curated_artist;playable_depth;low_coverage_subgenre_expansion_v21_20260820;itunes_verified","catalog_depth","low_coverage_style_repair","published","high","Artista curado para Jersey Club; artista exato, gravação e prévia verificados em Apple Music."
"jersey_club","Nadus","Nxwxrk (Dj Sliink Remix)","Broke City (Deluxe)","","https://audio-ssl.itunes.apple.com/itunes-assets/AudioPreview125/v4/8b/e7/a5/8be7a54d-363d-bb53-5693-f1466641b7c0/mzaf_15527653383009055167.plus.aac.p.m4a","2015-10-16","264","","","","Jersey Club","Nadus foi curado para ampliar a diversidade reproduzível de Jersey Club.","low_coverage_subgenre_expansion_v21_20260820","","https://music.apple.com/us/album/nxwxrk-dj-sliink-remix/1298762050?i=1298763707&uo=4","https://music.apple.com/us/album/nxwxrk-dj-sliink-remix/1298762050?i=1298763707&uo=4","","","https://is1-ssl.mzstatic.com/image/thumb/Music118/v4/ba/e3/5f/bae35fa4-1884-0353-fe59-4984327e8fb8/040232304316_cover.jpg/600x600bb.jpg","","verified_low_coverage_subgenre_depth","jersey_club;Jersey Club;curated_artist;playable_depth;low_coverage_subgenre_expansion_v21_20260820","catalog_depth","low_coverage_style_repair","published","high","Artista curado para Jersey Club; artista exato, gravação e prévia verificados no Apple Music."
"jersey_club","Nadus","Scratchin Me Up","Iswayski Says Ur Good Bread","","https://audio-ssl.itunes.apple.com/itunes-assets/AudioPreview125/v4/db/eb/33/dbeb3322-939a-c1bc-0041-9e10732d820c/mzaf_1775029728128991216.plus.aac.p.m4a","2012-10-23","245","","","","Jersey Club","Nadus foi curado para ampliar a diversidade reproduzível de Jersey Club.","low_coverage_subgenre_expansion_v21_20260820","","https://music.apple.com/us/album/scratchin-me-up/567238930?i=567238935&uo=4","https://music.apple.com/us/album/scratchin-me-up/567238930?i=567238935&uo=4","","","https://is1-ssl.mzstatic.com/image/thumb/Music/v4/6f/17/6e/6f176e9f-90d4-28a1-1696-96ff6140a938/816769014512.jpg/600x600bb.jpg","","verified_low_coverage_subgenre_depth","jersey_club;Jersey Club;curated_artist;playable_depth;low_coverage_subgenre_expansion_v21_20260820","catalog_depth","low_coverage_style_repair","published","high","Artista curado para Jersey Club; artista exato, gravação e prévia verificados no Apple Music."
"jersey_club","Nadus","Sharpe James","Broke City (Deluxe)","","https://audio-ssl.itunes.apple.com/itunes-assets/AudioPreview125/v4/63/08/2e/63082e6d-02dc-cd7c-9966-52bd577cf24b/mzaf_16149802748958050996.plus.aac.p.m4a","2014-05-27","296","","","","Jersey Club","Nadus foi curado para ampliar a diversidade reproduzível de Jersey Club.","low_coverage_subgenre_expansion_v21_20260820","","https://music.apple.com/us/album/sharpe-james/1298762050?i=1298763411&uo=4","https://music.apple.com/us/album/sharpe-james/1298762050?i=1298763411&uo=4","","","https://is1-ssl.mzstatic.com/image/thumb/Music118/v4/ba/e3/5f/bae35fa4-1884-0353-fe59-4984327e8fb8/040232304316_cover.jpg/600x600bb.jpg","","verified_low_coverage_subgenre_depth","jersey_club;Jersey Club;curated_artist;playable_depth;low_coverage_subgenre_expansion_v21_20260820;itunes_verified","catalog_depth","low_coverage_style_repair","published","high","Artista curado para Jersey Club; artista exato, gravação e prévia verificados em Apple Music."
"jersey_club","R3LL","All 2 U (feat. Kiff)","All 2 U (feat. Kiff) (MERCE VIP)","","https://cdnt-preview.dzcdn.net/api/1/1/a/1/8/0/a186c82208515e613174fb77882ef28f.mp3?hdnea=exp=1787243786~acl=/api/1/1/a/1/8/0/a186c82208515e613174fb77882ef28f.mp3*~data=user_id=0,application_id=42~hmac=8ef0f7b43be21392a71fb36ef0cbdb363b2f36d23bad07cabf2365eb92a25e31","","272","","","","Jersey Club","R3LL foi curado para ampliar a diversidade reproduzível de Jersey Club.","low_coverage_subgenre_expansion_v21_20260820","","https://www.deezer.com/track/2458805015","https://www.deezer.com/track/2458805015","2458805015","https://www.deezer.com/track/2458805015","https://cdn-images.dzcdn.net/images/cover/2ff9ef4009eb3b215ad5dc888f6ebe0d/500x500-000000-80-0-0.jpg","","verified_low_coverage_subgenre_depth","jersey_club;Jersey Club;curated_artist;playable_depth;low_coverage_subgenre_expansion_v21_20260820","catalog_depth","low_coverage_style_repair","published","high","Artista curado para Jersey Club; artista exato, gravação e prévia verificados no Deezer."
"kosmische_musik","Ash Ra Tempel","Amboss 2","Ash Ra Tempel (Mixed Tracks)","","https://cdnt-preview.dzcdn.net/api/1/1/5/2/8/0/5281988548ad7e638a173c183fbf3203.mp3?hdnea=exp=1787243641~acl=/api/1/1/5/2/8/0/5281988548ad7e638a173c183fbf3203.mp3*~data=user_id=0,application_id=42~hmac=570398bea175287681c5c29c51a7082f755137a59af96cf7715dedae42341025","","346","","","","Kosmische Musik","Ash Ra Tempel foi curado para ampliar a diversidade reproduzível de Kosmische Musik.","low_coverage_subgenre_expansion_v21_20260820","","https://www.deezer.com/track/2493530871","https://www.deezer.com/track/2493530871","2493530871","https://www.deezer.com/track/2493530871","https://cdn-images.dzcdn.net/images/cover/2aec6c8667c7ffe000a388a36b90f29a/500x500-000000-80-0-0.jpg","","verified_low_coverage_subgenre_depth","kosmische_musik;Kosmische Musik;curated_artist;playable_depth;low_coverage_subgenre_expansion_v21_20260820","catalog_depth","low_coverage_style_repair","published","high","Artista curado para Kosmische Musik; artista exato, gravação e prévia verificados no Deezer."
"kosmische_musik","Ash Ra Tempel","Day-Dream","Starring Rosi","","https://cdnt-preview.dzcdn.net/api/1/1/d/2/8/0/d28c89a87121588dcd9b1a5a55f3dd12.mp3?hdnea=exp=1787243641~acl=/api/1/1/d/2/8/0/d28c89a87121588dcd9b1a5a55f3dd12.mp3*~data=user_id=0,application_id=42~hmac=36d2065afafdbdfa6b4534a41d137c716c0a65bcc17a25e7e24f7332233faa45","","324","","","","Kosmische Musik","Ash Ra Tempel foi curado para ampliar a diversidade reproduzível de Kosmische Musik.","low_coverage_subgenre_expansion_v21_20260820","","https://www.deezer.com/track/2651049102","https://www.deezer.com/track/2651049102","2651049102","https://www.deezer.com/track/2651049102","https://cdn-images.dzcdn.net/images/cover/8267fa5541d7e1fd7290f80b540e90f6/500x500-000000-80-0-0.jpg","","verified_low_coverage_subgenre_depth","kosmische_musik;Kosmische Musik;curated_artist;playable_depth;low_coverage_subgenre_expansion_v21_20260820","catalog_depth","low_coverage_style_repair","published","high","Artista curado para Kosmische Musik; artista exato, gravação e prévia verificados no Deezer."
"kosmische_musik","Ash Ra Tempel","Freak'n'Roll 3","Join Inn (Mixed Tracks)","","https://cdnt-preview.dzcdn.net/api/1/1/2/a/7/0/2a794f06a3615679e3d6f039af4a297c.mp3?hdnea=exp=1787243641~acl=/api/1/1/2/a/7/0/2a794f06a3615679e3d6f039af4a297c.mp3*~data=user_id=0,application_id=42~hmac=ac84c4a77176fddcac73f7557b4fbcdfb4bb2504d5e7a634dfd2fe287c77891b","","237","","","","Kosmische Musik","Ash Ra Tempel foi curado para ampliar a diversidade reproduzível de Kosmische Musik.","low_coverage_subgenre_expansion_v21_20260820","","https://www.deezer.com/track/2134373937","https://www.deezer.com/track/2134373937","2134373937","https://www.deezer.com/track/2134373937","https://cdn-images.dzcdn.net/images/cover/1251267b7bc576bf040a793b9db803b0/500x500-000000-80-0-0.jpg","","verified_low_coverage_subgenre_depth","kosmische_musik;Kosmische Musik;curated_artist;playable_depth;low_coverage_subgenre_expansion_v21_20260820","catalog_depth","low_coverage_style_repair","published","high","Artista curado para Kosmische Musik; artista exato, gravação e prévia verificados no Deezer."
"kosmische_musik","Ash Ra Tempel","Laughter Loving","Starring Rosi","","https://cdnt-preview.dzcdn.net/api/1/1/a/f/d/0/afd58d208cb091ae985a558df2629b5a.mp3?hdnea=exp=1787243641~acl=/api/1/1/a/f/d/0/afd58d208cb091ae985a558df2629b5a.mp3*~data=user_id=0,application_id=42~hmac=717075e3a07424c8cd3773348b3aa51836f325366c4ba06a4ee6cf2aa4d4dbec","","482","","","","Kosmische Musik","Ash Ra Tempel foi curado para ampliar a diversidade reproduzível de Kosmische Musik.","low_coverage_subgenre_expansion_v21_20260820","","https://www.deezer.com/track/2651049092","https://www.deezer.com/track/2651049092","2651049092","https://www.deezer.com/track/2651049092","https://cdn-images.dzcdn.net/images/cover/8267fa5541d7e1fd7290f80b540e90f6/500x500-000000-80-0-0.jpg","","verified_low_coverage_subgenre_depth","kosmische_musik;Kosmische Musik;curated_artist;playable_depth;low_coverage_subgenre_expansion_v21_20260820","catalog_depth","low_coverage_style_repair","published","high","Artista curado para Kosmische Musik; artista exato, gravação e prévia verificados no Deezer."
"kosmische_musik","NEU!","E-Musik","Neu! 75","","https://audio-ssl.itunes.apple.com/itunes-assets/AudioPreview115/v4/f1/38/a2/f138a2db-e1aa-c65e-0e48-d5a492848742/mzaf_7661983014759245199.plus.aac.p.m4a","1975-01-01","598","","","","Kosmische Musik","NEU! foi curado para ampliar a diversidade reproduzível de Kosmische Musik.","low_coverage_subgenre_expansion_v21_20260820","","https://music.apple.com/us/album/e-musik/566602425?i=566602531&uo=4","https://music.apple.com/us/album/e-musik/566602425?i=566602531&uo=4","2693568012","https://www.deezer.com/track/2693568012","https://is1-ssl.mzstatic.com/image/thumb/Music/v4/ec/19/50/ec195003-b168-1341-fa9f-042e2667c4ab/0724353078225.jpg/600x600bb.jpg","","verified_low_coverage_subgenre_depth","kosmische_musik;Kosmische Musik;curated_artist;playable_depth;low_coverage_subgenre_expansion_v21_20260820;itunes_verified;deezer_verified","catalog_depth","low_coverage_style_repair","published","high","Artista curado para Kosmische Musik; artista exato, gravação e prévia verificados em Apple Music e Deezer."
"kosmische_musik","NEU!","Hallogallo","Neu!","","https://audio-ssl.itunes.apple.com/itunes-assets/AudioPreview125/v4/43/ac/d5/43acd546-890b-fdd0-5d3b-0ebaa0a3299e/mzaf_15932360912249293535.plus.aac.p.m4a","1972-01-01","607","","","","Kosmische Musik","NEU! foi curado para ampliar a diversidade reproduzível de Kosmische Musik.","low_coverage_subgenre_expansion_v21_20260820","","https://music.apple.com/us/album/hallogallo/1538074924?i=1538074925&uo=4","https://music.apple.com/us/album/hallogallo/1538074924?i=1538074925&uo=4","1755213317","https://www.deezer.com/track/1755213317","https://is1-ssl.mzstatic.com/image/thumb/Music125/v4/72/31/44/72314446-ff57-09b0-bb05-0ca0c9b487df/634457040847.jpg/600x600bb.jpg","","verified_low_coverage_subgenre_depth","kosmische_musik;Kosmische Musik;curated_artist;playable_depth;low_coverage_subgenre_expansion_v21_20260820;itunes_verified;deezer_verified","catalog_depth","low_coverage_style_repair","published","high","Artista curado para Kosmische Musik; artista exato, gravação e prévia verificados em Apple Music e Deezer."
"kosmische_musik","NEU!","Isi","Neu! 75","","https://audio-ssl.itunes.apple.com/itunes-assets/AudioPreview125/v4/c3/a2/6e/c3a26efa-b7cf-d711-9c4f-b0981a976966/mzaf_15572079195092163622.plus.aac.p.m4a","1975-01-01","307","","","","Kosmische Musik","NEU! foi curado para ampliar a diversidade reproduzível de Kosmische Musik.","low_coverage_subgenre_expansion_v21_20260820","","https://music.apple.com/us/album/isi/566602425?i=566602526&uo=4","https://music.apple.com/us/album/isi/566602425?i=566602526&uo=4","2693567972","https://www.deezer.com/track/2693567972","https://is1-ssl.mzstatic.com/image/thumb/Music/v4/ec/19/50/ec195003-b168-1341-fa9f-042e2667c4ab/0724353078225.jpg/600x600bb.jpg","","verified_low_coverage_subgenre_depth","kosmische_musik;Kosmische Musik;curated_artist;playable_depth;low_coverage_subgenre_expansion_v21_20260820;itunes_verified;deezer_verified","catalog_depth","low_coverage_style_repair","published","high","Artista curado para Kosmische Musik; artista exato, gravação e prévia verificados em Apple Music e Deezer."
"kosmische_musik","NEU!","Weissensee","Neu!","","https://audio-ssl.itunes.apple.com/itunes-assets/AudioPreview125/v4/8d/09/2a/8d092a5b-34d4-87a4-cf2f-b9b05913cb62/mzaf_9090401741334915962.plus.aac.p.m4a","1972-01-01","407","","","","Kosmische Musik","NEU! foi curado para ampliar a diversidade reproduzível de Kosmische Musik.","low_coverage_subgenre_expansion_v21_20260820","","https://music.apple.com/us/album/weissensee/1538074924?i=1538075197&uo=4","https://music.apple.com/us/album/weissensee/1538074924?i=1538075197&uo=4","1814494027","https://www.deezer.com/track/1814494027","https://is1-ssl.mzstatic.com/image/thumb/Music125/v4/72/31/44/72314446-ff57-09b0-bb05-0ca0c9b487df/634457040847.jpg/600x600bb.jpg","","verified_low_coverage_subgenre_depth","kosmische_musik;Kosmische Musik;curated_artist;playable_depth;low_coverage_subgenre_expansion_v21_20260820;itunes_verified;deezer_verified","catalog_depth","low_coverage_style_repair","published","high","Artista curado para Kosmische Musik; artista exato, gravação e prévia verificados em Apple Music e Deezer."
"kosmische_musik","Popol Vuh","Abschied","Hosianna Mantra","","https://audio-ssl.itunes.apple.com/itunes-assets/AudioPreview221/v4/de/d5/6b/ded56be1-4153-f965-3710-27b531cce2e6/mzaf_11278121471356181710.plus.aac.p.m4a","1972-01-01","194","","","","Kosmische Musik","Popol Vuh foi curado para ampliar a diversidade reproduzível de Kosmische Musik.","low_coverage_subgenre_expansion_v21_20260820","","https://music.apple.com/us/album/abschied/1798553209?i=1798553421&uo=4","https://music.apple.com/us/album/abschied/1798553209?i=1798553421&uo=4","3250814811","https://www.deezer.com/track/3250814811","https://is1-ssl.mzstatic.com/image/thumb/Music221/v4/b7/30/67/b7306799-75b3-9302-18ef-8b8b4b1199ff/885890728049.jpg/600x600bb.jpg","","verified_low_coverage_subgenre_depth","kosmische_musik;Kosmische Musik;curated_artist;playable_depth;low_coverage_subgenre_expansion_v21_20260820;itunes_verified;deezer_verified","catalog_depth","low_coverage_style_repair","published","high","Artista curado para Kosmische Musik; artista exato, gravação e prévia verificados em Apple Music e Deezer."
"kosmische_musik","Popol Vuh","Aguirre II","Aguirre","","https://audio-ssl.itunes.apple.com/itunes-assets/AudioPreview211/v4/16/7e/d4/167ed498-6a06-db81-3589-c715abd25f44/mzaf_13105325666874683005.plus.aac.p.m4a","1970-01-01","376","","","","Kosmische Musik","Popol Vuh foi curado para ampliar a diversidade reproduzível de Kosmische Musik.","low_coverage_subgenre_expansion_v21_20260820","","https://music.apple.com/us/album/aguirre-ii/1805279798?i=1805279801&uo=4","https://music.apple.com/us/album/aguirre-ii/1805279798?i=1805279801&uo=4","3299489441","https://www.deezer.com/track/3299489441","https://is1-ssl.mzstatic.com/image/thumb/Music221/v4/fb/be/0c/fbbe0c42-5736-2183-43a8-ee6203c32d42/885890728087.jpg/600x600bb.jpg","","verified_low_coverage_subgenre_depth","kosmische_musik;Kosmische Musik;curated_artist;playable_depth;low_coverage_subgenre_expansion_v21_20260820;itunes_verified;deezer_verified","catalog_depth","low_coverage_style_repair","published","high","Artista curado para Kosmische Musik; artista exato, gravação e prévia verificados em Apple Music e Deezer."
"kosmische_musik","Popol Vuh","Blätter aus dem buch der kühnheit","Coeur De Verre (Original Motion Picture Soundtrack)","","https://cdnt-preview.dzcdn.net/api/1/1/6/3/d/0/63d81efea17ccc6eadee28bc2983671b.mp3?hdnea=exp=1787243642~acl=/api/1/1/6/3/d/0/63d81efea17ccc6eadee28bc2983671b.mp3*~data=user_id=0,application_id=42~hmac=589496b3fa1dc755ee1c01fa4238f228c928ec46172a63cef303705ed9df7eb6","","259","","","","Kosmische Musik","Popol Vuh foi curado para ampliar a diversidade reproduzível de Kosmische Musik.","low_coverage_subgenre_expansion_v21_20260820","","https://www.deezer.com/track/3297770301","https://www.deezer.com/track/3297770301","3297770301","https://www.deezer.com/track/3297770301","https://cdn-images.dzcdn.net/images/cover/a31b08c1cda81584d93d8ddd71f1f59e/500x500-000000-80-0-0.jpg","","verified_low_coverage_subgenre_depth","kosmische_musik;Kosmische Musik;curated_artist;playable_depth;low_coverage_subgenre_expansion_v21_20260820","catalog_depth","low_coverage_style_repair","published","high","Artista curado para Kosmische Musik; artista exato, gravação e prévia verificados no Deezer."
"kosmische_musik","Popol Vuh","Brüder des Schattens","Nosferatu (Original Motion Picture Soundtrack)","","https://audio-ssl.itunes.apple.com/itunes-assets/AudioPreview221/v4/04/69/3a/04693a51-dd54-975d-8779-bc32b48a34f9/mzaf_2867933629014719028.plus.aac.p.m4a","1970-01-01","344","","","","Kosmische Musik","Popol Vuh foi curado para ampliar a diversidade reproduzível de Kosmische Musik.","low_coverage_subgenre_expansion_v21_20260820","","https://music.apple.com/us/album/br%C3%BCder-des-schattens/1805005542?i=1805005546&uo=4","https://music.apple.com/us/album/br%C3%BCder-des-schattens/1805005542?i=1805005546&uo=4","3297770781","https://www.deezer.com/track/3297770781","https://is1-ssl.mzstatic.com/image/thumb/Music211/v4/ef/a6/5d/efa65dcc-9991-0e8c-5949-85c23c2eb02d/885890728278.jpg/600x600bb.jpg","","verified_low_coverage_subgenre_depth","kosmische_musik;Kosmische Musik;curated_artist;playable_depth;low_coverage_subgenre_expansion_v21_20260820;itunes_verified;deezer_verified","catalog_depth","low_coverage_style_repair","published","high","Artista curado para Kosmische Musik; artista exato, gravação e prévia verificados em Apple Music e Deezer."
"kuduro_eletronico","Os Lambas","Comboio II","Comboio II","","https://cdnt-preview.dzcdn.net/api/1/1/e/a/6/0/ea6339a8313f6aa0b10eb3730dddddac.mp3?hdnea=exp=1787243645~acl=/api/1/1/e/a/6/0/ea6339a8313f6aa0b10eb3730dddddac.mp3*~data=user_id=0,application_id=42~hmac=800a043ee56c30a2573eaf5180c576531834668b0f214d35417e8e2b723f2143","","287","","","","Kuduro Eletronico","Os Lambas foi curado para ampliar a diversidade reproduzível de Kuduro Eletronico.","low_coverage_subgenre_expansion_v21_20260820","","https://www.deezer.com/track/3652540862","https://www.deezer.com/track/3652540862","3652540862","https://www.deezer.com/track/3652540862","https://cdn-images.dzcdn.net/images/cover/ec0f0bce730c559bed1adb1cc2bf42d4/500x500-000000-80-0-0.jpg","","verified_low_coverage_subgenre_depth","kuduro_eletronico;Kuduro Eletronico;curated_artist;playable_depth;low_coverage_subgenre_expansion_v21_20260820","catalog_depth","low_coverage_style_repair","published","high","Artista curado para Kuduro Eletronico; artista exato, gravação e prévia verificados no Deezer."
"kuduro_eletronico","Os Lambas","Sobe","Sobe","","https://cdnt-preview.dzcdn.net/api/1/1/7/7/6/0/776e24ebda66e50beded398bf5af0405.mp3?hdnea=exp=1787243645~acl=/api/1/1/7/7/6/0/776e24ebda66e50beded398bf5af0405.mp3*~data=user_id=0,application_id=42~hmac=c67628e3c7bc0ea38bebe38d476ef1575e1f431cf0c9917855d5ed0abdd750d4","","230","","","","Kuduro Eletronico","Os Lambas foi curado para ampliar a diversidade reproduzível de Kuduro Eletronico.","low_coverage_subgenre_expansion_v21_20260820","","https://www.deezer.com/track/2058961217","https://www.deezer.com/track/2058961217","2058961217","https://www.deezer.com/track/2058961217","https://cdn-images.dzcdn.net/images/cover/4c28f70dc44e1993125b7fbd7bc1305d/500x500-000000-80-0-0.jpg","","verified_low_coverage_subgenre_depth","kuduro_eletronico;Kuduro Eletronico;curated_artist;playable_depth;low_coverage_subgenre_expansion_v21_20260820","catalog_depth","low_coverage_style_repair","published","high","Artista curado para Kuduro Eletronico; artista exato, gravação e prévia verificados no Deezer."
"kuduro_eletronico","Os Lambas","Sobe (Instrumental)","Sobe","","https://cdnt-preview.dzcdn.net/api/1/1/e/7/2/0/e72ab354a67c898c27c7365a2f4f26ca.mp3?hdnea=exp=1787243645~acl=/api/1/1/e/7/2/0/e72ab354a67c898c27c7365a2f4f26ca.mp3*~data=user_id=0,application_id=42~hmac=52b7f4f0d759772bc0f6afdae4df470c742d5cad238724ba08daec2caa695ed3","","223","","","","Kuduro Eletronico","Os Lambas foi curado para ampliar a diversidade reproduzível de Kuduro Eletronico.","low_coverage_subgenre_expansion_v21_20260820","","https://www.deezer.com/track/2058961227","https://www.deezer.com/track/2058961227","2058961227","https://www.deezer.com/track/2058961227","https://cdn-images.dzcdn.net/images/cover/4c28f70dc44e1993125b7fbd7bc1305d/500x500-000000-80-0-0.jpg","","verified_low_coverage_subgenre_depth","kuduro_eletronico;Kuduro Eletronico;curated_artist;playable_depth;low_coverage_subgenre_expansion_v21_20260820","catalog_depth","low_coverage_style_repair","published","high","Artista curado para Kuduro Eletronico; artista exato, gravação e prévia verificados no Deezer."
"kuduro_eletronico","Os Lambas","Stufa Lamba","Stufa Lamba (Mix Comboio)","","https://cdnt-preview.dzcdn.net/api/1/1/4/7/6/0/4763e092540e514005792f040477c6c2.mp3?hdnea=exp=1787243645~acl=/api/1/1/4/7/6/0/4763e092540e514005792f040477c6c2.mp3*~data=user_id=0,application_id=42~hmac=3258f8213e6e8aad11574fe1938a35bae68995db67963fb48827de223c22b15f","","300","","","","Kuduro Eletronico","Os Lambas foi curado para ampliar a diversidade reproduzível de Kuduro Eletronico.","low_coverage_subgenre_expansion_v21_20260820","","https://www.deezer.com/track/3285889781","https://www.deezer.com/track/3285889781","3285889781","https://www.deezer.com/track/3285889781","https://cdn-images.dzcdn.net/images/cover/099525a514a05af03ecf0806259fb5d8/500x500-000000-80-0-0.jpg","","verified_low_coverage_subgenre_depth","kuduro_eletronico;Kuduro Eletronico;curated_artist;playable_depth;low_coverage_subgenre_expansion_v21_20260820","catalog_depth","low_coverage_style_repair","published","high","Artista curado para Kuduro Eletronico; artista exato, gravação e prévia verificados no Deezer."
"kuduro_eletronico","Pongo","City Lights","City Lights","","https://cdnt-preview.dzcdn.net/api/1/1/1/6/f/0/16f763bd84578ead89c70fc1da7a6c57.mp3?hdnea=exp=1787243643~acl=/api/1/1/1/6/f/0/16f763bd84578ead89c70fc1da7a6c57.mp3*~data=user_id=0,application_id=42~hmac=ae23cdaef77216ffd8b76eae878ea13164e9ab0acb64efd7fecf62fe05d4c2c5","","322","","","","Kuduro Eletronico","Pongo foi curado para ampliar a diversidade reproduzível de Kuduro Eletronico.","low_coverage_subgenre_expansion_v21_20260820","","https://www.deezer.com/track/3046860791","https://www.deezer.com/track/3046860791","3046860791","https://www.deezer.com/track/3046860791","https://cdn-images.dzcdn.net/images/cover/38877378e5aaae8454fd144ab26f6d64/500x500-000000-80-0-0.jpg","","verified_low_coverage_subgenre_depth","kuduro_eletronico;Kuduro Eletronico;curated_artist;playable_depth;low_coverage_subgenre_expansion_v21_20260820","catalog_depth","low_coverage_style_repair","published","high","Artista curado para Kuduro Eletronico; artista exato, gravação e prévia verificados no Deezer."
"kuduro_eletronico","Pongo","Find Your Freedom","Find Your Freedom","","https://cdnt-preview.dzcdn.net/api/1/1/4/5/5/0/4552cac7eb1d7da0a77460df85e74983.mp3?hdnea=exp=1787243643~acl=/api/1/1/4/5/5/0/4552cac7eb1d7da0a77460df85e74983.mp3*~data=user_id=0,application_id=42~hmac=082ee8aee000bb5e5e4009e07e4a1c292253a77abf156d49a70a14cb28b3cd7b","","243","","","","Kuduro Eletronico","Pongo foi curado para ampliar a diversidade reproduzível de Kuduro Eletronico.","low_coverage_subgenre_expansion_v21_20260820","","https://www.deezer.com/track/3422421241","https://www.deezer.com/track/3422421241","3422421241","https://www.deezer.com/track/3422421241","https://cdn-images.dzcdn.net/images/cover/e3fb99e7d7816a39b361fed0765f8788/500x500-000000-80-0-0.jpg","","verified_low_coverage_subgenre_depth","kuduro_eletronico;Kuduro Eletronico;curated_artist;playable_depth;low_coverage_subgenre_expansion_v21_20260820","catalog_depth","low_coverage_style_repair","published","high","Artista curado para Kuduro Eletronico; artista exato, gravação e prévia verificados no Deezer."
"kuduro_eletronico","Pongo","Rotowash","Believe - EP","","https://cdnt-preview.dzcdn.net/api/1/1/8/f/6/0/8f609ef474b13de5c3a4efe48b607e0a.mp3?hdnea=exp=1787243643~acl=/api/1/1/8/f/6/0/8f609ef474b13de5c3a4efe48b607e0a.mp3*~data=user_id=0,application_id=42~hmac=44e3d48165df2589c3904ca60d6cde7fb0e3ed5aa174768cc8e98d0f037a43d1","","383","","","","Kuduro Eletronico","Pongo foi curado para ampliar a diversidade reproduzível de Kuduro Eletronico.","low_coverage_subgenre_expansion_v21_20260820","","https://www.deezer.com/track/2645226712","https://www.deezer.com/track/2645226712","2645226712","https://www.deezer.com/track/2645226712","https://cdn-images.dzcdn.net/images/cover/8d54806a8c8f4bd5e6bb2eb201291c0b/500x500-000000-80-0-0.jpg","","verified_low_coverage_subgenre_depth","kuduro_eletronico;Kuduro Eletronico;curated_artist;playable_depth;low_coverage_subgenre_expansion_v21_20260820","catalog_depth","low_coverage_style_repair","published","high","Artista curado para Kuduro Eletronico; artista exato, gravação e prévia verificados no Deezer."
"kuduro_eletronico","Titica","Giro de Bicicleta","Pra quê julgar","","https://cdnt-preview.dzcdn.net/api/1/1/9/e/4/0/9e4aeb2b44af3d8e9bd01706577d1b4a.mp3?hdnea=exp=1787243644~acl=/api/1/1/9/e/4/0/9e4aeb2b44af3d8e9bd01706577d1b4a.mp3*~data=user_id=0,application_id=42~hmac=01b36768419c0439df192bc658a8bc95ddf198b1b13613b083dda45d261fe994","","201","","","","Kuduro Eletronico","Titica foi curado para ampliar a diversidade reproduzível de Kuduro Eletronico.","low_coverage_subgenre_expansion_v21_20260820","","https://www.deezer.com/track/3265696861","https://www.deezer.com/track/3265696861","3265696861","https://www.deezer.com/track/3265696861","https://cdn-images.dzcdn.net/images/cover/3e8e6a85ec2f3c0ee154a3dfb0e336c1/500x500-000000-80-0-0.jpg","","verified_low_coverage_subgenre_depth","kuduro_eletronico;Kuduro Eletronico;curated_artist;playable_depth;low_coverage_subgenre_expansion_v21_20260820","catalog_depth","low_coverage_style_repair","published","high","Artista curado para Kuduro Eletronico; artista exato, gravação e prévia verificados no Deezer."
"kuduro_eletronico","Titica","Olha o Boneco","Chão","","https://cdnt-preview.dzcdn.net/api/1/1/1/2/6/0/1269d6580ff6a2272ebe8e22ea025499.mp3?hdnea=exp=1787243644~acl=/api/1/1/1/2/6/0/1269d6580ff6a2272ebe8e22ea025499.mp3*~data=user_id=0,application_id=42~hmac=32155450c13883a3146860b1ca5f56afbb339bd6220a86e8dd982545663d0048","","199","","","","Kuduro Eletronico","Titica foi curado para ampliar a diversidade reproduzível de Kuduro Eletronico.","low_coverage_subgenre_expansion_v21_20260820","","https://www.deezer.com/track/3265566331","https://www.deezer.com/track/3265566331","3265566331","https://www.deezer.com/track/3265566331","https://cdn-images.dzcdn.net/images/cover/15658a15098edb58dcaf532fecd8b8fd/500x500-000000-80-0-0.jpg","","verified_low_coverage_subgenre_depth","kuduro_eletronico;Kuduro Eletronico;curated_artist;playable_depth;low_coverage_subgenre_expansion_v21_20260820","catalog_depth","low_coverage_style_repair","published","high","Artista curado para Kuduro Eletronico; artista exato, gravação e prévia verificados no Deezer."
"kuduro_eletronico","Titica","Reza Madame","Pra quê julgar","","https://audio-ssl.itunes.apple.com/itunes-assets/AudioPreview221/v4/c7/40/d7/c740d705-6170-7b4d-2fd5-9b97c8153a6c/mzaf_10316145177595780373.plus.aac.p.m4a","2018-02-16","229","","","","Kuduro Eletronico","Titica foi curado para ampliar a diversidade reproduzível de Kuduro Eletronico.","low_coverage_subgenre_expansion_v21_20260820","","https://music.apple.com/us/album/reza-madame/1774284971?i=1774285279&uo=4","https://music.apple.com/us/album/reza-madame/1774284971?i=1774285279&uo=4","3265696771","https://www.deezer.com/track/3265696771","https://is1-ssl.mzstatic.com/image/thumb/Music211/v4/f3/35/87/f335874a-6e76-4efb-a944-7868212c0d1c/8447053229385.jpg/600x600bb.jpg","","verified_low_coverage_subgenre_depth","kuduro_eletronico;Kuduro Eletronico;curated_artist;playable_depth;low_coverage_subgenre_expansion_v21_20260820;itunes_verified;deezer_verified","catalog_depth","low_coverage_style_repair","published","high","Artista curado para Kuduro Eletronico; artista exato, gravação e prévia verificados em Apple Music e Deezer."
"kuduro_eletronico","Titica","Waya","Waya - Single","","https://audio-ssl.itunes.apple.com/itunes-assets/AudioPreview221/v4/0d/cf/b2/0dcfb227-65ea-6900-46cc-85116c34f065/mzaf_10053364821061867571.plus.aac.p.m4a","2021-12-03","195","","","","Kuduro Eletronico","Titica foi curado para ampliar a diversidade reproduzível de Kuduro Eletronico.","low_coverage_subgenre_expansion_v21_20260820","","https://music.apple.com/us/album/waya/1786259746?i=1786259747&uo=4","https://music.apple.com/us/album/waya/1786259746?i=1786259747&uo=4","3280811161","https://www.deezer.com/track/3280811161","https://is1-ssl.mzstatic.com/image/thumb/Music221/v4/0e/1c/82/0e1c8274-e870-9f4e-acc2-0096dbe370cd/8447053269879.jpg/600x600bb.jpg","","verified_low_coverage_subgenre_depth","kuduro_eletronico;Kuduro Eletronico;curated_artist;playable_depth;low_coverage_subgenre_expansion_v21_20260820;itunes_verified;deezer_verified","catalog_depth","low_coverage_style_repair","published","high","Artista curado para Kuduro Eletronico; artista exato, gravação e prévia verificados em Apple Music e Deezer."
"mainstage_techno","Hardwell","Eclipse","United We Are","","https://audio-ssl.itunes.apple.com/itunes-assets/AudioPreview125/v4/ff/0c/f9/ff0cf989-fa68-34cd-ca45-ce84328339c5/mzaf_15689060959125361963.plus.aac.p.m4a","2014-07-22","193","","","","Mainstage Techno","Hardwell foi curado para ampliar a diversidade reproduzível de Mainstage Techno.","low_coverage_subgenre_expansion_v21_20260820","","https://music.apple.com/us/album/eclipse/957609747?i=957609753&uo=4","https://music.apple.com/us/album/eclipse/957609747?i=957609753&uo=4","","","https://is1-ssl.mzstatic.com/image/thumb/Music3/v4/4e/70/f4/4e70f4cf-ad03-dfbc-d950-1414b377dfe6/0617465588655.jpg/600x600bb.jpg","","verified_low_coverage_subgenre_depth","mainstage_techno;Mainstage Techno;curated_artist;playable_depth;low_coverage_subgenre_expansion_v21_20260820","catalog_depth","low_coverage_style_repair","published","high","Artista curado para Mainstage Techno; artista exato, gravação e prévia verificados no Apple Music."
"mainstage_techno","Hardwell","Loneliness","Loneliness","","https://cdnt-preview.dzcdn.net/api/1/1/5/a/1/0/5a180c0052010f40e01961af85fdda8c.mp3?hdnea=exp=1787244157~acl=/api/1/1/5/a/1/0/5a180c0052010f40e01961af85fdda8c.mp3*~data=user_id=0,application_id=42~hmac=f3f24968c089bec5c26d383e5f155f5207e3b960e7c2dea3a36b24fa389cc73c","","163","","","","Mainstage Techno","Hardwell foi curado para ampliar a diversidade reproduzível de Mainstage Techno.","low_coverage_subgenre_expansion_v21_20260820","","https://www.deezer.com/track/2510746761","https://www.deezer.com/track/2510746761","2510746761","https://www.deezer.com/track/2510746761","https://cdn-images.dzcdn.net/images/cover/8222fec0af9e9b7a350971b3bf7c066d/500x500-000000-80-0-0.jpg","","verified_low_coverage_subgenre_depth","mainstage_techno;Mainstage Techno;curated_artist;playable_depth;low_coverage_subgenre_expansion_v21_20260820","catalog_depth","low_coverage_style_repair","published","high","Artista curado para Mainstage Techno; artista exato, gravação e prévia verificados no Deezer."
"mainstage_techno","Hardwell","Spaceman (Headhunterz Remix)","Hard With Style","","https://audio-ssl.itunes.apple.com/itunes-assets/AudioPreview221/v4/f2/a6/e3/f2a6e3b7-f7ad-c10b-232b-3643b121036f/mzaf_3425972629120423891.plus.aac.p.m4a","2012-10-24","342","","","","Mainstage Techno","Hardwell foi curado para ampliar a diversidade reproduzível de Mainstage Techno.","low_coverage_subgenre_expansion_v21_20260820","","https://music.apple.com/us/album/spaceman-headhunterz-remix/6803130635?i=6803132136&uo=4","https://music.apple.com/us/album/spaceman-headhunterz-remix/6803130635?i=6803132136&uo=4","","","https://is1-ssl.mzstatic.com/image/thumb/Music221/v4/55/9c/f7/559cf79c-9730-e326-37a9-2bbaf517fbf6/8715576226243_cover.jpg/600x600bb.jpg","","verified_low_coverage_subgenre_depth","mainstage_techno;Mainstage Techno;curated_artist;playable_depth;low_coverage_subgenre_expansion_v21_20260820","catalog_depth","low_coverage_style_repair","published","high","Artista curado para Mainstage Techno; artista exato, gravação e prévia verificados no Apple Music."
"mainstage_techno","Hardwell","Thinking About You (feat. Jay Sean)","Thinking About You (feat. Jay Sean) - Single","","https://audio-ssl.itunes.apple.com/itunes-assets/AudioPreview125/v4/ca/c3/5e/cac35ec8-141b-bb3d-e134-2ac9f790dddd/mzaf_18207683075296289396.plus.aac.p.m4a","2016-10-14","191","","","","Mainstage Techno","Hardwell foi curado para ampliar a diversidade reproduzível de Mainstage Techno.","low_coverage_subgenre_expansion_v21_20260820","","https://music.apple.com/us/album/thinking-about-you-feat-jay-sean/1164030237?i=1164030494&uo=4","https://music.apple.com/us/album/thinking-about-you-feat-jay-sean/1164030237?i=1164030494&uo=4","","","https://is1-ssl.mzstatic.com/image/thumb/Music125/v4/dd/0b/7c/dd0b7c3a-63fb-8eff-5b49-699429ab1ad4/dj.eimhbtva.jpg/600x600bb.jpg","","verified_low_coverage_subgenre_depth","mainstage_techno;Mainstage Techno;curated_artist;playable_depth;low_coverage_subgenre_expansion_v21_20260820","catalog_depth","low_coverage_style_repair","published","high","Artista curado para Mainstage Techno; artista exato, gravação e prévia verificados no Apple Music."
"mainstage_techno","HI-LO","Alien Technology","Alien Technology","","https://cdnt-preview.dzcdn.net/api/1/1/8/b/5/0/8b5d3ee294856988c5b3707fc4eaf332.mp3?hdnea=exp=1787243850~acl=/api/1/1/8/b/5/0/8b5d3ee294856988c5b3707fc4eaf332.mp3*~data=user_id=0,application_id=42~hmac=e7eeb75fcb2ea23511bdadd06ebffaf03be6f579af918c9b0307749ab9aee874","","252","","","","Mainstage Techno","HI-LO foi curado para ampliar a diversidade reproduzível de Mainstage Techno.","low_coverage_subgenre_expansion_v21_20260820","","https://www.deezer.com/track/461012002","https://www.deezer.com/track/461012002","461012002","https://www.deezer.com/track/461012002","https://cdn-images.dzcdn.net/images/cover/4416decd9133569c0d8bf6146a314ba9/500x500-000000-80-0-0.jpg","","verified_low_coverage_subgenre_depth","mainstage_techno;Mainstage Techno;curated_artist;playable_depth;low_coverage_subgenre_expansion_v21_20260820","catalog_depth","low_coverage_style_repair","published","high","Artista curado para Mainstage Techno; artista exato, gravação e prévia verificados no Deezer."
"mainstage_techno","HI-LO","Paradise","Paradise","","https://cdnt-preview.dzcdn.net/api/1/1/2/3/4/0/2341f828521f95a162349cb815256fdd.mp3?hdnea=exp=1787243850~acl=/api/1/1/2/3/4/0/2341f828521f95a162349cb815256fdd.mp3*~data=user_id=0,application_id=42~hmac=ea32366a6d47b2e7bf6cd040a2478555f0bba5672ffb627c99554035a6daa38d","","163","","","","Mainstage Techno","HI-LO foi curado para ampliar a diversidade reproduzível de Mainstage Techno.","low_coverage_subgenre_expansion_v21_20260820","","https://www.deezer.com/track/2960510881","https://www.deezer.com/track/2960510881","2960510881","https://www.deezer.com/track/2960510881","https://cdn-images.dzcdn.net/images/cover/d478699b77ce05fe906f264e03be7d60/500x500-000000-80-0-0.jpg","","verified_low_coverage_subgenre_depth","mainstage_techno;Mainstage Techno;curated_artist;playable_depth;low_coverage_subgenre_expansion_v21_20260820","catalog_depth","low_coverage_style_repair","published","high","Artista curado para Mainstage Techno; artista exato, gravação e prévia verificados no Deezer."
"mainstage_techno","HI-LO","Renegade Mastah","Renegade Mastah - Single","","https://audio-ssl.itunes.apple.com/itunes-assets/AudioPreview115/v4/05/e9/f6/05e9f6f7-2687-bc40-a34f-cb1f9b801b29/mzaf_16470244106432393211.plus.aac.p.m4a","2015-08-03","244","","","","Mainstage Techno","HI-LO foi curado para ampliar a diversidade reproduzível de Mainstage Techno.","low_coverage_subgenre_expansion_v21_20260820","","https://music.apple.com/us/album/renegade-mastah/1337152296?i=1337152509&uo=4","https://music.apple.com/us/album/renegade-mastah/1337152296?i=1337152509&uo=4","452740722","https://www.deezer.com/track/452740722","https://is1-ssl.mzstatic.com/image/thumb/Music125/v4/b9/6e/4a/b96e4a60-bed0-68ba-66bf-4bd8ccf1b136/8712944482676.jpg/600x600bb.jpg","","verified_low_coverage_subgenre_depth","mainstage_techno;Mainstage Techno;curated_artist;playable_depth;low_coverage_subgenre_expansion_v21_20260820;itunes_verified;deezer_verified","catalog_depth","low_coverage_style_repair","published","high","Artista curado para Mainstage Techno; artista exato, gravação e prévia verificados em Apple Music e Deezer."
"mainstage_techno","HI-LO","String Theory","String Theory","","https://cdnt-preview.dzcdn.net/api/1/1/b/1/6/0/b164c7be61f93af80f5644bca46c4280.mp3?hdnea=exp=1787243850~acl=/api/1/1/b/1/6/0/b164c7be61f93af80f5644bca46c4280.mp3*~data=user_id=0,application_id=42~hmac=0e003345f1ece2b19f9c473f7d9e7172fc8b315f8102d25c6c87407a2ac4404c","","261","","","","Mainstage Techno","HI-LO foi curado para ampliar a diversidade reproduzível de Mainstage Techno.","low_coverage_subgenre_expansion_v21_20260820","","https://www.deezer.com/track/1592166461","https://www.deezer.com/track/1592166461","1592166461","https://www.deezer.com/track/1592166461","https://cdn-images.dzcdn.net/images/cover/bd502ea222d28714f8c0cb7f9bfd6434/500x500-000000-80-0-0.jpg","","verified_low_coverage_subgenre_depth","mainstage_techno;Mainstage Techno;curated_artist;playable_depth;low_coverage_subgenre_expansion_v21_20260820","catalog_depth","low_coverage_style_repair","published","high","Artista curado para Mainstage Techno; artista exato, gravação e prévia verificados no Deezer."
"mainstage_techno","Maddix","Lethal Industry (feat. Tiësto) [Maddix Remix]","Lethal Industry (feat. Tiësto) [Maddix Remix] - Single","","https://audio-ssl.itunes.apple.com/itunes-assets/AudioPreview221/v4/5d/f0/d2/5df0d2ea-4d35-40cf-27e4-e70edb77ff77/mzaf_4945247842491354217.plus.aac.p.m4a","2021-10-22","190","","","","Mainstage Techno","Maddix foi curado para ampliar a diversidade reproduzível de Mainstage Techno.","low_coverage_subgenre_expansion_v21_20260820","","https://music.apple.com/us/album/lethal-industry-feat-ti%C3%ABsto-maddix-remix/1793817736?i=1793817898&uo=4","https://music.apple.com/us/album/lethal-industry-feat-ti%C3%ABsto-maddix-remix/1793817736?i=1793817898&uo=4","","","https://is1-ssl.mzstatic.com/image/thumb/Music211/v4/86/55/e2/8655e24e-e77a-cabd-29cd-d07d4ab26a08/8718525262699.jpg/600x600bb.jpg","","verified_low_coverage_subgenre_depth","mainstage_techno;Mainstage Techno;curated_artist;playable_depth;low_coverage_subgenre_expansion_v21_20260820","catalog_depth","low_coverage_style_repair","published","high","Artista curado para Mainstage Techno; artista exato, gravação e prévia verificados no Apple Music."
"mainstage_techno","Maddix","Open Sesame (Abracadabra) [feat. Leila K]","Global Awakening","","https://audio-ssl.itunes.apple.com/itunes-assets/AudioPreview211/v4/45/ea/9e/45ea9e18-03af-1d70-2dc2-e6aa8d7f0118/mzaf_2630803331311400182.plus.aac.p.m4a","2024-02-02","220","","","","Mainstage Techno","Maddix foi curado para ampliar a diversidade reproduzível de Mainstage Techno.","low_coverage_subgenre_expansion_v21_20260820","","https://music.apple.com/us/album/open-sesame-abracadabra-feat-leila-k/1782073769?i=1782073782&uo=4","https://music.apple.com/us/album/open-sesame-abracadabra-feat-leila-k/1782073769?i=1782073782&uo=4","","","https://is1-ssl.mzstatic.com/image/thumb/Music211/v4/88/e2/af/88e2afe9-44fe-cd08-1d10-4bd3f81a57c4/8721093736486.png/600x600bb.jpg","","verified_low_coverage_subgenre_depth","mainstage_techno;Mainstage Techno;curated_artist;playable_depth;low_coverage_subgenre_expansion_v21_20260820;itunes_verified","catalog_depth","low_coverage_style_repair","published","high","Artista curado para Mainstage Techno; artista exato, gravação e prévia verificados em Apple Music."
"mainstage_techno","Maddix","Open Sesame (Abracadabra) [feat. Leila K] [D - Block & S - Te - Fan Remix]","Open Sesame (Abracadabra) [feat. Leila K] [D - Block & S - Te - Fan Remix] - Single","","https://audio-ssl.itunes.apple.com/itunes-assets/AudioPreview221/v4/73/c1/08/73c10845-a390-4ac8-d8c5-d4e452488747/mzaf_4003235926624098166.plus.aac.p.m4a","2024-05-03","183","","","","Mainstage Techno","Maddix foi curado para ampliar a diversidade reproduzível de Mainstage Techno.","low_coverage_subgenre_expansion_v21_20260820","","https://music.apple.com/us/album/open-sesame-abracadabra-feat-leila-k-d-block-s-te-fan-remix/1746604116?i=1746604117&uo=4","https://music.apple.com/us/album/open-sesame-abracadabra-feat-leila-k-d-block-s-te-fan-remix/1746604116?i=1746604117&uo=4","","","https://is1-ssl.mzstatic.com/image/thumb/Music211/v4/8e/c0/9b/8ec09b78-39ca-a615-e347-ccee16259323/8720996892435.png/600x600bb.jpg","","verified_low_coverage_subgenre_depth","mainstage_techno;Mainstage Techno;curated_artist;playable_depth;low_coverage_subgenre_expansion_v21_20260820","catalog_depth","low_coverage_style_repair","published","high","Artista curado para Mainstage Techno; artista exato, gravação e prévia verificados no Apple Music."
"mainstage_techno","Maddix","Sound of the Underground","Sound of the Underground - Single","","https://audio-ssl.itunes.apple.com/itunes-assets/AudioPreview211/v4/6a/37/47/6a37478e-340b-fa3b-183c-32cd8b3ab933/mzaf_14190295377543408030.plus.aac.p.m4a","2025-01-17","186","","","","Mainstage Techno","Maddix foi curado para ampliar a diversidade reproduzível de Mainstage Techno.","low_coverage_subgenre_expansion_v21_20260820","","https://music.apple.com/us/album/sound-of-the-underground/1787567038?i=1787567040&uo=4","https://music.apple.com/us/album/sound-of-the-underground/1787567038?i=1787567040&uo=4","","","https://is1-ssl.mzstatic.com/image/thumb/Music221/v4/11/d5/17/11d51781-82a3-c87e-718b-47533237e06b/8721253912897.png/600x600bb.jpg","","verified_low_coverage_subgenre_depth","mainstage_techno;Mainstage Techno;curated_artist;playable_depth;low_coverage_subgenre_expansion_v21_20260820","catalog_depth","low_coverage_style_repair","published","high","Artista curado para Mainstage Techno; artista exato, gravação e prévia verificados no Apple Music."
"melodic_dubstep","Dabin","Flutters","Flutters","","https://cdnt-preview.dzcdn.net/api/1/1/7/b/c/0/7bc25009f45d2b57f25b4042c7eaf1d5.mp3?hdnea=exp=1787243791~acl=/api/1/1/7/b/c/0/7bc25009f45d2b57f25b4042c7eaf1d5.mp3*~data=user_id=0,application_id=42~hmac=7f27a13ee18fb0ed0efaadff4d144122704f2b683d5fa5a8a6ef9c18f9593173","","212","","","","Melodic Dubstep","Dabin foi curado para ampliar a diversidade reproduzível de Melodic Dubstep.","low_coverage_subgenre_expansion_v21_20260820","","https://www.deezer.com/track/4111703121","https://www.deezer.com/track/4111703121","4111703121","https://www.deezer.com/track/4111703121","https://cdn-images.dzcdn.net/images/cover/ce3f3c67d76e66a5ade0d0bca4ab54f3/500x500-000000-80-0-0.jpg","","verified_low_coverage_subgenre_depth","melodic_dubstep;Melodic Dubstep;curated_artist;playable_depth;low_coverage_subgenre_expansion_v21_20260820","catalog_depth","low_coverage_style_repair","published","high","Artista curado para Melodic Dubstep; artista exato, gravação e prévia verificados no Deezer."
"melodic_dubstep","Dabin","Hold (feat. Daniela Andrade)","Two Hearts","","https://audio-ssl.itunes.apple.com/itunes-assets/AudioPreview115/v4/50/62/40/506240e2-8c59-528b-cebc-0b0f7e7ba9d6/mzaf_12022199087198039059.plus.aac.p.m4a","2017-03-31","352","","","","Melodic Dubstep","Dabin foi curado para ampliar a diversidade reproduzível de Melodic Dubstep.","low_coverage_subgenre_expansion_v21_20260820","","https://music.apple.com/us/album/hold-feat-daniela-andrade/1204936824?i=1204936934&uo=4","https://music.apple.com/us/album/hold-feat-daniela-andrade/1204936824?i=1204936934&uo=4","124882804","https://www.deezer.com/track/124882804","https://is1-ssl.mzstatic.com/image/thumb/Music124/v4/f7/73/b1/f773b122-4831-9595-e234-a957785a9b5a/KAR126.jpg/600x600bb.jpg","","verified_low_coverage_subgenre_depth","melodic_dubstep;Melodic Dubstep;curated_artist;playable_depth;low_coverage_subgenre_expansion_v21_20260820;itunes_verified;deezer_verified","catalog_depth","low_coverage_style_repair","published","high","Artista curado para Melodic Dubstep; artista exato, gravação e prévia verificados em Apple Music e Deezer."
"melodic_dubstep","Dabin","In The End","In The End","","https://cdnt-preview.dzcdn.net/api/1/1/b/8/e/0/b8ea677e89f0773d6231ccd1c4b4424b.mp3?hdnea=exp=1787243791~acl=/api/1/1/b/8/e/0/b8ea677e89f0773d6231ccd1c4b4424b.mp3*~data=user_id=0,application_id=42~hmac=f0fea04e9741304b4df913ea5e6bf0444d0fd6fe7451978104630a7e4ab2cde6","","205","","","","Melodic Dubstep","Dabin foi curado para ampliar a diversidade reproduzível de Melodic Dubstep.","low_coverage_subgenre_expansion_v21_20260820","","https://www.deezer.com/track/2667287792","https://www.deezer.com/track/2667287792","2667287792","https://www.deezer.com/track/2667287792","https://cdn-images.dzcdn.net/images/cover/360c236b63538c38ff349a2c7bbefb4f/500x500-000000-80-0-0.jpg","","verified_low_coverage_subgenre_depth","melodic_dubstep;Melodic Dubstep;curated_artist;playable_depth;low_coverage_subgenre_expansion_v21_20260820","catalog_depth","low_coverage_style_repair","published","high","Artista curado para Melodic Dubstep; artista exato, gravação e prévia verificados no Deezer."
"melodic_dubstep","Dabin","Worlds Away","Worlds Away","","https://cdnt-preview.dzcdn.net/api/1/1/c/2/a/0/c2acc7bb9a2091419d82333b8fd821d2.mp3?hdnea=exp=1787243791~acl=/api/1/1/c/2/a/0/c2acc7bb9a2091419d82333b8fd821d2.mp3*~data=user_id=0,application_id=42~hmac=e37f11174dca6c442dc7219764e7f845d10cc7a7436a417dd9393a20e38e7a4b","","251","","","","Melodic Dubstep","Dabin foi curado para ampliar a diversidade reproduzível de Melodic Dubstep.","low_coverage_subgenre_expansion_v21_20260820","","https://www.deezer.com/track/2316113385","https://www.deezer.com/track/2316113385","2316113385","https://www.deezer.com/track/2316113385","https://cdn-images.dzcdn.net/images/cover/9e795b18a34339425437798d584b373b/500x500-000000-80-0-0.jpg","","verified_low_coverage_subgenre_depth","melodic_dubstep;Melodic Dubstep;curated_artist;playable_depth;low_coverage_subgenre_expansion_v21_20260820","catalog_depth","low_coverage_style_repair","published","high","Artista curado para Melodic Dubstep; artista exato, gravação e prévia verificados no Deezer."
"melodic_dubstep","MitiS","Life","Touch - EP","","https://audio-ssl.itunes.apple.com/itunes-assets/AudioPreview115/v4/be/11/cb/be11cb9c-4748-64be-eb0d-d3d5dfc12e77/mzaf_786372147790824602.plus.aac.p.m4a","2014-07-08","295","","","","Melodic Dubstep","MitiS foi curado para ampliar a diversidade reproduzível de Melodic Dubstep.","low_coverage_subgenre_expansion_v21_20260820","","https://music.apple.com/us/album/life/891574198?i=891574207&uo=4","https://music.apple.com/us/album/life/891574198?i=891574207&uo=4","","","https://is1-ssl.mzstatic.com/image/thumb/Music124/v4/d2/85/29/d28529e1-cc46-a7f0-8c0f-f8d7f5480104/BORN1.jpg/600x600bb.jpg","","verified_low_coverage_subgenre_depth","melodic_dubstep;Melodic Dubstep;curated_artist;playable_depth;low_coverage_subgenre_expansion_v21_20260820","catalog_depth","low_coverage_style_repair","published","high","Artista curado para Melodic Dubstep; artista exato, gravação e prévia verificados no Apple Music."
"melodic_dubstep","MitiS","Mercy","Mercy","","https://cdnt-preview.dzcdn.net/api/1/1/d/3/4/0/d342eb01f47ac03b7be316387aa0abd7.mp3?hdnea=exp=1787243792~acl=/api/1/1/d/3/4/0/d342eb01f47ac03b7be316387aa0abd7.mp3*~data=user_id=0,application_id=42~hmac=9f43141053b0f66f619a3a212aff40bce03d39b1e5d8007562417bd85491b0c6","","222","","","","Melodic Dubstep","MitiS foi curado para ampliar a diversidade reproduzível de Melodic Dubstep.","low_coverage_subgenre_expansion_v21_20260820","","https://www.deezer.com/track/2101303897","https://www.deezer.com/track/2101303897","2101303897","https://www.deezer.com/track/2101303897","https://cdn-images.dzcdn.net/images/cover/a7bb5021fcad61cd1beddce49ed0a596/500x500-000000-80-0-0.jpg","","verified_low_coverage_subgenre_depth","melodic_dubstep;Melodic Dubstep;curated_artist;playable_depth;low_coverage_subgenre_expansion_v21_20260820","catalog_depth","low_coverage_style_repair","published","high","Artista curado para Melodic Dubstep; artista exato, gravação e prévia verificados no Deezer."
"melodic_dubstep","MitiS","Moments (feat. Adara)","'til the End","","https://audio-ssl.itunes.apple.com/itunes-assets/AudioPreview116/v4/7b/22/3e/7b223ef2-de06-1568-d833-3a7468dfc053/mzaf_3058293620507169239.plus.aac.p.m4a","2017-12-11","278","","","","Melodic Dubstep","MitiS foi curado para ampliar a diversidade reproduzível de Melodic Dubstep.","low_coverage_subgenre_expansion_v21_20260820","","https://music.apple.com/us/album/moments-feat-adara/1701059497?i=1701059501&uo=4","https://music.apple.com/us/album/moments-feat-adara/1701059497?i=1701059501&uo=4","","","https://is1-ssl.mzstatic.com/image/thumb/Music116/v4/a5/9b/ef/a59bef2d-d781-7396-95c1-7d781b88d685/192641023088.png/600x600bb.jpg","","verified_low_coverage_subgenre_depth","melodic_dubstep;Melodic Dubstep;curated_artist;playable_depth;low_coverage_subgenre_expansion_v21_20260820","catalog_depth","low_coverage_style_repair","published","high","Artista curado para Melodic Dubstep; artista exato, gravação e prévia verificados no Apple Music."
"melodic_dubstep","MitiS","Take Me Back (feat. HYMNALS)","Through The Dark - EP","","https://audio-ssl.itunes.apple.com/itunes-assets/AudioPreview211/v4/b0/87/a6/b087a6f2-e1ca-1997-89ef-48de4c070fe9/mzaf_6021542807007793056.plus.aac.p.m4a","2026-03-13","220","","","","Melodic Dubstep","MitiS foi curado para ampliar a diversidade reproduzível de Melodic Dubstep.","low_coverage_subgenre_expansion_v21_20260820","","https://music.apple.com/us/album/take-me-back-feat-hymnals/1877885693?i=1877885697&uo=4","https://music.apple.com/us/album/take-me-back-feat-hymnals/1877885693?i=1877885697&uo=4","","","https://is1-ssl.mzstatic.com/image/thumb/Music211/v4/2b/f0/6b/2bf06b26-ffb8-65e0-f6d0-bbbf3117e4ef/656465050472_cover.jpg/600x600bb.jpg","","verified_low_coverage_subgenre_depth","melodic_dubstep;Melodic Dubstep;curated_artist;playable_depth;low_coverage_subgenre_expansion_v21_20260820","catalog_depth","low_coverage_style_repair","published","high","Artista curado para Melodic Dubstep; artista exato, gravação e prévia verificados no Apple Music."
"melodic_dubstep","Said The Sky","Affection","Wide-Eyed","","https://cdnt-preview.dzcdn.net/api/1/1/f/2/9/0/f299bfc3cb04c9c4d6dda37e7c96d7c2.mp3?hdnea=exp=1787243790~acl=/api/1/1/f/2/9/0/f299bfc3cb04c9c4d6dda37e7c96d7c2.mp3*~data=user_id=0,application_id=42~hmac=629944fdcede83ff433c24cf3fefc6003ebf67b47e894c15c5f38462101cdf31","","253","","","","Melodic Dubstep","Said The Sky foi curado para ampliar a diversidade reproduzível de Melodic Dubstep.","low_coverage_subgenre_expansion_v21_20260820","","https://www.deezer.com/track/2389370775","https://www.deezer.com/track/2389370775","2389370775","https://www.deezer.com/track/2389370775","https://cdn-images.dzcdn.net/images/cover/11543fba768d40a39dbc75cfaa695a1d/500x500-000000-80-0-0.jpg","","verified_low_coverage_subgenre_depth","melodic_dubstep;Melodic Dubstep;curated_artist;playable_depth;low_coverage_subgenre_expansion_v21_20260820","catalog_depth","low_coverage_style_repair","published","high","Artista curado para Melodic Dubstep; artista exato, gravação e prévia verificados no Deezer."
"melodic_dubstep","Said The Sky","Beautiful","Wide-Eyed","","https://cdnt-preview.dzcdn.net/api/1/1/3/1/b/0/31b4db8686fc50b46f07b6a7c3e5c445.mp3?hdnea=exp=1787243790~acl=/api/1/1/3/1/b/0/31b4db8686fc50b46f07b6a7c3e5c445.mp3*~data=user_id=0,application_id=42~hmac=7333319d3f5957404e3023361f109fda96e4321014138ed183a670073dff0ed4","","173","","","","Melodic Dubstep","Said The Sky foi curado para ampliar a diversidade reproduzível de Melodic Dubstep.","low_coverage_subgenre_expansion_v21_20260820","","https://www.deezer.com/track/2389370785","https://www.deezer.com/track/2389370785","2389370785","https://www.deezer.com/track/2389370785","https://cdn-images.dzcdn.net/images/cover/11543fba768d40a39dbc75cfaa695a1d/500x500-000000-80-0-0.jpg","","verified_low_coverage_subgenre_depth","melodic_dubstep;Melodic Dubstep;curated_artist;playable_depth;low_coverage_subgenre_expansion_v21_20260820","catalog_depth","low_coverage_style_repair","published","high","Artista curado para Melodic Dubstep; artista exato, gravação e prévia verificados no Deezer."
"melodic_dubstep","Said The Sky","Walk Me Home","Walk Me Home","","https://cdnt-preview.dzcdn.net/api/1/1/d/b/b/0/dbb4445e8f155d4b1504d85f3321ba8f.mp3?hdnea=exp=1787243790~acl=/api/1/1/d/b/b/0/dbb4445e8f155d4b1504d85f3321ba8f.mp3*~data=user_id=0,application_id=42~hmac=99282579d865035f167caa9e16d7da41ac546303ee88cee0273a2ab2e38a1509","","217","","","","Melodic Dubstep","Said The Sky foi curado para ampliar a diversidade reproduzível de Melodic Dubstep.","low_coverage_subgenre_expansion_v21_20260820","","https://www.deezer.com/track/1838724287","https://www.deezer.com/track/1838724287","1838724287","https://www.deezer.com/track/1838724287","https://cdn-images.dzcdn.net/images/cover/d517f5cad9c87e2126f2c13de7cf7677/500x500-000000-80-0-0.jpg","","verified_low_coverage_subgenre_depth","melodic_dubstep;Melodic Dubstep;curated_artist;playable_depth;low_coverage_subgenre_expansion_v21_20260820","catalog_depth","low_coverage_style_repair","published","high","Artista curado para Melodic Dubstep; artista exato, gravação e prévia verificados no Deezer."
"melodic_dubstep","Said The Sky","When The Light Breaks","When The Light Breaks","","https://cdnt-preview.dzcdn.net/api/1/1/b/e/e/0/beec23bb7409e05ca03f0c9653229bf5.mp3?hdnea=exp=1787243790~acl=/api/1/1/b/e/e/0/beec23bb7409e05ca03f0c9653229bf5.mp3*~data=user_id=0,application_id=42~hmac=1b3d099d95e4aa8170481b24df1a0750e17822a2fcae729a6be566f08495a083","","213","","","","Melodic Dubstep","Said The Sky foi curado para ampliar a diversidade reproduzível de Melodic Dubstep.","low_coverage_subgenre_expansion_v21_20260820","","https://www.deezer.com/track/4171127282","https://www.deezer.com/track/4171127282","4171127282","https://www.deezer.com/track/4171127282","https://cdn-images.dzcdn.net/images/cover/4b99d975afae9a1185ba67dc36b7fa4c/500x500-000000-80-0-0.jpg","","verified_low_coverage_subgenre_depth","melodic_dubstep;Melodic Dubstep;curated_artist;playable_depth;low_coverage_subgenre_expansion_v21_20260820","catalog_depth","low_coverage_style_repair","published","high","Artista curado para Melodic Dubstep; artista exato, gravação e prévia verificados no Deezer."
"melodic_house","Nora En Pure","In The Air Tonight","In The Air Tonight (Croatia Squad Remix)","","https://cdnt-preview.dzcdn.net/api/1/1/c/b/b/0/cbb1c64f5ae0aaf9f19649662705a996.mp3?hdnea=exp=1787243796~acl=/api/1/1/c/b/b/0/cbb1c64f5ae0aaf9f19649662705a996.mp3*~data=user_id=0,application_id=42~hmac=66d2e9d907d3dd6a0e812b540908f052858c92dc68fc7975c450da435722e9bc","","184","","","","Melodic House","Nora En Pure foi curado para ampliar a diversidade reproduzível de Melodic House.","low_coverage_subgenre_expansion_v21_20260820","","https://www.deezer.com/track/943708472","https://www.deezer.com/track/943708472","943708472","https://www.deezer.com/track/943708472","https://cdn-images.dzcdn.net/images/cover/d829e452dc0e25f7322fc216a3214a0d/500x500-000000-80-0-0.jpg","","verified_low_coverage_subgenre_depth","melodic_house;Melodic House;curated_artist;playable_depth;low_coverage_subgenre_expansion_v21_20260820","catalog_depth","low_coverage_style_repair","published","high","Artista curado para Melodic House; artista exato, gravação e prévia verificados no Deezer."
"melodic_house","Nora En Pure","In Your Eyes","In Your Eyes - Single","","https://audio-ssl.itunes.apple.com/itunes-assets/AudioPreview125/v4/99/1a/84/991a84f3-f3ad-0f80-166b-096d622f9a40/mzaf_17577018354309581160.plus.aac.p.m4a","2020-08-21","197","","","","Melodic House","Nora En Pure foi curado para ampliar a diversidade reproduzível de Melodic House.","low_coverage_subgenre_expansion_v21_20260820","","https://music.apple.com/us/album/in-your-eyes/1524826519?i=1524826806&uo=4","https://music.apple.com/us/album/in-your-eyes/1524826519?i=1524826806&uo=4","1031548452","https://www.deezer.com/track/1031548452","https://is1-ssl.mzstatic.com/image/thumb/Music124/v4/ca/b3/95/cab39572-5cc2-f22e-4a6b-23f265bd2715/cover.jpg/600x600bb.jpg","","verified_low_coverage_subgenre_depth","melodic_house;Melodic House;curated_artist;playable_depth;low_coverage_subgenre_expansion_v21_20260820;itunes_verified;deezer_verified","catalog_depth","low_coverage_style_repair","published","high","Artista curado para Melodic House; artista exato, gravação e prévia verificados em Apple Music e Deezer."
"melodic_house","Nora En Pure","Life on Hold","Life on Hold - Single","","https://audio-ssl.itunes.apple.com/itunes-assets/AudioPreview115/v4/7a/3a/57/7a3a5794-10e8-28e5-4059-44c875cf40df/mzaf_10619658163840243229.plus.aac.p.m4a","2021-09-03","208","","","","Melodic House","Nora En Pure foi curado para ampliar a diversidade reproduzível de Melodic House.","low_coverage_subgenre_expansion_v21_20260820","","https://music.apple.com/us/album/life-on-hold/1580768540?i=1580768541&uo=4","https://music.apple.com/us/album/life-on-hold/1580768540?i=1580768541&uo=4","1462481052","https://www.deezer.com/track/1462481052","https://is1-ssl.mzstatic.com/image/thumb/Music125/v4/ae/13/88/ae1388c4-7475-2658-50a0-5294f62fdcc2/cover.jpg/600x600bb.jpg","","verified_low_coverage_subgenre_depth","melodic_house;Melodic House;curated_artist;playable_depth;low_coverage_subgenre_expansion_v21_20260820;itunes_verified;deezer_verified","catalog_depth","low_coverage_style_repair","published","high","Artista curado para Melodic House; artista exato, gravação e prévia verificados em Apple Music e Deezer."
"melodic_house","Nora En Pure","Watermark","Watermark - Single","","https://audio-ssl.itunes.apple.com/itunes-assets/AudioPreview211/v4/7f/29/1c/7f291cde-1285-5008-abe8-52f5cc645d76/mzaf_15527853985309804214.plus.aac.p.m4a","2025-11-14","226","","","","Melodic House","Nora En Pure foi curado para ampliar a diversidade reproduzível de Melodic House.","low_coverage_subgenre_expansion_v21_20260820","","https://music.apple.com/us/album/watermark/1848316982?i=1848317254&uo=4","https://music.apple.com/us/album/watermark/1848316982?i=1848317254&uo=4","3618906412","https://www.deezer.com/track/3618906412","https://is1-ssl.mzstatic.com/image/thumb/Music211/v4/49/77/f4/4977f468-7896-1bae-adc7-f111d5dca19b/cover.jpg/600x600bb.jpg","","verified_low_coverage_subgenre_depth","melodic_house;Melodic House;curated_artist;playable_depth;low_coverage_subgenre_expansion_v21_20260820;itunes_verified;deezer_verified","catalog_depth","low_coverage_style_repair","published","high","Artista curado para Melodic House; artista exato, gravação e prévia verificados em Apple Music e Deezer."
"melodic_house","Tinlicker","Because You Move Me","Deep House Hits 2018","","https://cdnt-preview.dzcdn.net/api/1/1/1/b/c/0/1bc0f5bbad0445864359f4c5a66e7230.mp3?hdnea=exp=1787243793~acl=/api/1/1/1/b/c/0/1bc0f5bbad0445864359f4c5a66e7230.mp3*~data=user_id=0,application_id=42~hmac=570b2a320cdbacd93a1411f680e69733b21cf4e99e69664065d008a6415bc993","","196","","","","Melodic House","Tinlicker foi curado para ampliar a diversidade reproduzível de Melodic House.","low_coverage_subgenre_expansion_v21_20260820","","https://www.deezer.com/track/450914912","https://www.deezer.com/track/450914912","536271382","https://www.deezer.com/track/536271382","https://cdn-images.dzcdn.net/images/cover/9b9e2bb0f75b9a736031be680c965bf5/500x500-000000-80-0-0.jpg","","verified_low_coverage_subgenre_depth","melodic_house;Melodic House;curated_artist;playable_depth;low_coverage_subgenre_expansion_v21_20260820;deezer_verified","catalog_depth","low_coverage_style_repair","published","high","Artista curado para Melodic House; artista exato, gravação e prévia verificados em Deezer."
"melodic_house","Tinlicker","Bird Feeder","This Is Not Our Universe","","https://audio-ssl.itunes.apple.com/itunes-assets/AudioPreview125/v4/9f/ec/db/9fecdbae-6612-4444-c3be-9c2844c57e23/mzaf_4833500263077129811.plus.aac.p.m4a","2019-09-27","291","","","","Melodic House","Tinlicker foi curado para ampliar a diversidade reproduzível de Melodic House.","low_coverage_subgenre_expansion_v21_20260820","","https://music.apple.com/us/album/bird-feeder/1477169157?i=1477169158&uo=4","https://music.apple.com/us/album/bird-feeder/1477169157?i=1477169158&uo=4","759179182","https://www.deezer.com/track/759179182","https://is1-ssl.mzstatic.com/image/thumb/Music125/v4/6e/fe/19/6efe19c6-6c6b-2857-75d4-9520f36fb17b/5039060432099.png/600x600bb.jpg","","verified_low_coverage_subgenre_depth","melodic_house;Melodic House;curated_artist;playable_depth;low_coverage_subgenre_expansion_v21_20260820;itunes_verified;deezer_verified","catalog_depth","low_coverage_style_repair","published","high","Artista curado para Melodic House; artista exato, gravação e prévia verificados em Apple Music e Deezer."
"melodic_house","Tinlicker","Children","Children (Single)","","https://cdnt-preview.dzcdn.net/api/1/1/c/f/3/0/cf3154b35b662dfd2808443e35b80de1.mp3?hdnea=exp=1787243793~acl=/api/1/1/c/f/3/0/cf3154b35b662dfd2808443e35b80de1.mp3*~data=user_id=0,application_id=42~hmac=8c19d7caf6a3d4aa6a623a1ebef14a0b16b52dac73b76141fceca8199c78d6d5","","245","","","","Melodic House","Tinlicker foi curado para ampliar a diversidade reproduzível de Melodic House.","low_coverage_subgenre_expansion_v21_20260820","","https://www.deezer.com/track/1168110032","https://www.deezer.com/track/1168110032","1168110042","https://www.deezer.com/track/1168110042","https://cdn-images.dzcdn.net/images/cover/c58c8a05270e658e84564e514a5b1ec7/500x500-000000-80-0-0.jpg","","verified_low_coverage_subgenre_depth","melodic_house;Melodic House;curated_artist;playable_depth;low_coverage_subgenre_expansion_v21_20260820;deezer_verified","catalog_depth","low_coverage_style_repair","published","high","Artista curado para Melodic House; artista exato, gravação e prévia verificados em Deezer."
"melodic_house","Tinlicker","Fractal","This Is Not Our Universe","","https://audio-ssl.itunes.apple.com/itunes-assets/AudioPreview125/v4/36/68/d2/3668d224-e35c-b1c3-d84a-633ee02ad2da/mzaf_1556489467308291238.plus.aac.p.m4a","2019-09-27","317","","","","Melodic House","Tinlicker foi curado para ampliar a diversidade reproduzível de Melodic House.","low_coverage_subgenre_expansion_v21_20260820","","https://music.apple.com/us/album/fractal/1477169157?i=1477169165&uo=4","https://music.apple.com/us/album/fractal/1477169157?i=1477169165&uo=4","759179252","https://www.deezer.com/track/759179252","https://is1-ssl.mzstatic.com/image/thumb/Music125/v4/6e/fe/19/6efe19c6-6c6b-2857-75d4-9520f36fb17b/5039060432099.png/600x600bb.jpg","","verified_low_coverage_subgenre_depth","melodic_house;Melodic House;curated_artist;playable_depth;low_coverage_subgenre_expansion_v21_20260820;itunes_verified;deezer_verified","catalog_depth","low_coverage_style_repair","published","high","Artista curado para Melodic House; artista exato, gravação e prévia verificados em Apple Music e Deezer."
"melodic_house","Yotto","Deep Dive","Deep Dive","","https://cdnt-preview.dzcdn.net/api/1/1/d/e/7/0/de778eeb469d175c96141eacf3ba3a04.mp3?hdnea=exp=1787243794~acl=/api/1/1/d/e/7/0/de778eeb469d175c96141eacf3ba3a04.mp3*~data=user_id=0,application_id=42~hmac=c8cdb76580d41ba0448cce8764d3e138189e7b4c349f9fd869536f8b16e6bb3e","","220","","","","Melodic House","Yotto foi curado para ampliar a diversidade reproduzível de Melodic House.","low_coverage_subgenre_expansion_v21_20260820","","https://www.deezer.com/track/4160548372","https://www.deezer.com/track/4160548372","4160548372","https://www.deezer.com/track/4160548372","https://cdn-images.dzcdn.net/images/cover/747a004394363f59db76c6bf1e88fb1d/500x500-000000-80-0-0.jpg","","verified_low_coverage_subgenre_depth","melodic_house;Melodic House;curated_artist;playable_depth;low_coverage_subgenre_expansion_v21_20260820","catalog_depth","low_coverage_style_repair","published","high","Artista curado para Melodic House; artista exato, gravação e prévia verificados no Deezer."
"melodic_house","Yotto","No Ending","No Ending (Nils Hoffmann Remix)","","https://cdnt-preview.dzcdn.net/api/1/1/a/3/4/0/a3473bdc6728c5055a24ac1ff190a178.mp3?hdnea=exp=1787243794~acl=/api/1/1/a/3/4/0/a3473bdc6728c5055a24ac1ff190a178.mp3*~data=user_id=0,application_id=42~hmac=e7de9c855a5caeefcb588730bdb41cd0284ec449960cb1fc79f59c1f9c1e1673","","259","","","","Melodic House","Yotto foi curado para ampliar a diversidade reproduzível de Melodic House.","low_coverage_subgenre_expansion_v21_20260820","","https://www.deezer.com/track/2421154195","https://www.deezer.com/track/2421154195","2421154215","https://www.deezer.com/track/2421154215","https://cdn-images.dzcdn.net/images/cover/ae0955c67905f5dd8ef4ebdda1dadb3a/500x500-000000-80-0-0.jpg","","verified_low_coverage_subgenre_depth","melodic_house;Melodic House;curated_artist;playable_depth;low_coverage_subgenre_expansion_v21_20260820;deezer_verified","catalog_depth","low_coverage_style_repair","published","high","Artista curado para Melodic House; artista exato, gravação e prévia verificados em Deezer."
"melodic_house","Yotto","Rhythm (Of The Night) [ABGT501]","Group Therapy 501","","https://cdnt-preview.dzcdn.net/api/1/1/4/c/6/0/4c6bccf4cb332ef416c42c0540299f94.mp3?hdnea=exp=1787243794~acl=/api/1/1/4/c/6/0/4c6bccf4cb332ef416c42c0540299f94.mp3*~data=user_id=0,application_id=42~hmac=9e030633ecc1dbe5788872d984fd60111cf5a1d63ebdea7cde9a5098c4eee05d","","298","","","","Melodic House","Yotto foi curado para ampliar a diversidade reproduzível de Melodic House.","low_coverage_subgenre_expansion_v21_20260820","","https://www.deezer.com/track/1977605327","https://www.deezer.com/track/1977605327","1977605327","https://www.deezer.com/track/1977605327","https://cdn-images.dzcdn.net/images/cover/cdd495365c5130c1fc634c2b848874a2/500x500-000000-80-0-0.jpg","","verified_low_coverage_subgenre_depth","melodic_house;Melodic House;curated_artist;playable_depth;low_coverage_subgenre_expansion_v21_20260820","catalog_depth","low_coverage_style_repair","published","high","Artista curado para Melodic House; artista exato, gravação e prévia verificados no Deezer."
"melodic_house","Yotto","Skin","Skin","","https://cdnt-preview.dzcdn.net/api/1/1/8/8/7/0/887a18a0b7f577ddf6fc1edba570070c.mp3?hdnea=exp=1787243794~acl=/api/1/1/8/8/7/0/887a18a0b7f577ddf6fc1edba570070c.mp3*~data=user_id=0,application_id=42~hmac=f55dfab95f9776ff0d746d85a19de7e0fb19ae0b903e678e702b37653b0199cb","","445","","","","Melodic House","Yotto foi curado para ampliar a diversidade reproduzível de Melodic House.","low_coverage_subgenre_expansion_v21_20260820","","https://www.deezer.com/track/2452134775","https://www.deezer.com/track/2452134775","2452134765","https://www.deezer.com/track/2452134765","https://cdn-images.dzcdn.net/images/cover/218d2cb8ae775bb4ba5127123c767648/500x500-000000-80-0-0.jpg","","verified_low_coverage_subgenre_depth","melodic_house;Melodic House;curated_artist;playable_depth;low_coverage_subgenre_expansion_v21_20260820;deezer_verified","catalog_depth","low_coverage_style_repair","published","high","Artista curado para Melodic House; artista exato, gravação e prévia verificados em Deezer."
"microsound","Oval","Commerce Server","94 Diskont","","https://audio-ssl.itunes.apple.com/itunes-assets/AudioPreview115/v4/35/f1/8f/35f18f55-cd61-2017-1097-b2ac90f06921/mzaf_3495527310225567846.plus.aac.p.m4a","1995-01-01","297","","","","Microsound","Oval foi curado para ampliar a diversidade reproduzível de Microsound.","low_coverage_subgenre_expansion_v21_20260820","","https://music.apple.com/us/album/commerce-server/5506844?i=5506838&uo=4","https://music.apple.com/us/album/commerce-server/5506844?i=5506838&uo=4","491676092","https://www.deezer.com/track/491676092","https://is1-ssl.mzstatic.com/image/thumb/Music114/v4/8b/4c/22/8b4c2238-59d8-fd11-394a-89d6346c2ab7/dj.txpkedlp.jpg/600x600bb.jpg","","verified_low_coverage_subgenre_depth","microsound;Microsound;curated_artist;playable_depth;low_coverage_subgenre_expansion_v21_20260820;itunes_verified;deezer_verified","catalog_depth","low_coverage_style_repair","published","high","Artista curado para Microsound; artista exato, gravação e prévia verificados em Apple Music e Deezer."
"microsound","Oval","Compact Disc","Systemisch","","https://audio-ssl.itunes.apple.com/itunes-assets/AudioPreview125/v4/99/ef/db/99efdbdb-335f-c4bb-a8e6-14879e956b1e/mzaf_818830488366700709.plus.aac.p.m4a","1994-01-01","396","","","","Microsound","Oval foi curado para ampliar a diversidade reproduzível de Microsound.","low_coverage_subgenre_expansion_v21_20260820","","https://music.apple.com/us/album/compact-disc/1169216481?i=1169216497&uo=4","https://music.apple.com/us/album/compact-disc/1169216481?i=1169216497&uo=4","","","https://is1-ssl.mzstatic.com/image/thumb/Music71/v4/dc/e0/e0/dce0e0a2-0a17-79da-21ef-c4c6fb560803/032_1500.jpg/600x600bb.jpg","","verified_low_coverage_subgenre_depth","microsound;Microsound;curated_artist;playable_depth;low_coverage_subgenre_expansion_v21_20260820","catalog_depth","low_coverage_style_repair","published","high","Artista curado para Microsound; artista exato, gravação e prévia verificados no Apple Music."
"microsound","Oval","Do While","94 Diskont","","https://audio-ssl.itunes.apple.com/itunes-assets/AudioPreview125/v4/92/02/80/920280c4-1472-9f4c-01b7-f8a15ecda13c/mzaf_12774043249733056477.plus.aac.p.m4a","1995-01-01","291","","","","Microsound","Oval foi curado para ampliar a diversidade reproduzível de Microsound.","low_coverage_subgenre_expansion_v21_20260820","","https://music.apple.com/us/album/do-while/5506844?i=5506842&uo=4","https://music.apple.com/us/album/do-while/5506844?i=5506842&uo=4","","","https://is1-ssl.mzstatic.com/image/thumb/Music114/v4/8b/4c/22/8b4c2238-59d8-fd11-394a-89d6346c2ab7/dj.txpkedlp.jpg/600x600bb.jpg","","verified_low_coverage_subgenre_depth","microsound;Microsound;curated_artist;playable_depth;low_coverage_subgenre_expansion_v21_20260820","catalog_depth","low_coverage_style_repair","published","high","Artista curado para Microsound; artista exato, gravação e prévia verificados no Apple Music."
"microsound","Oval","Line Extension","94 Diskont","","https://audio-ssl.itunes.apple.com/itunes-assets/AudioPreview115/v4/e9/a9/61/e9a96191-3e5d-229a-37ea-ce23675d74ab/mzaf_11404861146415425142.plus.aac.p.m4a","1995-01-01","186","","","","Microsound","Oval foi curado para ampliar a diversidade reproduzível de Microsound.","low_coverage_subgenre_expansion_v21_20260820","","https://music.apple.com/us/album/line-extension/5506844?i=5506834&uo=4","https://music.apple.com/us/album/line-extension/5506844?i=5506834&uo=4","","","https://is1-ssl.mzstatic.com/image/thumb/Music114/v4/8b/4c/22/8b4c2238-59d8-fd11-394a-89d6346c2ab7/dj.txpkedlp.jpg/600x600bb.jpg","","verified_low_coverage_subgenre_depth","microsound;Microsound;curated_artist;playable_depth;low_coverage_subgenre_expansion_v21_20260820","catalog_depth","low_coverage_style_repair","published","high","Artista curado para Microsound; artista exato, gravação e prévia verificados no Apple Music."
"microsound","Pan Sonic","Keskeisvoima","Kesto","","https://audio-ssl.itunes.apple.com/itunes-assets/AudioPreview115/v4/4b/5e/b5/4b5eb5e1-2806-f8da-f445-b2316d68e6d5/mzaf_6120169357972173164.plus.aac.p.m4a","1997-01-01","530","","","","Microsound","Pan Sonic foi curado para ampliar a diversidade reproduzível de Microsound.","low_coverage_subgenre_expansion_v21_20260820","","https://music.apple.com/us/album/keskeisvoima/828001268?i=828001343&uo=4","https://music.apple.com/us/album/keskeisvoima/828001268?i=828001343&uo=4","73105638","https://www.deezer.com/track/73105638","https://is1-ssl.mzstatic.com/image/thumb/Music/v4/3c/91/94/3c919411-69e0-590a-3ee3-0e0fbb61f174/724596924358.jpg/600x600bb.jpg","","verified_low_coverage_subgenre_depth","microsound;Microsound;curated_artist;playable_depth;low_coverage_subgenre_expansion_v21_20260820;itunes_verified;deezer_verified","catalog_depth","low_coverage_style_repair","published","high","Artista curado para Microsound; artista exato, gravação e prévia verificados em Apple Music e Deezer."
"microsound","Pan Sonic","Rahina I","Kesto","","https://audio-ssl.itunes.apple.com/itunes-assets/AudioPreview115/v4/80/4c/f2/804cf202-1953-ce9d-396f-b0e32290569d/mzaf_11442462156040289564.plus.aac.p.m4a","1997-01-01","168","","","","Microsound","Pan Sonic foi curado para ampliar a diversidade reproduzível de Microsound.","low_coverage_subgenre_expansion_v21_20260820","","https://music.apple.com/us/album/rahina-i/828001268?i=828001333&uo=4","https://music.apple.com/us/album/rahina-i/828001268?i=828001333&uo=4","73105631","https://www.deezer.com/track/73105631","https://is1-ssl.mzstatic.com/image/thumb/Music/v4/3c/91/94/3c919411-69e0-590a-3ee3-0e0fbb61f174/724596924358.jpg/600x600bb.jpg","","verified_low_coverage_subgenre_depth","microsound;Microsound;curated_artist;playable_depth;low_coverage_subgenre_expansion_v21_20260820;itunes_verified;deezer_verified","catalog_depth","low_coverage_style_repair","published","high","Artista curado para Microsound; artista exato, gravação e prévia verificados em Apple Music e Deezer."
"microsound","Pan Sonic","The Whore of Babylon","The Fire This Time","","https://audio-ssl.itunes.apple.com/itunes-assets/AudioPreview221/v4/e5/31/2f/e5312f86-01cf-7669-efb2-3e750ac3c00f/mzaf_2930082176330599570.plus.aac.p.m4a","2002-06-09","310","","","","Microsound","Pan Sonic foi curado para ampliar a diversidade reproduzível de Microsound.","low_coverage_subgenre_expansion_v21_20260820","","https://music.apple.com/us/album/the-whore-of-babylon/1835030011?i=1835030017&uo=4","https://music.apple.com/us/album/the-whore-of-babylon/1835030011?i=1835030017&uo=4","2825359692","https://www.deezer.com/track/2825359692","https://is1-ssl.mzstatic.com/image/thumb/Music211/v4/06/5f/4a/065f4a39-1e99-19a8-a016-2c2e7e6df76e/5056688851439.png/600x600bb.jpg","","verified_low_coverage_subgenre_depth","microsound;Microsound;curated_artist;playable_depth;low_coverage_subgenre_expansion_v21_20260820;itunes_verified;deezer_verified","catalog_depth","low_coverage_style_repair","published","high","Artista curado para Microsound; artista exato, gravação e prévia verificados em Apple Music e Deezer."
"microsound","Pan Sonic","Vaihtovirta","Aaltopiri","","https://cdnt-preview.dzcdn.net/api/1/1/6/e/b/0/6eb577d34f20ca6230ec8f2bd23a14cd.mp3?hdnea=exp=1787243647~acl=/api/1/1/6/e/b/0/6eb577d34f20ca6230ec8f2bd23a14cd.mp3*~data=user_id=0,application_id=42~hmac=0436f1aa1d145ba606ec37a41dbe9997a49fcb6cdc25a349893ed5524b772b31","","399","","","","Microsound","Pan Sonic foi curado para ampliar a diversidade reproduzível de Microsound.","low_coverage_subgenre_expansion_v21_20260820","","https://www.deezer.com/track/73106205","https://www.deezer.com/track/73106205","73106205","https://www.deezer.com/track/73106205","https://cdn-images.dzcdn.net/images/cover/e964071a2b2d89edef4b22ec32d36b99/500x500-000000-80-0-0.jpg","","verified_low_coverage_subgenre_depth","microsound;Microsound;curated_artist;playable_depth;low_coverage_subgenre_expansion_v21_20260820","catalog_depth","low_coverage_style_repair","published","high","Artista curado para Microsound; artista exato, gravação e prévia verificados no Deezer."
"microsound","SND","Forbidden","Forbidden EP","","https://cdnt-preview.dzcdn.net/api/1/1/d/8/5/0/d859f810371d03693a726a98738a5c24.mp3?hdnea=exp=1787243648~acl=/api/1/1/d/8/5/0/d859f810371d03693a726a98738a5c24.mp3*~data=user_id=0,application_id=42~hmac=a058c2babb53ebd179c2afae267a1895ad22abf7af8f14cfadcb205614090bb6","","248","","","","Microsound","SND foi curado para ampliar a diversidade reproduzível de Microsound.","low_coverage_subgenre_expansion_v21_20260820","","https://www.deezer.com/track/123691494","https://www.deezer.com/track/123691494","123691494","https://www.deezer.com/track/123691494","https://cdn-images.dzcdn.net/images/cover/d755ce1448daa932b5953f89df59d0e7/500x500-000000-80-0-0.jpg","","verified_low_coverage_subgenre_depth","microsound;Microsound;curated_artist;playable_depth;low_coverage_subgenre_expansion_v21_20260820","catalog_depth","low_coverage_style_repair","published","high","Artista curado para Microsound; artista exato, gravação e prévia verificados no Deezer."
"nu_skool_breaks","Aquasky","Boom!","Boom!","","https://cdnt-preview.dzcdn.net/api/1/1/3/4/3/0/34307fda2dd55bae57cb1ce4c8088f56.mp3?hdnea=exp=1787243799~acl=/api/1/1/3/4/3/0/34307fda2dd55bae57cb1ce4c8088f56.mp3*~data=user_id=0,application_id=42~hmac=3aa070def881d8df5ab53933af915d1a913a736f940ce378f06e5c36c001a8c4","","408","","","","Nu Skool Breaks","Aquasky foi curado para ampliar a diversidade reproduzível de Nu Skool Breaks.","low_coverage_subgenre_expansion_v21_20260820","","https://www.deezer.com/track/407898822","https://www.deezer.com/track/407898822","407898832","https://www.deezer.com/track/407898832","https://cdn-images.dzcdn.net/images/cover/2c755cf45a586d605c9fa92b66a4f375/500x500-000000-80-0-0.jpg","","verified_low_coverage_subgenre_depth","nu_skool_breaks;Nu Skool Breaks;curated_artist;playable_depth;low_coverage_subgenre_expansion_v21_20260820;deezer_verified","catalog_depth","low_coverage_style_repair","published","high","Artista curado para Nu Skool Breaks; artista exato, gravação e prévia verificados em Deezer."
"nu_skool_breaks","Aquasky","Disco Biscuit","Beat the System","","https://cdnt-preview.dzcdn.net/api/1/1/e/c/f/0/ecf848d6c0cd82d53fc7062786de7af2.mp3?hdnea=exp=1787243799~acl=/api/1/1/e/c/f/0/ecf848d6c0cd82d53fc7062786de7af2.mp3*~data=user_id=0,application_id=42~hmac=c55c1a925ffb8cbc5ebc899d3eef7d9395e0e47c7e9e73fdc1040d0feceecf3e","","386","","","","Nu Skool Breaks","Aquasky foi curado para ampliar a diversidade reproduzível de Nu Skool Breaks.","low_coverage_subgenre_expansion_v21_20260820","","https://www.deezer.com/track/1716193317","https://www.deezer.com/track/1716193317","1716193317","https://www.deezer.com/track/1716193317","https://cdn-images.dzcdn.net/images/cover/a67d21ca03cb85a74fd968244c0f0eba/500x500-000000-80-0-0.jpg","","verified_low_coverage_subgenre_depth","nu_skool_breaks;Nu Skool Breaks;curated_artist;playable_depth;low_coverage_subgenre_expansion_v21_20260820","catalog_depth","low_coverage_style_repair","published","high","Artista curado para Nu Skool Breaks; artista exato, gravação e prévia verificados no Deezer."
"nu_skool_breaks","Aquasky","Kauna","DJ-Kicks","","https://cdnt-preview.dzcdn.net/api/1/1/6/3/e/0/63e81f33c294cc6ae9fea5efb57e019d.mp3?hdnea=exp=1787243799~acl=/api/1/1/6/3/e/0/63e81f33c294cc6ae9fea5efb57e019d.mp3*~data=user_id=0,application_id=42~hmac=5099e8504aac3c0f646421aec167d33b4f9ac65b26ab7abd6732ad3d53f845bf","","243","","","","Nu Skool Breaks","Aquasky foi curado para ampliar a diversidade reproduzível de Nu Skool Breaks.","low_coverage_subgenre_expansion_v21_20260820","","https://www.deezer.com/track/12266085","https://www.deezer.com/track/12266085","12266085","https://www.deezer.com/track/12266085","https://cdn-images.dzcdn.net/images/cover/6a0676cc7144dff9b3a7a3e21b3d947f/500x500-000000-80-0-0.jpg","","verified_low_coverage_subgenre_depth","nu_skool_breaks;Nu Skool Breaks;curated_artist;playable_depth;low_coverage_subgenre_expansion_v21_20260820","catalog_depth","low_coverage_style_repair","published","high","Artista curado para Nu Skool Breaks; artista exato, gravação e prévia verificados no Deezer."
"nu_skool_breaks","Aquasky","Thru the Fire","Beat the System","","https://cdnt-preview.dzcdn.net/api/1/1/2/4/4/0/244072e07eeec7f079b301274be1c15e.mp3?hdnea=exp=1787243799~acl=/api/1/1/2/4/4/0/244072e07eeec7f079b301274be1c15e.mp3*~data=user_id=0,application_id=42~hmac=e485b764d01e52337b9d097621cf93f851061073bb192b0d545d69838eba019b","","466","","","","Nu Skool Breaks","Aquasky foi curado para ampliar a diversidade reproduzível de Nu Skool Breaks.","low_coverage_subgenre_expansion_v21_20260820","","https://www.deezer.com/track/1716193327","https://www.deezer.com/track/1716193327","1716193327","https://www.deezer.com/track/1716193327","https://cdn-images.dzcdn.net/images/cover/a67d21ca03cb85a74fd968244c0f0eba/500x500-000000-80-0-0.jpg","","verified_low_coverage_subgenre_depth","nu_skool_breaks;Nu Skool Breaks;curated_artist;playable_depth;low_coverage_subgenre_expansion_v21_20260820","catalog_depth","low_coverage_style_repair","published","high","Artista curado para Nu Skool Breaks; artista exato, gravação e prévia verificados no Deezer."
"nu_skool_breaks","Freestylers","Beat It Down","Adventures in Freestyle","","https://audio-ssl.itunes.apple.com/itunes-assets/AudioPreview115/v4/84/15/a4/8415a472-86bb-96da-3534-878136aa4f35/mzaf_8680118768190155302.plus.aac.p.m4a","2006-10-02","293","","","","Nu Skool Breaks","Freestylers foi curado para ampliar a diversidade reproduzível de Nu Skool Breaks.","low_coverage_subgenre_expansion_v21_20260820","","https://music.apple.com/us/album/beat-it-down/982207167?i=982207431&uo=4","https://music.apple.com/us/album/beat-it-down/982207167?i=982207431&uo=4","104192548","https://www.deezer.com/track/104192548","https://is1-ssl.mzstatic.com/image/thumb/Music128/v4/53/86/14/53861407-1de9-891c-7692-3ed9add80338/8718274953688.png/600x600bb.jpg","","verified_low_coverage_subgenre_depth","nu_skool_breaks;Nu Skool Breaks;curated_artist;playable_depth;low_coverage_subgenre_expansion_v21_20260820;itunes_verified;deezer_verified","catalog_depth","low_coverage_style_repair","published","high","Artista curado para Nu Skool Breaks; artista exato, gravação e prévia verificados em Apple Music e Deezer."
"nu_skool_breaks","Freestylers","Drop the Boom","We Rock Hard","","https://audio-ssl.itunes.apple.com/itunes-assets/AudioPreview22/v4/1a/6f/f3/1a6ff3dc-4d5f-69b3-a907-a27c2fe5f0ea/mzaf_5258461357432942867.plus.aac.p.m4a","1998-07-14","182","","","","Nu Skool Breaks","Freestylers foi curado para ampliar a diversidade reproduzível de Nu Skool Breaks.","low_coverage_subgenre_expansion_v21_20260820","","https://music.apple.com/us/album/drop-the-boom/1145414999?i=1145415240&uo=4","https://music.apple.com/us/album/drop-the-boom/1145414999?i=1145415240&uo=4","131132950","https://www.deezer.com/track/131132950","https://is1-ssl.mzstatic.com/image/thumb/Music71/v4/63/c4/62/63c4628f-2ea6-c5b4-a6ff-6980465c191f/5032698630356.jpg/600x600bb.jpg","","verified_low_coverage_subgenre_depth","nu_skool_breaks;Nu Skool Breaks;curated_artist;playable_depth;low_coverage_subgenre_expansion_v21_20260820;itunes_verified;deezer_verified","catalog_depth","low_coverage_style_repair","published","high","Artista curado para Nu Skool Breaks; artista exato, gravação e prévia verificados em Apple Music e Deezer."
"nu_skool_breaks","Freestylers","Freestyle Noize","We Rock Hard","","https://audio-ssl.itunes.apple.com/itunes-assets/AudioPreview71/v4/83/df/8c/83df8c37-f121-7769-2f73-d394fdc7dea4/mzaf_8390774268945535909.plus.aac.p.m4a","1998-07-14","337","","","","Nu Skool Breaks","Freestylers foi curado para ampliar a diversidade reproduzível de Nu Skool Breaks.","low_coverage_subgenre_expansion_v21_20260820","","https://music.apple.com/us/album/freestyle-noize/1145414999?i=1145415089&uo=4","https://music.apple.com/us/album/freestyle-noize/1145414999?i=1145415089&uo=4","130425764","https://www.deezer.com/track/130425764","https://is1-ssl.mzstatic.com/image/thumb/Music71/v4/63/c4/62/63c4628f-2ea6-c5b4-a6ff-6980465c191f/5032698630356.jpg/600x600bb.jpg","","verified_low_coverage_subgenre_depth","nu_skool_breaks;Nu Skool Breaks;curated_artist;playable_depth;low_coverage_subgenre_expansion_v21_20260820;itunes_verified;deezer_verified","catalog_depth","low_coverage_style_repair","published","high","Artista curado para Nu Skool Breaks; artista exato, gravação e prévia verificados em Apple Music e Deezer."
"nu_skool_breaks","Freestylers","Painkiller","Adventures in Freestyle","","https://audio-ssl.itunes.apple.com/itunes-assets/AudioPreview125/v4/24/27/4f/24274fd7-2ded-2bc7-f2e3-fa7f16aeff27/mzaf_4288323765172929803.plus.aac.p.m4a","2006-10-02","266","","","","Nu Skool Breaks","Freestylers foi curado para ampliar a diversidade reproduzível de Nu Skool Breaks.","low_coverage_subgenre_expansion_v21_20260820","","https://music.apple.com/us/album/painkiller/982207167?i=982207427&uo=4","https://music.apple.com/us/album/painkiller/982207167?i=982207427&uo=4","104192538","https://www.deezer.com/track/104192538","https://is1-ssl.mzstatic.com/image/thumb/Music128/v4/53/86/14/53861407-1de9-891c-7692-3ed9add80338/8718274953688.png/600x600bb.jpg","","verified_low_coverage_subgenre_depth","nu_skool_breaks;Nu Skool Breaks;curated_artist;playable_depth;low_coverage_subgenre_expansion_v21_20260820;itunes_verified;deezer_verified","catalog_depth","low_coverage_style_repair","published","high","Artista curado para Nu Skool Breaks; artista exato, gravação e prévia verificados em Apple Music e Deezer."
"nu_skool_breaks","Krafty Kuts","Dynamite Love (Krafty Kuts vs. Freestylers)","Dynamite Love","","https://cdnt-preview.dzcdn.net/api/1/1/4/7/2/0/472e86cfe250b22c39ce2153658a53ce.mp3?hdnea=exp=1787243800~acl=/api/1/1/4/7/2/0/472e86cfe250b22c39ce2153658a53ce.mp3*~data=user_id=0,application_id=42~hmac=55907a4614e6d2932c43a2349ab3d6d0f399a94da959ac0aa4d30f8977d044dc","","216","","","","Nu Skool Breaks","Krafty Kuts foi curado para ampliar a diversidade reproduzível de Nu Skool Breaks.","low_coverage_subgenre_expansion_v21_20260820","","https://www.deezer.com/track/2038184297","https://www.deezer.com/track/2038184297","2038184297","https://www.deezer.com/track/2038184297","https://cdn-images.dzcdn.net/images/cover/2407c4e94bdb9d392ba801cb77f75514/500x500-000000-80-0-0.jpg","","verified_low_coverage_subgenre_depth","nu_skool_breaks;Nu Skool Breaks;curated_artist;playable_depth;low_coverage_subgenre_expansion_v21_20260820","catalog_depth","low_coverage_style_repair","published","high","Artista curado para Nu Skool Breaks; artista exato, gravação e prévia verificados no Deezer."
"nu_skool_breaks","Krafty Kuts","Hands High","Hands High","","https://cdnt-preview.dzcdn.net/api/1/1/0/a/c/0/0ac7e1ce4c7974f74c5a5fc4cfcafda5.mp3?hdnea=exp=1787243800~acl=/api/1/1/0/a/c/0/0ac7e1ce4c7974f74c5a5fc4cfcafda5.mp3*~data=user_id=0,application_id=42~hmac=2003ab6fd0c23dadf6fe7ddf67a286bc044d42b4968a2ba0a77a80413db19b03","","165","","","","Nu Skool Breaks","Krafty Kuts foi curado para ampliar a diversidade reproduzível de Nu Skool Breaks.","low_coverage_subgenre_expansion_v21_20260820","","https://www.deezer.com/track/693913322","https://www.deezer.com/track/693913322","693913322","https://www.deezer.com/track/693913322","https://cdn-images.dzcdn.net/images/cover/3dc33d8c90deea429c7f14e0738a4b95/500x500-000000-80-0-0.jpg","","verified_low_coverage_subgenre_depth","nu_skool_breaks;Nu Skool Breaks;curated_artist;playable_depth;low_coverage_subgenre_expansion_v21_20260820","catalog_depth","low_coverage_style_repair","published","high","Artista curado para Nu Skool Breaks; artista exato, gravação e prévia verificados no Deezer."
"nu_skool_breaks","Krafty Kuts","Never Gonna Stop","Breakin' Boundaries Vol 4","","https://cdnt-preview.dzcdn.net/api/1/1/c/c/a/0/ccafe908d04be16e7aca228462fe41ab.mp3?hdnea=exp=1787243800~acl=/api/1/1/c/c/a/0/ccafe908d04be16e7aca228462fe41ab.mp3*~data=user_id=0,application_id=42~hmac=f007deb872792ed74e789e8c3dcb533481218ab78de65aa6833f03b08c64cecf","","218","","","","Nu Skool Breaks","Krafty Kuts foi curado para ampliar a diversidade reproduzível de Nu Skool Breaks.","low_coverage_subgenre_expansion_v21_20260820","","https://www.deezer.com/track/3205896211","https://www.deezer.com/track/3205896211","3205896211","https://www.deezer.com/track/3205896211","https://cdn-images.dzcdn.net/images/cover/a7bf5b47b84089bbb52c40d4d7c3e06c/500x500-000000-80-0-0.jpg","","verified_low_coverage_subgenre_depth","nu_skool_breaks;Nu Skool Breaks;curated_artist;playable_depth;low_coverage_subgenre_expansion_v21_20260820","catalog_depth","low_coverage_style_repair","published","high","Artista curado para Nu Skool Breaks; artista exato, gravação e prévia verificados no Deezer."
"nu_skool_breaks","Krafty Kuts","We Just Got Started","We Just Got Started","","https://cdnt-preview.dzcdn.net/api/1/1/a/a/d/0/aadb747658c0b021cf3ea674985d16b1.mp3?hdnea=exp=1787243800~acl=/api/1/1/a/a/d/0/aadb747658c0b021cf3ea674985d16b1.mp3*~data=user_id=0,application_id=42~hmac=6051c1b6273085758ffd88565df9d4720e3264682f1bf4da2bbdfd928be8b787","","224","","","","Nu Skool Breaks","Krafty Kuts foi curado para ampliar a diversidade reproduzível de Nu Skool Breaks.","low_coverage_subgenre_expansion_v21_20260820","","https://www.deezer.com/track/3812613502","https://www.deezer.com/track/3812613502","3812613502","https://www.deezer.com/track/3812613502","https://cdn-images.dzcdn.net/images/cover/cfd102878f5a70df74e62f19a909407f/500x500-000000-80-0-0.jpg","","verified_low_coverage_subgenre_depth","nu_skool_breaks;Nu Skool Breaks;curated_artist;playable_depth;low_coverage_subgenre_expansion_v21_20260820","catalog_depth","low_coverage_style_repair","published","high","Artista curado para Nu Skool Breaks; artista exato, gravação e prévia verificados no Deezer."
"outrun","FM-84","Bend & Break","Bend & Break","","https://cdnt-preview.dzcdn.net/api/1/1/6/d/8/0/6d83c5dca23d8b2b3d0c08589d6a788d.mp3?hdnea=exp=1787243651~acl=/api/1/1/6/d/8/0/6d83c5dca23d8b2b3d0c08589d6a788d.mp3*~data=user_id=0,application_id=42~hmac=6a024d6655cd3102a9750cb6b73bd402d47c7b624ed751f2b5ab00d4e8e4e693","","316","","","","Outrun","FM-84 foi curado para ampliar a diversidade reproduzível de Outrun.","low_coverage_subgenre_expansion_v21_20260820","","https://www.deezer.com/track/3574981161","https://www.deezer.com/track/3574981161","3574981171","https://www.deezer.com/track/3574981171","https://cdn-images.dzcdn.net/images/cover/03c234e3044ab1201e51f9d2dd178387/500x500-000000-80-0-0.jpg","","verified_low_coverage_subgenre_depth","outrun;Outrun;curated_artist;playable_depth;low_coverage_subgenre_expansion_v21_20260820;deezer_verified","catalog_depth","low_coverage_style_repair","published","high","Artista curado para Outrun; artista exato, gravação e prévia verificados em Deezer."
"outrun","FM-84","Fade","Maverick (Atlas B-Sides)","","https://cdnt-preview.dzcdn.net/api/1/1/f/2/3/0/f2379e0c7dd5dc2640f5c1ca12a64482.mp3?hdnea=exp=1787243651~acl=/api/1/1/f/2/3/0/f2379e0c7dd5dc2640f5c1ca12a64482.mp3*~data=user_id=0,application_id=42~hmac=33a9a21736b5b8ca290cb9d06da9bf22f6af8b9da39ac1dcc674db62c27e872c","","300","","","","Outrun","FM-84 foi curado para ampliar a diversidade reproduzível de Outrun.","low_coverage_subgenre_expansion_v21_20260820","","https://www.deezer.com/track/3574980951","https://www.deezer.com/track/3574980951","3574980951","https://www.deezer.com/track/3574980951","https://cdn-images.dzcdn.net/images/cover/8ecf9cc62912ed8a12f890482f71f28c/500x500-000000-80-0-0.jpg","","verified_low_coverage_subgenre_depth","outrun;Outrun;curated_artist;playable_depth;low_coverage_subgenre_expansion_v21_20260820","catalog_depth","low_coverage_style_repair","published","high","Artista curado para Outrun; artista exato, gravação e prévia verificados no Deezer."
"outrun","FM-84","Never Stop","Never Stop","","https://cdnt-preview.dzcdn.net/api/1/1/7/2/7/0/727662d144d7a761ec0bc97d856dd1da.mp3?hdnea=exp=1787243651~acl=/api/1/1/7/2/7/0/727662d144d7a761ec0bc97d856dd1da.mp3*~data=user_id=0,application_id=42~hmac=7ebf5208c0d8bb8a85f84f4b6ce8c203bbec2764508750149ddee8379d628f16","","286","","","","Outrun","FM-84 foi curado para ampliar a diversidade reproduzível de Outrun.","low_coverage_subgenre_expansion_v21_20260820","","https://www.deezer.com/track/3574981121","https://www.deezer.com/track/3574981121","3574981121","https://www.deezer.com/track/3574981121","https://cdn-images.dzcdn.net/images/cover/acee4ed25dd5dd107bbaf4a8d415642e/500x500-000000-80-0-0.jpg","","verified_low_coverage_subgenre_depth","outrun;Outrun;curated_artist;playable_depth;low_coverage_subgenre_expansion_v21_20260820","catalog_depth","low_coverage_style_repair","published","high","Artista curado para Outrun; artista exato, gravação e prévia verificados no Deezer."
"outrun","FM-84","Wild Ones","Atlas","","https://cdnt-preview.dzcdn.net/api/1/1/0/c/d/0/0cd06b30e3016df5c16b451bb93bbbb3.mp3?hdnea=exp=1787243651~acl=/api/1/1/0/c/d/0/0cd06b30e3016df5c16b451bb93bbbb3.mp3*~data=user_id=0,application_id=42~hmac=63c9e4420e8e18b65e8e8c639de307406403e978538ff1ebdea8fa8672ba0fe4","","268","","","","Outrun","FM-84 foi curado para ampliar a diversidade reproduzível de Outrun.","low_coverage_subgenre_expansion_v21_20260820","","https://www.deezer.com/track/3574988601","https://www.deezer.com/track/3574988601","3574988601","https://www.deezer.com/track/3574988601","https://cdn-images.dzcdn.net/images/cover/04d07d77a2c800ccf5bd4e4d9ede49bf/500x500-000000-80-0-0.jpg","","verified_low_coverage_subgenre_depth","outrun;Outrun;curated_artist;playable_depth;low_coverage_subgenre_expansion_v21_20260820","catalog_depth","low_coverage_style_repair","published","high","Artista curado para Outrun; artista exato, gravação e prévia verificados no Deezer."
"outrun","Lazerhawk","King of the Streets","Skull and Shark","","https://audio-ssl.itunes.apple.com/itunes-assets/AudioPreview115/v4/24/1a/3d/241a3dc1-0800-e009-16be-4d3d537c933d/mzaf_15088134106674364136.plus.aac.p.m4a","2013-10-24","297","","","","Outrun","Lazerhawk foi curado para ampliar a diversidade reproduzível de Outrun.","low_coverage_subgenre_expansion_v21_20260820","","https://music.apple.com/us/album/king-of-the-streets/1268950219?i=1268950226&uo=4","https://music.apple.com/us/album/king-of-the-streets/1268950219?i=1268950226&uo=4","391850072","https://www.deezer.com/track/391850072","https://is1-ssl.mzstatic.com/image/thumb/Music115/v4/47/82/8d/47828d77-31e4-4750-1f68-e7739b858a94/887158630248.png/600x600bb.jpg","","verified_low_coverage_subgenre_depth","outrun;Outrun;curated_artist;playable_depth;low_coverage_subgenre_expansion_v21_20260820;itunes_verified;deezer_verified","catalog_depth","low_coverage_style_repair","published","high","Artista curado para Outrun; artista exato, gravação e prévia verificados em Apple Music e Deezer."
"outrun","Lazerhawk","Lazerhawk's Theme","Visitors","","https://audio-ssl.itunes.apple.com/itunes-assets/AudioPreview125/v4/f6/66/95/f666950d-ff3f-f960-9e09-ca1378f9ce66/mzaf_12887789326667623233.plus.aac.p.m4a","2012-02-03","161","","","","Outrun","Lazerhawk foi curado para ampliar a diversidade reproduzível de Outrun.","low_coverage_subgenre_expansion_v21_20260820","","https://music.apple.com/us/album/lazerhawks-theme/1278120339?i=1278120671&uo=4","https://music.apple.com/us/album/lazerhawks-theme/1278120339?i=1278120671&uo=4","399783532","https://www.deezer.com/track/399783532","https://is1-ssl.mzstatic.com/image/thumb/Music124/v4/c2/05/77/c2057742-e185-cfa3-53ef-a3721b03e8b7/887158012648.png/600x600bb.jpg","","verified_low_coverage_subgenre_depth","outrun;Outrun;curated_artist;playable_depth;low_coverage_subgenre_expansion_v21_20260820;itunes_verified;deezer_verified","catalog_depth","low_coverage_style_repair","published","high","Artista curado para Outrun; artista exato, gravação e prévia verificados em Apple Music e Deezer."
"outrun","Lazerhawk","So Far Away","Visitors","","https://audio-ssl.itunes.apple.com/itunes-assets/AudioPreview125/v4/37/75/6f/37756f6d-90ec-0cb9-2c41-48632446ebb0/mzaf_3239536303054327991.plus.aac.p.m4a","2012-02-03","282","","","","Outrun","Lazerhawk foi curado para ampliar a diversidade reproduzível de Outrun.","low_coverage_subgenre_expansion_v21_20260820","","https://music.apple.com/us/album/so-far-away/1278120339?i=1278120679&uo=4","https://music.apple.com/us/album/so-far-away/1278120339?i=1278120679&uo=4","399783612","https://www.deezer.com/track/399783612","https://is1-ssl.mzstatic.com/image/thumb/Music124/v4/c2/05/77/c2057742-e185-cfa3-53ef-a3721b03e8b7/887158012648.png/600x600bb.jpg","","verified_low_coverage_subgenre_depth","outrun;Outrun;curated_artist;playable_depth;low_coverage_subgenre_expansion_v21_20260820;itunes_verified;deezer_verified","catalog_depth","low_coverage_style_repair","published","high","Artista curado para Outrun; artista exato, gravação e prévia verificados em Apple Music e Deezer."
"outrun","Lazerhawk","Space Is the Place","Visitors","","https://cdnt-preview.dzcdn.net/api/1/1/7/4/c/0/74c40ec9814a7d79f287aa98d2f54624.mp3?hdnea=exp=1787243649~acl=/api/1/1/7/4/c/0/74c40ec9814a7d79f287aa98d2f54624.mp3*~data=user_id=0,application_id=42~hmac=ad90a1f25eabe7288848aaed3a6c74e3a498447230947a3eef8dd5a4eaf74fab","","347","","","","Outrun","Lazerhawk foi curado para ampliar a diversidade reproduzível de Outrun.","low_coverage_subgenre_expansion_v21_20260820","","https://www.deezer.com/track/399783562","https://www.deezer.com/track/399783562","399783562","https://www.deezer.com/track/399783562","https://cdn-images.dzcdn.net/images/cover/107952ca1a06f35581491461c10b41ee/500x500-000000-80-0-0.jpg","","verified_low_coverage_subgenre_depth","outrun;Outrun;curated_artist;playable_depth;low_coverage_subgenre_expansion_v21_20260820","catalog_depth","low_coverage_style_repair","published","high","Artista curado para Outrun; artista exato, gravação e prévia verificados no Deezer."
"outrun","Timecop1983","Dreams (feat. Dana Jean Phoenix)","Journeys","","https://audio-ssl.itunes.apple.com/itunes-assets/AudioPreview125/v4/b6/f1/0f/b6f10f45-c1b4-f3de-bcd4-9d24f6d0f59a/mzaf_9091100372209877445.plus.aac.p.m4a","2014-06-10","355","","","","Outrun","Timecop1983 foi curado para ampliar a diversidade reproduzível de Outrun.","low_coverage_subgenre_expansion_v21_20260820","","https://music.apple.com/us/album/dreams-feat-dana-jean-phoenix/1066381142?i=1066381204&uo=4","https://music.apple.com/us/album/dreams-feat-dana-jean-phoenix/1066381142?i=1066381204&uo=4","","","https://is1-ssl.mzstatic.com/image/thumb/Music2/v4/99/da/cf/99dacffc-7a8e-5d3e-1661-607c858f1911/859716166711_cover.jpg/600x600bb.jpg","","verified_low_coverage_subgenre_depth","outrun;Outrun;curated_artist;playable_depth;low_coverage_subgenre_expansion_v21_20260820","catalog_depth","low_coverage_style_repair","published","high","Artista curado para Outrun; artista exato, gravação e prévia verificados no Apple Music."
"outrun","Timecop1983","Escaping the Void","Multiverse - EP","","https://audio-ssl.itunes.apple.com/itunes-assets/AudioPreview112/v4/43/12/f4/4312f409-7e38-d2b1-98ce-2b88df38a687/mzaf_315899980521335844.plus.aac.p.m4a","2022-09-02","311","","","","Outrun","Timecop1983 foi curado para ampliar a diversidade reproduzível de Outrun.","low_coverage_subgenre_expansion_v21_20260820","","https://music.apple.com/us/album/escaping-the-void/1634054045?i=1634054048&uo=4","https://music.apple.com/us/album/escaping-the-void/1634054045?i=1634054048&uo=4","","","https://is1-ssl.mzstatic.com/image/thumb/Music112/v4/44/6d/9c/446d9c05-4b6e-2bcb-1b58-613853eeedeb/859763761181_cover.jpg/600x600bb.jpg","","verified_low_coverage_subgenre_depth","outrun;Outrun;curated_artist;playable_depth;low_coverage_subgenre_expansion_v21_20260820","catalog_depth","low_coverage_style_repair","published","high","Artista curado para Outrun; artista exato, gravação e prévia verificados no Apple Music."
"outrun","Timecop1983","Lovers (feat. Seawaves)","Lovers, Pt. 1","","https://audio-ssl.itunes.apple.com/itunes-assets/AudioPreview115/v4/22/29/ab/2229abaf-cf43-8806-ff8b-f0717eafffb9/mzaf_9656824678919016036.plus.aac.p.m4a","2016-07-22","370","","","","Outrun","Timecop1983 foi curado para ampliar a diversidade reproduzível de Outrun.","low_coverage_subgenre_expansion_v21_20260820","","https://music.apple.com/us/album/lovers-feat-seawaves/1132631866?i=1132632050&uo=4","https://music.apple.com/us/album/lovers-feat-seawaves/1132631866?i=1132632050&uo=4","","","https://is1-ssl.mzstatic.com/image/thumb/Music114/v4/76/19/d8/7619d8eb-9be7-bb3f-fbbc-5806519b815e/859717734223_cover.jpg/600x600bb.jpg","","verified_low_coverage_subgenre_depth","outrun;Outrun;curated_artist;playable_depth;low_coverage_subgenre_expansion_v21_20260820","catalog_depth","low_coverage_style_repair","published","high","Artista curado para Outrun; artista exato, gravação e prévia verificados no Apple Music."
"outrun","Timecop1983","Memories","Lovers, Pt. 2","","https://audio-ssl.itunes.apple.com/itunes-assets/AudioPreview125/v4/b7/f7/11/b7f711df-4467-6645-91a7-1e90e9fa1ddc/mzaf_8885456641699537418.plus.aac.p.m4a","2017-08-05","274","","","","Outrun","Timecop1983 foi curado para ampliar a diversidade reproduzível de Outrun.","low_coverage_subgenre_expansion_v21_20260820","","https://music.apple.com/us/album/memories/1262122104?i=1262122676&uo=4","https://music.apple.com/us/album/memories/1262122104?i=1262122676&uo=4","","","https://is1-ssl.mzstatic.com/image/thumb/Music124/v4/f1/8b/18/f18b18c7-3fd1-a694-ae25-02900a545321/859722109368_cover.jpg/600x600bb.jpg","","verified_low_coverage_subgenre_depth","outrun;Outrun;curated_artist;playable_depth;low_coverage_subgenre_expansion_v21_20260820","catalog_depth","low_coverage_style_repair","published","high","Artista curado para Outrun; artista exato, gravação e prévia verificados no Apple Music."
"piano_house","K-Klass","Finally","Finally (K-Klass & Reza 2016 Remix)","","https://cdnt-preview.dzcdn.net/api/1/1/2/1/4/0/214252ceac1ea0e9dd50dd5058590863.mp3?hdnea=exp=1787243804~acl=/api/1/1/2/1/4/0/214252ceac1ea0e9dd50dd5058590863.mp3*~data=user_id=0,application_id=42~hmac=f6e343af28e2b6e5496a3d9a5876de83758f3a4a65e95bc51abec78b08cad1e8","","376","","","","Piano House","K-Klass foi curado para ampliar a diversidade reproduzível de Piano House.","low_coverage_subgenre_expansion_v21_20260820","","https://www.deezer.com/track/129805130","https://www.deezer.com/track/129805130","129805130","https://www.deezer.com/track/129805130","https://cdn-images.dzcdn.net/images/cover/85458d4cd3f3ce33c97e8fe6b2332223/500x500-000000-80-0-0.jpg","","verified_low_coverage_subgenre_depth","piano_house;Piano House;curated_artist;playable_depth;low_coverage_subgenre_expansion_v21_20260820","catalog_depth","low_coverage_style_repair","published","high","Artista curado para Piano House; artista exato, gravação e prévia verificados no Deezer."
"piano_house","K-Klass","Let Me Show You","Universal","","https://cdnt-preview.dzcdn.net/api/1/1/2/6/7/0/2676b8cbc4ce8fd9352b3ab6ac31484f.mp3?hdnea=exp=1787243804~acl=/api/1/1/2/6/7/0/2676b8cbc4ce8fd9352b3ab6ac31484f.mp3*~data=user_id=0,application_id=42~hmac=a137593c89b49a2f0dfa241f19b16db9273a529f26afd859f81b56641a15b1b8","","404","","","","Piano House","K-Klass foi curado para ampliar a diversidade reproduzível de Piano House.","low_coverage_subgenre_expansion_v21_20260820","","https://www.deezer.com/track/3130736","https://www.deezer.com/track/3130736","3139875","https://www.deezer.com/track/3139875","https://cdn-images.dzcdn.net/images/cover/43148f901e4377cbb8658f66ae52a1da/500x500-000000-80-0-0.jpg","","verified_low_coverage_subgenre_depth","piano_house;Piano House;curated_artist;playable_depth;low_coverage_subgenre_expansion_v21_20260820;deezer_verified","catalog_depth","low_coverage_style_repair","published","high","Artista curado para Piano House; artista exato, gravação e prévia verificados em Deezer."
"piano_house","K-Klass","Rhythm Is a Mystery","Universal","","https://cdnt-preview.dzcdn.net/api/1/1/a/8/8/0/a88cac9800b4f94dc384aaa793ca4759.mp3?hdnea=exp=1787243804~acl=/api/1/1/a/8/8/0/a88cac9800b4f94dc384aaa793ca4759.mp3*~data=user_id=0,application_id=42~hmac=5131f690acb4672051bdde16dd7ea4db0b8f7f21ac6427f59119fa32fad64065","","354","","","","Piano House","K-Klass foi curado para ampliar a diversidade reproduzível de Piano House.","low_coverage_subgenre_expansion_v21_20260820","","https://www.deezer.com/track/3130735","https://www.deezer.com/track/3130735","1745770047","https://www.deezer.com/track/1745770047","https://cdn-images.dzcdn.net/images/cover/43148f901e4377cbb8658f66ae52a1da/500x500-000000-80-0-0.jpg","","verified_low_coverage_subgenre_depth","piano_house;Piano House;curated_artist;playable_depth;low_coverage_subgenre_expansion_v21_20260820;deezer_verified","catalog_depth","low_coverage_style_repair","published","high","Artista curado para Piano House; artista exato, gravação e prévia verificados em Deezer."
"piano_house","K-Klass","So Right","The Remixes","","https://cdnt-preview.dzcdn.net/api/1/1/c/c/6/0/cc62b7d14a18435c758523a0cc3ca44a.mp3?hdnea=exp=1787243804~acl=/api/1/1/c/c/6/0/cc62b7d14a18435c758523a0cc3ca44a.mp3*~data=user_id=0,application_id=42~hmac=3826575d56e161d7c854d0ea3b1d43739937bc7a9e3275c2acfb969ef8e7b433","","382","","","","Piano House","K-Klass foi curado para ampliar a diversidade reproduzível de Piano House.","low_coverage_subgenre_expansion_v21_20260820","","https://www.deezer.com/track/3139882","https://www.deezer.com/track/3139882","3139876","https://www.deezer.com/track/3139876","https://cdn-images.dzcdn.net/images/cover/2fd20d43252c98acd8d1008b22ed3455/500x500-000000-80-0-0.jpg","","verified_low_coverage_subgenre_depth","piano_house;Piano House;curated_artist;playable_depth;low_coverage_subgenre_expansion_v21_20260820;deezer_verified","catalog_depth","low_coverage_style_repair","published","high","Artista curado para Piano House; artista exato, gravação e prévia verificados em Deezer."
"piano_house","MK","Body 2 Body (Extended Mix)","Body 2 Body - Single","","https://audio-ssl.itunes.apple.com/itunes-assets/AudioPreview116/v4/34/e1/2d/34e12d5e-3224-81ff-e4ef-5a8ad7bfdd90/mzaf_6266382105378450893.plus.aac.p.m4a","2019-05-10","260","","","","Piano House","MK foi curado para ampliar a diversidade reproduzível de Piano House.","low_coverage_subgenre_expansion_v21_20260820","","https://music.apple.com/us/album/body-2-body-extended-mix/1712698303?i=1712698305&uo=4","https://music.apple.com/us/album/body-2-body-extended-mix/1712698303?i=1712698305&uo=4","","","https://is1-ssl.mzstatic.com/image/thumb/Music116/v4/5c/13/99/5c13995d-0e87-c03c-1e5e-b31f9d4b1635/0617465004322.jpg/600x600bb.jpg","","verified_low_coverage_subgenre_depth","piano_house;Piano House;curated_artist;playable_depth;low_coverage_subgenre_expansion_v21_20260820","catalog_depth","low_coverage_style_repair","published","high","Artista curado para Piano House; artista exato, gravação e prévia verificados no Apple Music."
"piano_house","MK","Chemical","Chemical - Single","","https://audio-ssl.itunes.apple.com/itunes-assets/AudioPreview221/v4/bb/20/46/bb20465c-6bb8-eb08-8739-adff25685ef6/mzaf_17761554367693353815.plus.aac.p.m4a","2021-05-21","162","","","","Piano House","MK foi curado para ampliar a diversidade reproduzível de Piano House.","low_coverage_subgenre_expansion_v21_20260820","","https://music.apple.com/us/album/chemical/1565373288?i=1565373290&uo=4","https://music.apple.com/us/album/chemical/1565373288?i=1565373290&uo=4","","","https://is1-ssl.mzstatic.com/image/thumb/Music115/v4/99/0b/ee/990bee32-5d63-2ed9-71d6-056cd98448d1/886449271726.jpg/600x600bb.jpg","","verified_low_coverage_subgenre_depth","piano_house;Piano House;curated_artist;playable_depth;low_coverage_subgenre_expansion_v21_20260820","catalog_depth","low_coverage_style_repair","published","high","Artista curado para Piano House; artista exato, gravação e prévia verificados no Apple Music."
"piano_house","MK","Lies (feat. Raphaella)","Lies (feat. Raphaella) - Single","","https://audio-ssl.itunes.apple.com/itunes-assets/AudioPreview115/v4/48/ed/a3/48eda3e9-7e78-b3b8-7017-3af76f3fd403/mzaf_8273862667666336039.plus.aac.p.m4a","2021-01-29","196","","","","Piano House","MK foi curado para ampliar a diversidade reproduzível de Piano House.","low_coverage_subgenre_expansion_v21_20260820","","https://music.apple.com/us/album/lies-feat-raphaella/1545615654?i=1545615986&uo=4","https://music.apple.com/us/album/lies-feat-raphaella/1545615654?i=1545615986&uo=4","","","https://is1-ssl.mzstatic.com/image/thumb/Music125/v4/84/45/03/84450349-755c-6d0a-cd0a-6991b6f21660/886448977308.jpg/600x600bb.jpg","","verified_low_coverage_subgenre_depth","piano_house;Piano House;curated_artist;playable_depth;low_coverage_subgenre_expansion_v21_20260820","catalog_depth","low_coverage_style_repair","published","high","Artista curado para Piano House; artista exato, gravação e prévia verificados no Apple Music."
"piano_house","MK","Take My Chance","Take My Chance - Single","","https://audio-ssl.itunes.apple.com/itunes-assets/AudioPreview221/v4/2a/c6/b0/2ac6b002-0aec-e522-9b14-2f8f3904fba4/mzaf_8683207448699109813.plus.aac.p.m4a","2023-10-27","199","","","","Piano House","MK foi curado para ampliar a diversidade reproduzível de Piano House.","low_coverage_subgenre_expansion_v21_20260820","","https://music.apple.com/us/album/take-my-chance/1715563407?i=1715563408&uo=4","https://music.apple.com/us/album/take-my-chance/1715563407?i=1715563408&uo=4","","","https://is1-ssl.mzstatic.com/image/thumb/Music126/v4/90/7b/ff/907bffc9-460a-d28d-3940-74bcee1dae73/196871616393.jpg/600x600bb.jpg","","verified_low_coverage_subgenre_depth","piano_house;Piano House;curated_artist;playable_depth;low_coverage_subgenre_expansion_v21_20260820","catalog_depth","low_coverage_style_repair","published","high","Artista curado para Piano House; artista exato, gravação e prévia verificados no Apple Music."
"piano_house","Robin S","Love for Love","Show Me Love","","https://cdnt-preview.dzcdn.net/api/1/1/9/2/3/0/92377e7631c5f452a04b6f64eab4336e.mp3?hdnea=exp=1787243802~acl=/api/1/1/9/2/3/0/92377e7631c5f452a04b6f64eab4336e.mp3*~data=user_id=0,application_id=42~hmac=a28d3fb94f4b8de909bd9bb1ebdf656bbaa085bac63e90ad1fb291c669d5a23b","","255","","","","Piano House","Robin S foi curado para ampliar a diversidade reproduzível de Piano House.","low_coverage_subgenre_expansion_v21_20260820","","https://www.deezer.com/track/6628159","https://www.deezer.com/track/6628159","6628159","https://www.deezer.com/track/6628159","https://cdn-images.dzcdn.net/images/cover/95e8fd5910548808417046907299f9df/500x500-000000-80-0-0.jpg","","verified_low_coverage_subgenre_depth","piano_house;Piano House;curated_artist;playable_depth;low_coverage_subgenre_expansion_v21_20260820","catalog_depth","low_coverage_style_repair","published","high","Artista curado para Piano House; artista exato, gravação e prévia verificados no Deezer."
"piano_house","Robin S","Luv 4 Luv (2020 Remaster)","Champion Classics (35th Anniversary Album) Part 1 mixed & compiled by StoneBridge","","https://cdnt-preview.dzcdn.net/api/1/1/f/8/e/0/f8ea05b253765011227b1b6e2cfce4c5.mp3?hdnea=exp=1787243802~acl=/api/1/1/f/8/e/0/f8ea05b253765011227b1b6e2cfce4c5.mp3*~data=user_id=0,application_id=42~hmac=6d292c68917042f699b643be631a3cea59213420dbecd0664088acfd59b0c1d1","","368","","","","Piano House","Robin S foi curado para ampliar a diversidade reproduzível de Piano House.","low_coverage_subgenre_expansion_v21_20260820","","https://www.deezer.com/track/2366798855","https://www.deezer.com/track/2366798855","2366798855","https://www.deezer.com/track/2366798855","https://cdn-images.dzcdn.net/images/cover/b6457df35f8ce2a3efd85f027271f78b/500x500-000000-80-0-0.jpg","","verified_low_coverage_subgenre_depth","piano_house;Piano House;curated_artist;playable_depth;low_coverage_subgenre_expansion_v21_20260820","catalog_depth","low_coverage_style_repair","published","high","Artista curado para Piano House; artista exato, gravação e prévia verificados no Deezer."
"piano_house","Robin S","Show Me Love","Show Me Love","","https://cdnt-preview.dzcdn.net/api/1/1/e/6/6/0/e66a3f6c1588d9bc3571bc47a69f4fc9.mp3?hdnea=exp=1787243802~acl=/api/1/1/e/6/6/0/e66a3f6c1588d9bc3571bc47a69f4fc9.mp3*~data=user_id=0,application_id=42~hmac=a760a30835b7db327850e3afe87be9c6654f395a900728f53d2f86c7b3f2592c","","269","","","","Piano House","Robin S foi curado para ampliar a diversidade reproduzível de Piano House.","low_coverage_subgenre_expansion_v21_20260820","","https://www.deezer.com/track/6628158","https://www.deezer.com/track/6628158","1530029912","https://www.deezer.com/track/1530029912","https://cdn-images.dzcdn.net/images/cover/95e8fd5910548808417046907299f9df/500x500-000000-80-0-0.jpg","","verified_low_coverage_subgenre_depth","piano_house;Piano House;curated_artist;playable_depth;low_coverage_subgenre_expansion_v21_20260820;deezer_verified","catalog_depth","low_coverage_style_repair","published","high","Artista curado para Piano House; artista exato, gravação e prévia verificados em Deezer."
"piano_house","Robin S","Show Me Love 2k18","Show Me Love 2k18","","https://cdnt-preview.dzcdn.net/api/1/1/3/3/0/0/330aa3ec2fff75929440805c0700759e.mp3?hdnea=exp=1787243802~acl=/api/1/1/3/3/0/0/330aa3ec2fff75929440805c0700759e.mp3*~data=user_id=0,application_id=42~hmac=76e65a6fabffd290259414eb92173497b060fcddaf863790d25763245ea60a27","","234","","","","Piano House","Robin S foi curado para ampliar a diversidade reproduzível de Piano House.","low_coverage_subgenre_expansion_v21_20260820","","https://www.deezer.com/track/510199282","https://www.deezer.com/track/510199282","510199272","https://www.deezer.com/track/510199272","https://cdn-images.dzcdn.net/images/cover/524588158503f50525e6b062a19cf8d8/500x500-000000-80-0-0.jpg","","verified_low_coverage_subgenre_depth","piano_house;Piano House;curated_artist;playable_depth;low_coverage_subgenre_expansion_v21_20260820;deezer_verified","catalog_depth","low_coverage_style_repair","published","high","Artista curado para Piano House; artista exato, gravação e prévia verificados em Deezer."
"post_dubstep","Kode9","Black Smoke","Black Sun","","https://cdnt-preview.dzcdn.net/api/1/1/4/c/3/0/4c330bee9ee68c5a7a065df148dd17a1.mp3?hdnea=exp=1787243904~acl=/api/1/1/4/c/3/0/4c330bee9ee68c5a7a065df148dd17a1.mp3*~data=user_id=0,application_id=42~hmac=3da938e03d0cd0f4f04f9dea196b6f6a79c4c7e0070769bc99b98358c7683d5a","","292","","","","Post-Dubstep","Kode9 foi curado para ampliar a diversidade reproduzível de Post-Dubstep.","low_coverage_subgenre_expansion_v21_20260820","","https://www.deezer.com/track/81254976","https://www.deezer.com/track/81254976","81254976","https://www.deezer.com/track/81254976","https://cdn-images.dzcdn.net/images/cover/40007b44128662b18f4247464a5bab45/500x500-000000-80-0-0.jpg","","verified_low_coverage_subgenre_depth","post_dubstep;Post-Dubstep;curated_artist;playable_depth;low_coverage_subgenre_expansion_v21_20260820","catalog_depth","low_coverage_style_repair","published","high","Artista curado para Post-Dubstep; artista exato, gravação e prévia verificados no Deezer."
"post_dubstep","Kode9","Kingstown","Memories of the Future","","https://cdnt-preview.dzcdn.net/api/1/1/f/7/7/0/f7773b328a4bf55856c435e23e20c3a3.mp3?hdnea=exp=1787243904~acl=/api/1/1/f/7/7/0/f7773b328a4bf55856c435e23e20c3a3.mp3*~data=user_id=0,application_id=42~hmac=a0fe4aa002a84385a10609f6e146166bb63cba3386721f9c31aa3b1f9e8ddc8b","","281","","","","Post-Dubstep","Kode9 foi curado para ampliar a diversidade reproduzível de Post-Dubstep.","low_coverage_subgenre_expansion_v21_20260820","","https://www.deezer.com/track/81254920","https://www.deezer.com/track/81254920","81254920","https://www.deezer.com/track/81254920","https://cdn-images.dzcdn.net/images/cover/fea81f842f2e4dd4b0525c99b2de6362/500x500-000000-80-0-0.jpg","","verified_low_coverage_subgenre_depth","post_dubstep;Post-Dubstep;curated_artist;playable_depth;low_coverage_subgenre_expansion_v21_20260820","catalog_depth","low_coverage_style_repair","published","high","Artista curado para Post-Dubstep; artista exato, gravação e prévia verificados no Deezer."
"post_dubstep","Kode9","Magnetic City","DJ-Kicks (Peggy Gou) (DJ Mix)","","https://cdnt-preview.dzcdn.net/api/1/1/e/d/6/0/ed6c5649170dde08d7ff50f4abc0eca0.mp3?hdnea=exp=1787243904~acl=/api/1/1/e/d/6/0/ed6c5649170dde08d7ff50f4abc0eca0.mp3*~data=user_id=0,application_id=42~hmac=938597d20c19910f928409ddb4a2818251f2fa784f7558078210a97cdebdb828","","226","","","","Post-Dubstep","Kode9 foi curado para ampliar a diversidade reproduzível de Post-Dubstep.","low_coverage_subgenre_expansion_v21_20260820","","https://www.deezer.com/track/671546522","https://www.deezer.com/track/671546522","671546522","https://www.deezer.com/track/671546522","https://cdn-images.dzcdn.net/images/cover/a7b40965603d5df5bd93e76dfe43a290/500x500-000000-80-0-0.jpg","","verified_low_coverage_subgenre_depth","post_dubstep;Post-Dubstep;curated_artist;playable_depth;low_coverage_subgenre_expansion_v21_20260820","catalog_depth","low_coverage_style_repair","published","high","Artista curado para Post-Dubstep; artista exato, gravação e prévia verificados no Deezer."
"post_dubstep","Kode9","Victims","Memories of the Future","","https://cdnt-preview.dzcdn.net/api/1/1/c/8/2/0/c82e5551bda8130d3e2703133606dfc0.mp3?hdnea=exp=1787243904~acl=/api/1/1/c/8/2/0/c82e5551bda8130d3e2703133606dfc0.mp3*~data=user_id=0,application_id=42~hmac=bbcf96641922d3d5123feea02a145fdf5402048fde1743eec038e1a46b3c2786","","232","","","","Post-Dubstep","Kode9 foi curado para ampliar a diversidade reproduzível de Post-Dubstep.","low_coverage_subgenre_expansion_v21_20260820","","https://www.deezer.com/track/81254904","https://www.deezer.com/track/81254904","81254904","https://www.deezer.com/track/81254904","https://cdn-images.dzcdn.net/images/cover/fea81f842f2e4dd4b0525c99b2de6362/500x500-000000-80-0-0.jpg","","verified_low_coverage_subgenre_depth","post_dubstep;Post-Dubstep;curated_artist;playable_depth;low_coverage_subgenre_expansion_v21_20260820","catalog_depth","low_coverage_style_repair","published","high","Artista curado para Post-Dubstep; artista exato, gravação e prévia verificados no Deezer."
"post_dubstep","Pangaea","Hex","Hex / Fatalist - Single","","https://audio-ssl.itunes.apple.com/itunes-assets/AudioPreview125/v4/7a/01/8c/7a018cb9-e51a-9c98-f846-1d3835359be0/mzaf_8738298084194000980.plus.aac.p.m4a","2011-09-12","323","","","","Post-Dubstep","Pangaea foi curado para ampliar a diversidade reproduzível de Post-Dubstep.","low_coverage_subgenre_expansion_v21_20260820","","https://music.apple.com/us/album/hex/915285764?i=915285798&uo=4","https://music.apple.com/us/album/hex/915285764?i=915285798&uo=4","","","https://is1-ssl.mzstatic.com/image/thumb/Music5/v4/df/c9/f4/dfc9f407-60e5-9f64-d9b4-412b46f70703/5055317216526.jpg/600x600bb.jpg","","verified_low_coverage_subgenre_depth","post_dubstep;Post-Dubstep;curated_artist;playable_depth;low_coverage_subgenre_expansion_v21_20260820","catalog_depth","low_coverage_style_repair","published","high","Artista curado para Post-Dubstep; artista exato, gravação e prévia verificados no Apple Music."
"post_dubstep","Pangaea","Installation","Changing Channels","","https://audio-ssl.itunes.apple.com/itunes-assets/AudioPreview116/v4/94/e5/cf/94e5cf5a-0183-91c3-3b61-4b4d16e8fd19/mzaf_9579838012137566246.plus.aac.p.m4a","2023-05-16","224","","","","Post-Dubstep","Pangaea foi curado para ampliar a diversidade reproduzível de Post-Dubstep.","low_coverage_subgenre_expansion_v21_20260820","","https://music.apple.com/us/album/installation/1709186639?i=1709186640&uo=4","https://music.apple.com/us/album/installation/1709186639?i=1709186640&uo=4","","","https://is1-ssl.mzstatic.com/image/thumb/Music116/v4/bb/94/77/bb94770c-21b5-ee72-3d38-92c7a368ab13/5050580814530.png/600x600bb.jpg","","verified_low_coverage_subgenre_depth","post_dubstep;Post-Dubstep;curated_artist;playable_depth;low_coverage_subgenre_expansion_v21_20260820","catalog_depth","low_coverage_style_repair","published","high","Artista curado para Post-Dubstep; artista exato, gravação e prévia verificados no Apple Music."
"post_dubstep","Pangaea","Old Soul","Roots","","https://cdnt-preview.dzcdn.net/api/1/1/d/d/b/0/ddb965f36ae5d1c831a546b6c8938a6d.mp3?hdnea=exp=1787243812~acl=/api/1/1/d/d/b/0/ddb965f36ae5d1c831a546b6c8938a6d.mp3*~data=user_id=0,application_id=42~hmac=e6b3a0f4f27de2494f0d631211149ffe81fd54cdb5fc90c2c401a16b968e4d0c","","394","","","","Post-Dubstep","Pangaea foi curado para ampliar a diversidade reproduzível de Post-Dubstep.","low_coverage_subgenre_expansion_v21_20260820","","https://www.deezer.com/track/3553271571","https://www.deezer.com/track/3553271571","3553271571","https://www.deezer.com/track/3553271571","https://cdn-images.dzcdn.net/images/cover/982168b7fb4ad7df0cb6e5c490f7a7b9/500x500-000000-80-0-0.jpg","","verified_low_coverage_subgenre_depth","post_dubstep;Post-Dubstep;curated_artist;playable_depth;low_coverage_subgenre_expansion_v21_20260820","catalog_depth","low_coverage_style_repair","published","high","Artista curado para Post-Dubstep; artista exato, gravação e prévia verificados no Deezer."
"post_dubstep","Pangaea","Router","You & I / Router - Single","","https://audio-ssl.itunes.apple.com/itunes-assets/AudioPreview125/v4/1d/da/94/1dda9449-7530-636e-dd36-7fb7ae5ebf95/mzaf_17499734540559239002.plus.aac.p.m4a","2008-11-03","390","","","","Post-Dubstep","Pangaea foi curado para ampliar a diversidade reproduzível de Post-Dubstep.","low_coverage_subgenre_expansion_v21_20260820","","https://music.apple.com/us/album/router/907357843?i=907357848&uo=4","https://music.apple.com/us/album/router/907357843?i=907357848&uo=4","","","https://is1-ssl.mzstatic.com/image/thumb/Music4/v4/5c/06/33/5c063336-58fa-c280-715a-1d1b95809813/5060157036340.jpg/600x600bb.jpg","","verified_low_coverage_subgenre_depth","post_dubstep;Post-Dubstep;curated_artist;playable_depth;low_coverage_subgenre_expansion_v21_20260820","catalog_depth","low_coverage_style_repair","published","high","Artista curado para Post-Dubstep; artista exato, gravação e prévia verificados no Apple Music."
"post_dubstep","Zomby","Euphoria","Where Were U In '92 ?","","https://audio-ssl.itunes.apple.com/itunes-assets/AudioPreview115/v4/0d/03/ba/0d03ba08-9487-98af-126a-114629dd66d3/mzaf_3919178392678555492.plus.aac.p.m4a","2008-01-01","207","","","","Post-Dubstep","Zomby foi curado para ampliar a diversidade reproduzível de Post-Dubstep.","low_coverage_subgenre_expansion_v21_20260820","","https://music.apple.com/us/album/euphoria/1059116130?i=1059116132&uo=4","https://music.apple.com/us/album/euphoria/1059116130?i=1059116132&uo=4","25216971","https://www.deezer.com/track/25216971","https://is1-ssl.mzstatic.com/image/thumb/Music20/v4/1b/4b/4c/1b4b4c03-173e-6bc3-c642-4a966e9f72a6/dj.qhqjcpic.png/600x600bb.jpg","","verified_low_coverage_subgenre_depth","post_dubstep;Post-Dubstep;curated_artist;playable_depth;low_coverage_subgenre_expansion_v21_20260820;itunes_verified;deezer_verified","catalog_depth","low_coverage_style_repair","published","high","Artista curado para Post-Dubstep; artista exato, gravação e prévia verificados em Apple Music e Deezer."
"post_dubstep","Zomby","Float","Where Were U In '92 ?","","https://audio-ssl.itunes.apple.com/itunes-assets/AudioPreview125/v4/dc/82/79/dc827919-28ab-f291-d018-3e34b0c3e3bd/mzaf_14298092765980274770.plus.aac.p.m4a","2008-01-01","200","","","","Post-Dubstep","Zomby foi curado para ampliar a diversidade reproduzível de Post-Dubstep.","low_coverage_subgenre_expansion_v21_20260820","","https://music.apple.com/us/album/float/1059116130?i=1059116138&uo=4","https://music.apple.com/us/album/float/1059116130?i=1059116138&uo=4","25217031","https://www.deezer.com/track/25217031","https://is1-ssl.mzstatic.com/image/thumb/Music20/v4/1b/4b/4c/1b4b4c03-173e-6bc3-c642-4a966e9f72a6/dj.qhqjcpic.png/600x600bb.jpg","","verified_low_coverage_subgenre_depth","post_dubstep;Post-Dubstep;curated_artist;playable_depth;low_coverage_subgenre_expansion_v21_20260820;itunes_verified;deezer_verified","catalog_depth","low_coverage_style_repair","published","high","Artista curado para Post-Dubstep; artista exato, gravação e prévia verificados em Apple Music e Deezer."
"post_dubstep","Zomby","Tears In the Rain","Where Were U In '92 ?","","https://audio-ssl.itunes.apple.com/itunes-assets/AudioPreview125/v4/de/b1/7c/deb17c8a-1c0c-68e6-6636-3490587d0c99/mzaf_8388891369556328431.plus.aac.p.m4a","2008-01-01","275","","","","Post-Dubstep","Zomby foi curado para ampliar a diversidade reproduzível de Post-Dubstep.","low_coverage_subgenre_expansion_v21_20260820","","https://music.apple.com/us/album/tears-in-the-rain/1059116130?i=1059116135&uo=4","https://music.apple.com/us/album/tears-in-the-rain/1059116130?i=1059116135&uo=4","10589061","https://www.deezer.com/track/10589061","https://is1-ssl.mzstatic.com/image/thumb/Music20/v4/1b/4b/4c/1b4b4c03-173e-6bc3-c642-4a966e9f72a6/dj.qhqjcpic.png/600x600bb.jpg","","verified_low_coverage_subgenre_depth","post_dubstep;Post-Dubstep;curated_artist;playable_depth;low_coverage_subgenre_expansion_v21_20260820;itunes_verified;deezer_verified","catalog_depth","low_coverage_style_repair","published","high","Artista curado para Post-Dubstep; artista exato, gravação e prévia verificados em Apple Music e Deezer."
"post_dubstep","Zomby","Witch Hunt","Dedication","","https://audio-ssl.itunes.apple.com/itunes-assets/AudioPreview115/v4/13/a5/b6/13a5b669-5c09-178e-74ed-478b109d51e6/mzaf_14750828827370031269.plus.aac.p.m4a","2011-07-11","107","","","","Post-Dubstep","Zomby foi curado para ampliar a diversidade reproduzível de Post-Dubstep.","low_coverage_subgenre_expansion_v21_20260820","","https://music.apple.com/us/album/witch-hunt/442404563?i=442404587&uo=4","https://music.apple.com/us/album/witch-hunt/442404563?i=442404587&uo=4","12660669","https://www.deezer.com/track/12660669","https://is1-ssl.mzstatic.com/image/thumb/Music125/v4/83/3c/11/833c1103-4834-28d5-80ef-736410fbc4c8/652637311969.png/600x600bb.jpg","","verified_low_coverage_subgenre_depth","post_dubstep;Post-Dubstep;curated_artist;playable_depth;low_coverage_subgenre_expansion_v21_20260820;itunes_verified;deezer_verified","catalog_depth","low_coverage_style_repair","published","high","Artista curado para Post-Dubstep; artista exato, gravação e prévia verificados em Apple Music e Deezer."
"progressive_trance","BT","Enemy","Timeless Reverie","","https://cdnt-preview.dzcdn.net/api/1/1/4/2/1/0/421bba1631cb662cbe1a0e86b5692f34.mp3?hdnea=exp=1787243813~acl=/api/1/1/4/2/1/0/421bba1631cb662cbe1a0e86b5692f34.mp3*~data=user_id=0,application_id=42~hmac=a62f178589af140373d30345edae0a056e5e48229b6457c2dd135316581c24fa","","106","","","","Progressive Trance","BT foi curado para ampliar a diversidade reproduzível de Progressive Trance.","low_coverage_subgenre_expansion_v21_20260820","","https://www.deezer.com/track/2650183912","https://www.deezer.com/track/2650183912","2650183912","https://www.deezer.com/track/2650183912","https://cdn-images.dzcdn.net/images/cover/69ec63c8e5d364f2f25ddca7d2430c18/500x500-000000-80-0-0.jpg","","verified_low_coverage_subgenre_depth","progressive_trance;Progressive Trance;curated_artist;playable_depth;low_coverage_subgenre_expansion_v21_20260820","catalog_depth","low_coverage_style_repair","published","high","Artista curado para Progressive Trance; artista exato, gravação e prévia verificados no Deezer."
"progressive_trance","BT","Force of Gravity (FYH506) [feat. JC Chasez] {Mark Sherry Remix}","FYH506 - Find Your Harmony Radio Episode #506","","https://audio-ssl.itunes.apple.com/itunes-assets/AudioPreview211/v4/58/53/0f/58530fb2-babb-95e1-f18e-1e42725efc0b/mzaf_13521928897463400415.plus.aac.p.m4a","2026-08-14","277","","","","Progressive Trance","BT foi curado para ampliar a diversidade reproduzível de Progressive Trance.","low_coverage_subgenre_expansion_v21_20260820","","https://music.apple.com/us/album/force-of-gravity-fyh506-feat-jc-chasez-mark-sherry-remix/6801576329?i=6801576622&uo=4","https://music.apple.com/us/album/force-of-gravity-fyh506-feat-jc-chasez-mark-sherry-remix/6801576329?i=6801576622&uo=4","","","https://is1-ssl.mzstatic.com/image/thumb/Music221/v4/de/56/cf/de56cf92-7017-36ca-67a4-d5036b22035f/cover.jpg/600x600bb.jpg","","verified_low_coverage_subgenre_depth","progressive_trance;Progressive Trance;curated_artist;playable_depth;low_coverage_subgenre_expansion_v21_20260820","catalog_depth","low_coverage_style_repair","published","high","Artista curado para Progressive Trance; artista exato, gravação e prévia verificados no Apple Music."
"progressive_trance","BT","Never Gonna Come Back Down","Movement in Still Life","","https://audio-ssl.itunes.apple.com/itunes-assets/AudioPreview221/v4/de/29/1c/de291cbb-ebd7-b527-e9b9-b125b2e46632/mzaf_9475385007485631419.plus.aac.p.m4a","2000-06-06","346","","","","Progressive Trance","BT foi curado para ampliar a diversidade reproduzível de Progressive Trance.","low_coverage_subgenre_expansion_v21_20260820","","https://music.apple.com/us/album/never-gonna-come-back-down/1872636654?i=1872636657&uo=4","https://music.apple.com/us/album/never-gonna-come-back-down/1872636654?i=1872636657&uo=4","","","https://is1-ssl.mzstatic.com/image/thumb/Music211/v4/20/58/89/20588986-8cec-5418-4e88-eb134ca9379a/8718525389006.png/600x600bb.jpg","","verified_low_coverage_subgenre_depth","progressive_trance;Progressive Trance;curated_artist;playable_depth;low_coverage_subgenre_expansion_v21_20260820","catalog_depth","low_coverage_style_repair","published","high","Artista curado para Progressive Trance; artista exato, gravação e prévia verificados no Apple Music."
"progressive_trance","BT","Would that make u love me","Timeless Reverie","","https://cdnt-preview.dzcdn.net/api/1/1/5/3/6/0/536c24b8019f9c28d7ac9bf98f48f408.mp3?hdnea=exp=1787243813~acl=/api/1/1/5/3/6/0/536c24b8019f9c28d7ac9bf98f48f408.mp3*~data=user_id=0,application_id=42~hmac=e7f0f0064aba13847d03f1b40b7ab302451f1369bf0792584368983b1c504f33","","126","","","","Progressive Trance","BT foi curado para ampliar a diversidade reproduzível de Progressive Trance.","low_coverage_subgenre_expansion_v21_20260820","","https://www.deezer.com/track/2650183952","https://www.deezer.com/track/2650183952","2650183952","https://www.deezer.com/track/2650183952","https://cdn-images.dzcdn.net/images/cover/69ec63c8e5d364f2f25ddca7d2430c18/500x500-000000-80-0-0.jpg","","verified_low_coverage_subgenre_depth","progressive_trance;Progressive Trance;curated_artist;playable_depth;low_coverage_subgenre_expansion_v21_20260820","catalog_depth","low_coverage_style_repair","published","high","Artista curado para Progressive Trance; artista exato, gravação e prévia verificados no Deezer."
"progressive_trance","John 00 Fleming","Floating","Floating","","https://cdnt-preview.dzcdn.net/api/1/1/d/1/6/0/d16eb98f81e6b814d2b6f8e213f28e34.mp3?hdnea=exp=1787243816~acl=/api/1/1/d/1/6/0/d16eb98f81e6b814d2b6f8e213f28e34.mp3*~data=user_id=0,application_id=42~hmac=153d2e84a92741a953aa6f35f139068c86c2bbf6863bff1e261aa071b9fa8b06","","642","","","","Progressive Trance","John 00 Fleming foi curado para ampliar a diversidade reproduzível de Progressive Trance.","low_coverage_subgenre_expansion_v21_20260820","","https://www.deezer.com/track/513268252","https://www.deezer.com/track/513268252","513268252","https://www.deezer.com/track/513268252","https://cdn-images.dzcdn.net/images/cover/0b7a8833300577d3c7b7fda9541be8fe/500x500-000000-80-0-0.jpg","","verified_low_coverage_subgenre_depth","progressive_trance;Progressive Trance;curated_artist;playable_depth;low_coverage_subgenre_expansion_v21_20260820","catalog_depth","low_coverage_style_repair","published","high","Artista curado para Progressive Trance; artista exato, gravação e prévia verificados no Deezer."
"progressive_trance","John 00 Fleming","Looking Back To Look Forward","A State Of Trance 900 (The Official Album)","","https://cdnt-preview.dzcdn.net/api/1/1/f/8/0/0/f80f5fe1635bf31fc00ec5af7e63479f.mp3?hdnea=exp=1787243816~acl=/api/1/1/f/8/0/0/f80f5fe1635bf31fc00ec5af7e63479f.mp3*~data=user_id=0,application_id=42~hmac=1fa360a927fdb90bff41a499ec3121fb8809f2e86288e6963cd620b704397640","","211","","","","Progressive Trance","John 00 Fleming foi curado para ampliar a diversidade reproduzível de Progressive Trance.","low_coverage_subgenre_expansion_v21_20260820","","https://www.deezer.com/track/623070412","https://www.deezer.com/track/623070412","623070412","https://www.deezer.com/track/623070412","https://cdn-images.dzcdn.net/images/cover/74274aa519fcb781649ddf63707a4c06/500x500-000000-80-0-0.jpg","","verified_low_coverage_subgenre_depth","progressive_trance;Progressive Trance;curated_artist;playable_depth;low_coverage_subgenre_expansion_v21_20260820","catalog_depth","low_coverage_style_repair","published","high","Artista curado para Progressive Trance; artista exato, gravação e prévia verificados no Deezer."
"progressive_trance","John 00 Fleming","The Dark Destroyer","Transcendent Voyage","","https://cdnt-preview.dzcdn.net/api/1/1/5/0/f/0/50fe517b39f2f803d97842f57bbc897e.mp3?hdnea=exp=1787243816~acl=/api/1/1/5/0/f/0/50fe517b39f2f803d97842f57bbc897e.mp3*~data=user_id=0,application_id=42~hmac=ddb753f0bfd8b7f2c5642e320747c070ae836e86ac269a7936e2df3e6ca51201","","219","","","","Progressive Trance","John 00 Fleming foi curado para ampliar a diversidade reproduzível de Progressive Trance.","low_coverage_subgenre_expansion_v21_20260820","","https://www.deezer.com/track/2635196102","https://www.deezer.com/track/2635196102","2635196102","https://www.deezer.com/track/2635196102","https://cdn-images.dzcdn.net/images/cover/c67c2d9c038732ddf810c084f89c0373/500x500-000000-80-0-0.jpg","","verified_low_coverage_subgenre_depth","progressive_trance;Progressive Trance;curated_artist;playable_depth;low_coverage_subgenre_expansion_v21_20260820","catalog_depth","low_coverage_style_repair","published","high","Artista curado para Progressive Trance; artista exato, gravação e prévia verificados no Deezer."
"progressive_trance","John 00 Fleming","Transient Symbiosis (ASOT 1275)","ASOT 1275 - A State of Trance Episode 1275 (UNFILTERED 004)","","https://cdnt-preview.dzcdn.net/api/1/1/e/6/6/0/e66dc6a09191d8ac60c729b2a47664b7.mp3?hdnea=exp=1787243816~acl=/api/1/1/e/6/6/0/e66dc6a09191d8ac60c729b2a47664b7.mp3*~data=user_id=0,application_id=42~hmac=62e0b35156ecbe025bd74c457c8bee8328c49799dd1a77eb788063ede3a8aae4","","231","","","","Progressive Trance","John 00 Fleming foi curado para ampliar a diversidade reproduzível de Progressive Trance.","low_coverage_subgenre_expansion_v21_20260820","","https://www.deezer.com/track/3992710021","https://www.deezer.com/track/3992710021","3992710021","https://www.deezer.com/track/3992710021","https://cdn-images.dzcdn.net/images/cover/46c3b0bab8b1c2cae089be7f7b5f8d50/500x500-000000-80-0-0.jpg","","verified_low_coverage_subgenre_depth","progressive_trance;Progressive Trance;curated_artist;playable_depth;low_coverage_subgenre_expansion_v21_20260820","catalog_depth","low_coverage_style_repair","published","high","Artista curado para Progressive Trance; artista exato, gravação e prévia verificados no Deezer."
"progressive_trance","Solarstone","Like a Waterfall","Like a Waterfall","","https://cdnt-preview.dzcdn.net/api/1/1/f/a/c/0/fac97a119d8fabba3835380a7e161573.mp3?hdnea=exp=1787243814~acl=/api/1/1/f/a/c/0/fac97a119d8fabba3835380a7e161573.mp3*~data=user_id=0,application_id=42~hmac=6b24906bcd2c476e04c783d43d8d1956a720d8780bfa4e05b7fa8b000dc34f75","","539","","","","Progressive Trance","Solarstone foi curado para ampliar a diversidade reproduzível de Progressive Trance.","low_coverage_subgenre_expansion_v21_20260820","","https://www.deezer.com/track/79065668","https://www.deezer.com/track/79065668","533726402","https://www.deezer.com/track/533726402","https://cdn-images.dzcdn.net/images/cover/df880eca7f4b4139ebdb786cb9d6b294/500x500-000000-80-0-0.jpg","","verified_low_coverage_subgenre_depth","progressive_trance;Progressive Trance;curated_artist;playable_depth;low_coverage_subgenre_expansion_v21_20260820;deezer_verified","catalog_depth","low_coverage_style_repair","published","high","Artista curado para Progressive Trance; artista exato, gravação e prévia verificados em Deezer."
"progressive_trance","Solarstone","Lovers","Lovers","","https://cdnt-preview.dzcdn.net/api/1/1/e/3/d/0/e3d2065c628462ce35fe652f0fb84fac.mp3?hdnea=exp=1787243814~acl=/api/1/1/e/3/d/0/e3d2065c628462ce35fe652f0fb84fac.mp3*~data=user_id=0,application_id=42~hmac=5b870913b1ad3f34b005e11c52f209523f234fc986d9498897f305b3dda37e7a","","496","","","","Progressive Trance","Solarstone foi curado para ampliar a diversidade reproduzível de Progressive Trance.","low_coverage_subgenre_expansion_v21_20260820","","https://www.deezer.com/track/72919470","https://www.deezer.com/track/72919470","72919470","https://www.deezer.com/track/72919470","https://cdn-images.dzcdn.net/images/cover/4a3a417bec52f47566a000544a43f513/500x500-000000-80-0-0.jpg","","verified_low_coverage_subgenre_depth","progressive_trance;Progressive Trance;curated_artist;playable_depth;low_coverage_subgenre_expansion_v21_20260820","catalog_depth","low_coverage_style_repair","published","high","Artista curado para Progressive Trance; artista exato, gravação e prévia verificados no Deezer."
"progressive_trance","Solarstone","Once","Once (XiJaro & Pitch Remix)","","https://cdnt-preview.dzcdn.net/api/1/1/1/7/c/0/17c36f9c8ce2dfd474d80ece1730a64d.mp3?hdnea=exp=1787243814~acl=/api/1/1/1/7/c/0/17c36f9c8ce2dfd474d80ece1730a64d.mp3*~data=user_id=0,application_id=42~hmac=34d0fec545563041b1bd40870015ac5ddcbc46eb0b1da1412ca3b2e0100b2794","","232","","","","Progressive Trance","Solarstone foi curado para ampliar a diversidade reproduzível de Progressive Trance.","low_coverage_subgenre_expansion_v21_20260820","","https://www.deezer.com/track/3661033272","https://www.deezer.com/track/3661033272","3661033272","https://www.deezer.com/track/3661033272","https://cdn-images.dzcdn.net/images/cover/3e5e0e2cc7d999beedcc70c819279271/500x500-000000-80-0-0.jpg","","verified_low_coverage_subgenre_depth","progressive_trance;Progressive Trance;curated_artist;playable_depth;low_coverage_subgenre_expansion_v21_20260820","catalog_depth","low_coverage_style_repair","published","high","Artista curado para Progressive Trance; artista exato, gravação e prévia verificados no Deezer."
"progressive_trance","Solarstone","Seven Cities","Seven Cities","","https://cdnt-preview.dzcdn.net/api/1/1/e/2/3/0/e239dcf6bd7688fe1616a88fda9ce107.mp3?hdnea=exp=1787243814~acl=/api/1/1/e/2/3/0/e239dcf6bd7688fe1616a88fda9ce107.mp3*~data=user_id=0,application_id=42~hmac=6ef2761308744d4099c9f4533e10297f8ef5065bab4b2f86ad35fe2ac831ee5d","","211","","","","Progressive Trance","Solarstone foi curado para ampliar a diversidade reproduzível de Progressive Trance.","low_coverage_subgenre_expansion_v21_20260820","","https://www.deezer.com/track/37603171","https://www.deezer.com/track/37603171","4133370101","https://www.deezer.com/track/4133370101","https://cdn-images.dzcdn.net/images/cover/1c1ccdf6e615048ac526581950405cfd/500x500-000000-80-0-0.jpg","","verified_low_coverage_subgenre_depth","progressive_trance;Progressive Trance;curated_artist;playable_depth;low_coverage_subgenre_expansion_v21_20260820;deezer_verified","catalog_depth","low_coverage_style_repair","published","high","Artista curado para Progressive Trance; artista exato, gravação e prévia verificados em Deezer."
"ragga_jungle","Ed Solo","All That She Wants","Welcome To The Jungle: Sampler, Vol. 1","","https://cdnt-preview.dzcdn.net/api/1/1/0/0/7/0/0074ae6181c495c949fdfc65a32f0a39.mp3?hdnea=exp=1787243655~acl=/api/1/1/0/0/7/0/0074ae6181c495c949fdfc65a32f0a39.mp3*~data=user_id=0,application_id=42~hmac=288ac6b4653a9ca0bab6c6fa0221e50d4ad880d76096132bc5fb95aa26864c1e","","269","","","","Ragga Jungle","Ed Solo foi curado para ampliar a diversidade reproduzível de Ragga Jungle.","low_coverage_subgenre_expansion_v21_20260820","","https://www.deezer.com/track/97019494","https://www.deezer.com/track/97019494","97019494","https://www.deezer.com/track/97019494","https://cdn-images.dzcdn.net/images/cover/2cdf088a7d7ce405d79f9d5f9d0eb4f1/500x500-000000-80-0-0.jpg","","verified_low_coverage_subgenre_depth","ragga_jungle;Ragga Jungle;curated_artist;playable_depth;low_coverage_subgenre_expansion_v21_20260820","catalog_depth","low_coverage_style_repair","published","high","Artista curado para Ragga Jungle; artista exato, gravação e prévia verificados no Deezer."
"ragga_jungle","Ed Solo","Bongo Bong","Welcome To The Jungle: The Ultimate Jungle Cakes Drum & Bass Compilation","","https://cdnt-preview.dzcdn.net/api/1/1/5/1/e/0/51e4f1f9b459d9eef1b7599bd1638f58.mp3?hdnea=exp=1787243655~acl=/api/1/1/5/1/e/0/51e4f1f9b459d9eef1b7599bd1638f58.mp3*~data=user_id=0,application_id=42~hmac=fd973df3840b48ae34babf3ca8aa733ee7e2c6a4844235412ee5a7f7da72b71b","","324","","","","Ragga Jungle","Ed Solo foi curado para ampliar a diversidade reproduzível de Ragga Jungle.","low_coverage_subgenre_expansion_v21_20260820","","https://www.deezer.com/track/99303368","https://www.deezer.com/track/99303368","99303368","https://www.deezer.com/track/99303368","https://cdn-images.dzcdn.net/images/cover/f48e583e2d51141683936d5c059e5ac2/500x500-000000-80-0-0.jpg","","verified_low_coverage_subgenre_depth","ragga_jungle;Ragga Jungle;curated_artist;playable_depth;low_coverage_subgenre_expansion_v21_20260820","catalog_depth","low_coverage_style_repair","published","high","Artista curado para Ragga Jungle; artista exato, gravação e prévia verificados no Deezer."
"ragga_jungle","Ed Solo","BOOMBASTIC","BOOMBASTIC - Single","","https://audio-ssl.itunes.apple.com/itunes-assets/AudioPreview221/v4/e0/7c/1e/e07c1ecc-bcec-7c1e-49f7-560a93f44ef6/mzaf_6126382803172791372.plus.aac.p.m4a","2025-06-12","155","","","","Ragga Jungle","Ed Solo foi curado para ampliar a diversidade reproduzível de Ragga Jungle.","low_coverage_subgenre_expansion_v21_20260820","","https://music.apple.com/us/album/boombastic/1818330151?i=1818330153&uo=4","https://music.apple.com/us/album/boombastic/1818330151?i=1818330153&uo=4","3397631301","https://www.deezer.com/track/3397631301","https://is1-ssl.mzstatic.com/image/thumb/Music211/v4/5f/c4/1e/5fc41e93-2475-b290-ed02-fc1dd924a562/cover.jpg/600x600bb.jpg","","verified_low_coverage_subgenre_depth","ragga_jungle;Ragga Jungle;curated_artist;playable_depth;low_coverage_subgenre_expansion_v21_20260820;itunes_verified;deezer_verified","catalog_depth","low_coverage_style_repair","published","high","Artista curado para Ragga Jungle; artista exato, gravação e prévia verificados em Apple Music e Deezer."
"ragga_jungle","Ed Solo","Sensi","Sensi","","https://cdnt-preview.dzcdn.net/api/1/1/7/e/3/0/7e3d67f752652806a0dfb022517b06a7.mp3?hdnea=exp=1787243655~acl=/api/1/1/7/e/3/0/7e3d67f752652806a0dfb022517b06a7.mp3*~data=user_id=0,application_id=42~hmac=74dbbc1c93edee8b1728f5f2fde007976ca62363b7cd8231e15efb11d3087583","","347","","","","Ragga Jungle","Ed Solo foi curado para ampliar a diversidade reproduzível de Ragga Jungle.","low_coverage_subgenre_expansion_v21_20260820","","https://www.deezer.com/track/97019160","https://www.deezer.com/track/97019160","97019160","https://www.deezer.com/track/97019160","https://cdn-images.dzcdn.net/images/cover/ec326ce00138ef4da786a261a4f851d1/500x500-000000-80-0-0.jpg","","verified_low_coverage_subgenre_depth","ragga_jungle;Ragga Jungle;curated_artist;playable_depth;low_coverage_subgenre_expansion_v21_20260820","catalog_depth","low_coverage_style_repair","published","high","Artista curado para Ragga Jungle; artista exato, gravação e prévia verificados no Deezer."
"ragga_jungle","General Levy","Body Shaping (Radio Mix)","Body Shaping (Radio Mix)","","https://cdnt-preview.dzcdn.net/api/1/1/8/f/4/0/8f47f44a209c5984cfb8c743b38644e9.mp3?hdnea=exp=1787243652~acl=/api/1/1/8/f/4/0/8f47f44a209c5984cfb8c743b38644e9.mp3*~data=user_id=0,application_id=42~hmac=587817176b73f188838e79f7d4627412a351f5032fa631bb576a76a3b3d219c9","","219","","","","Ragga Jungle","General Levy foi curado para ampliar a diversidade reproduzível de Ragga Jungle.","low_coverage_subgenre_expansion_v21_20260820","","https://www.deezer.com/track/2139492057","https://www.deezer.com/track/2139492057","2139492057","https://www.deezer.com/track/2139492057","https://cdn-images.dzcdn.net/images/cover/f7727ef18dc0bac6ddee94e18438c0be/500x500-000000-80-0-0.jpg","","verified_low_coverage_subgenre_depth","ragga_jungle;Ragga Jungle;curated_artist;playable_depth;low_coverage_subgenre_expansion_v21_20260820","catalog_depth","low_coverage_style_repair","published","high","Artista curado para Ragga Jungle; artista exato, gravação e prévia verificados no Deezer."
"ragga_jungle","General Levy","Champagne Body","Wickedness Increase","","https://audio-ssl.itunes.apple.com/itunes-assets/AudioPreview125/v4/9b/72/ad/9b72ad6d-85b9-5321-a448-3ed6b64e042e/mzaf_15831600613344022103.plus.aac.p.m4a","1993-01-01","235","","","","Ragga Jungle","General Levy foi curado para ampliar a diversidade reproduzível de Ragga Jungle.","low_coverage_subgenre_expansion_v21_20260820","","https://music.apple.com/us/album/champagne-body/502592453?i=502592628&uo=4","https://music.apple.com/us/album/champagne-body/502592453?i=502592628&uo=4","16602256","https://www.deezer.com/track/16602256","https://is1-ssl.mzstatic.com/image/thumb/Music115/v4/fe/40/28/fe402831-2a27-b600-2ff7-9038f6599504/mzi.czzkpxzv.jpg/600x600bb.jpg","","verified_low_coverage_subgenre_depth","ragga_jungle;Ragga Jungle;curated_artist;playable_depth;low_coverage_subgenre_expansion_v21_20260820;itunes_verified;deezer_verified","catalog_depth","low_coverage_style_repair","published","high","Artista curado para Ragga Jungle; artista exato, gravação e prévia verificados em Apple Music e Deezer."
"ragga_jungle","General Levy","Jah Jah Bless","Jah Jah Bless - Single","","https://audio-ssl.itunes.apple.com/itunes-assets/AudioPreview115/v4/c1/6b/61/c16b6155-0e50-3957-cd0a-c14072bbda24/mzaf_1100834361601046174.plus.aac.p.m4a","2011-01-24","212","","","","Ragga Jungle","General Levy foi curado para ampliar a diversidade reproduzível de Ragga Jungle.","low_coverage_subgenre_expansion_v21_20260820","","https://music.apple.com/us/album/jah-jah-bless/416298615?i=416298616&uo=4","https://music.apple.com/us/album/jah-jah-bless/416298615?i=416298616&uo=4","8768021","https://www.deezer.com/track/8768021","https://is1-ssl.mzstatic.com/image/thumb/Music/38/bc/af/mzi.pxpkaoqz.jpg/600x600bb.jpg","","verified_low_coverage_subgenre_depth","ragga_jungle;Ragga Jungle;curated_artist;playable_depth;low_coverage_subgenre_expansion_v21_20260820;itunes_verified;deezer_verified","catalog_depth","low_coverage_style_repair","published","high","Artista curado para Ragga Jungle; artista exato, gravação e prévia verificados em Apple Music e Deezer."
"ragga_jungle","General Levy","We Progressive","We Progressive","","https://cdnt-preview.dzcdn.net/api/1/1/9/b/6/0/9b664920ca0e9082b4aae8d1bbe4cb8b.mp3?hdnea=exp=1787243652~acl=/api/1/1/9/b/6/0/9b664920ca0e9082b4aae8d1bbe4cb8b.mp3*~data=user_id=0,application_id=42~hmac=5ff9e1fa3eac73797da2039c490e9d91d60666374e8279fe16abd23fda0ad4c4","","252","","","","Ragga Jungle","General Levy foi curado para ampliar a diversidade reproduzível de Ragga Jungle.","low_coverage_subgenre_expansion_v21_20260820","","https://www.deezer.com/track/2560087362","https://www.deezer.com/track/2560087362","2560087362","https://www.deezer.com/track/2560087362","https://cdn-images.dzcdn.net/images/cover/6d0f3049ee0550f8fa608d6905f08ccc/500x500-000000-80-0-0.jpg","","verified_low_coverage_subgenre_depth","ragga_jungle;Ragga Jungle;curated_artist;playable_depth;low_coverage_subgenre_expansion_v21_20260820","catalog_depth","low_coverage_style_repair","published","high","Artista curado para Ragga Jungle; artista exato, gravação e prévia verificados no Deezer."
"ragga_jungle","Serial Killaz","Bun Babylon","Bun Babylon","","https://cdnt-preview.dzcdn.net/api/1/1/7/3/c/0/73cff94d026e779b7da94eb89e11060e.mp3?hdnea=exp=1787243653~acl=/api/1/1/7/3/c/0/73cff94d026e779b7da94eb89e11060e.mp3*~data=user_id=0,application_id=42~hmac=698821da3c9e3e60f6064ca4e648624c8853be2b7957848aeb82be698a666175","","321","","","","Ragga Jungle","Serial Killaz foi curado para ampliar a diversidade reproduzível de Ragga Jungle.","low_coverage_subgenre_expansion_v21_20260820","","https://www.deezer.com/track/1424387662","https://www.deezer.com/track/1424387662","1424387662","https://www.deezer.com/track/1424387662","https://cdn-images.dzcdn.net/images/cover/1c87db7705d0662a7a6aca7fce2aac9c/500x500-000000-80-0-0.jpg","","verified_low_coverage_subgenre_depth","ragga_jungle;Ragga Jungle;curated_artist;playable_depth;low_coverage_subgenre_expansion_v21_20260820","catalog_depth","low_coverage_style_repair","published","high","Artista curado para Ragga Jungle; artista exato, gravação e prévia verificados no Deezer."
"ragga_jungle","Serial Killaz","Lovely Woman","In Your Eyes / Lovely Woman - Single","","https://audio-ssl.itunes.apple.com/itunes-assets/AudioPreview125/v4/2a/09/3d/2a093d0c-8c83-6078-7077-2dfdeed83c42/mzaf_6519619934215919807.plus.aac.p.m4a","2013-11-25","296","","","","Ragga Jungle","Serial Killaz foi curado para ampliar a diversidade reproduzível de Ragga Jungle.","low_coverage_subgenre_expansion_v21_20260820","","https://music.apple.com/us/album/lovely-woman/748117943?i=748118127&uo=4","https://music.apple.com/us/album/lovely-woman/748117943?i=748118127&uo=4","452671852","https://www.deezer.com/track/452671852","https://is1-ssl.mzstatic.com/image/thumb/Music6/v4/10/7a/70/107a70bc-b63e-9616-79cc-5825476a62ab/KILLAZ005DIG.jpg/600x600bb.jpg","","verified_low_coverage_subgenre_depth","ragga_jungle;Ragga Jungle;curated_artist;playable_depth;low_coverage_subgenre_expansion_v21_20260820;itunes_verified;deezer_verified","catalog_depth","low_coverage_style_repair","published","high","Artista curado para Ragga Jungle; artista exato, gravação e prévia verificados em Apple Music e Deezer."
"ragga_jungle","Serial Killaz","Send Dem","Send Dem / Authentic - Single","","https://audio-ssl.itunes.apple.com/itunes-assets/AudioPreview221/v4/d0/75/f0/d075f070-4f90-0c28-1ddb-c86f61efaf02/mzaf_16938915591914599455.plus.aac.p.m4a","2011-09-26","329","","","","Ragga Jungle","Serial Killaz foi curado para ampliar a diversidade reproduzível de Ragga Jungle.","low_coverage_subgenre_expansion_v21_20260820","","https://music.apple.com/us/album/send-dem/463444808?i=463444810&uo=4","https://music.apple.com/us/album/send-dem/463444808?i=463444810&uo=4","1733746597","https://www.deezer.com/track/1733746597","https://is1-ssl.mzstatic.com/image/thumb/Music211/v4/8b/62/79/8b6279e6-646b-dc94-33cb-2b7bf5ff26bc/5055199503837.png/600x600bb.jpg","","verified_low_coverage_subgenre_depth","ragga_jungle;Ragga Jungle;curated_artist;playable_depth;low_coverage_subgenre_expansion_v21_20260820;itunes_verified;deezer_verified","catalog_depth","low_coverage_style_repair","published","high","Artista curado para Ragga Jungle; artista exato, gravação e prévia verificados em Apple Music e Deezer."
"ragga_jungle","Serial Killaz","Warrior","Warrior","","https://cdnt-preview.dzcdn.net/api/1/1/a/9/9/0/a9950f3acd7f89b7873819f4c200363b.mp3?hdnea=exp=1787243653~acl=/api/1/1/a/9/9/0/a9950f3acd7f89b7873819f4c200363b.mp3*~data=user_id=0,application_id=42~hmac=eb1b682fbd3721ebdb2b7ecb92528ab8eb5774c80b47e14b66b335cc4baecc53","","289","","","","Ragga Jungle","Serial Killaz foi curado para ampliar a diversidade reproduzível de Ragga Jungle.","low_coverage_subgenre_expansion_v21_20260820","","https://www.deezer.com/track/2224303537","https://www.deezer.com/track/2224303537","2224303537","https://www.deezer.com/track/2224303537","https://cdn-images.dzcdn.net/images/cover/938c1947fff108597c7a67b3f0c9b02f/500x500-000000-80-0-0.jpg","","verified_low_coverage_subgenre_depth","ragga_jungle;Ragga Jungle;curated_artist;playable_depth;low_coverage_subgenre_expansion_v21_20260820","catalog_depth","low_coverage_style_repair","published","high","Artista curado para Ragga Jungle; artista exato, gravação e prévia verificados no Deezer."
"retrowave","FM-84","Bend & Break","Bend & Break","","https://cdnt-preview.dzcdn.net/api/1/1/6/d/8/0/6d83c5dca23d8b2b3d0c08589d6a788d.mp3?hdnea=exp=1787243820~acl=/api/1/1/6/d/8/0/6d83c5dca23d8b2b3d0c08589d6a788d.mp3*~data=user_id=0,application_id=42~hmac=51b6c4d726c68229bab5c8616e7bb2be910eb07e9c1a74198f2925c0e70bdfbf","","316","","","","Retrowave","FM-84 foi curado para ampliar a diversidade reproduzível de Retrowave.","low_coverage_subgenre_expansion_v21_20260820","","https://www.deezer.com/track/3574981161","https://www.deezer.com/track/3574981161","3574981171","https://www.deezer.com/track/3574981171","https://cdn-images.dzcdn.net/images/cover/03c234e3044ab1201e51f9d2dd178387/500x500-000000-80-0-0.jpg","","verified_low_coverage_subgenre_depth","retrowave;Retrowave;curated_artist;playable_depth;low_coverage_subgenre_expansion_v21_20260820;deezer_verified","catalog_depth","low_coverage_style_repair","published","high","Artista curado para Retrowave; artista exato, gravação e prévia verificados em Deezer."
"retrowave","FM-84","Fade","Maverick (Atlas B-Sides)","","https://cdnt-preview.dzcdn.net/api/1/1/f/2/3/0/f2379e0c7dd5dc2640f5c1ca12a64482.mp3?hdnea=exp=1787243820~acl=/api/1/1/f/2/3/0/f2379e0c7dd5dc2640f5c1ca12a64482.mp3*~data=user_id=0,application_id=42~hmac=b5c0680fd3584bb1dd80801b0cac07f762ea8583bf23d28c03c3191f948975e2","","300","","","","Retrowave","FM-84 foi curado para ampliar a diversidade reproduzível de Retrowave.","low_coverage_subgenre_expansion_v21_20260820","","https://www.deezer.com/track/3574980951","https://www.deezer.com/track/3574980951","3574980951","https://www.deezer.com/track/3574980951","https://cdn-images.dzcdn.net/images/cover/8ecf9cc62912ed8a12f890482f71f28c/500x500-000000-80-0-0.jpg","","verified_low_coverage_subgenre_depth","retrowave;Retrowave;curated_artist;playable_depth;low_coverage_subgenre_expansion_v21_20260820","catalog_depth","low_coverage_style_repair","published","high","Artista curado para Retrowave; artista exato, gravação e prévia verificados no Deezer."
"retrowave","FM-84","Never Stop","Never Stop","","https://cdnt-preview.dzcdn.net/api/1/1/7/2/7/0/727662d144d7a761ec0bc97d856dd1da.mp3?hdnea=exp=1787243820~acl=/api/1/1/7/2/7/0/727662d144d7a761ec0bc97d856dd1da.mp3*~data=user_id=0,application_id=42~hmac=b911d28da789106e17ca43ccfa2ef53c92edd18fd995fdf675b084d0db02359a","","286","","","","Retrowave","FM-84 foi curado para ampliar a diversidade reproduzível de Retrowave.","low_coverage_subgenre_expansion_v21_20260820","","https://www.deezer.com/track/3574981121","https://www.deezer.com/track/3574981121","3574981121","https://www.deezer.com/track/3574981121","https://cdn-images.dzcdn.net/images/cover/acee4ed25dd5dd107bbaf4a8d415642e/500x500-000000-80-0-0.jpg","","verified_low_coverage_subgenre_depth","retrowave;Retrowave;curated_artist;playable_depth;low_coverage_subgenre_expansion_v21_20260820","catalog_depth","low_coverage_style_repair","published","high","Artista curado para Retrowave; artista exato, gravação e prévia verificados no Deezer."
"retrowave","FM-84","Wild Ones","Atlas","","https://cdnt-preview.dzcdn.net/api/1/1/0/c/d/0/0cd06b30e3016df5c16b451bb93bbbb3.mp3?hdnea=exp=1787243820~acl=/api/1/1/0/c/d/0/0cd06b30e3016df5c16b451bb93bbbb3.mp3*~data=user_id=0,application_id=42~hmac=8b0792f39b94018e39972e1d3540be99c9703553642c28d248481296bb6ac0c4","","268","","","","Retrowave","FM-84 foi curado para ampliar a diversidade reproduzível de Retrowave.","low_coverage_subgenre_expansion_v21_20260820","","https://www.deezer.com/track/3574988601","https://www.deezer.com/track/3574988601","3574988601","https://www.deezer.com/track/3574988601","https://cdn-images.dzcdn.net/images/cover/04d07d77a2c800ccf5bd4e4d9ede49bf/500x500-000000-80-0-0.jpg","","verified_low_coverage_subgenre_depth","retrowave;Retrowave;curated_artist;playable_depth;low_coverage_subgenre_expansion_v21_20260820","catalog_depth","low_coverage_style_repair","published","high","Artista curado para Retrowave; artista exato, gravação e prévia verificados no Deezer."
"retrowave","The Midnight","Long Island","Syndicate","","https://cdnt-preview.dzcdn.net/api/1/1/a/b/7/0/ab79f6a88808a213cff94971d2903780.mp3?hdnea=exp=1787243820~acl=/api/1/1/a/b/7/0/ab79f6a88808a213cff94971d2903780.mp3*~data=user_id=0,application_id=42~hmac=c9602b83582a64729433b67d5231dfbbc681e64de0b63f3aa7af360c6ebbbcbc","","308","","","","Retrowave","The Midnight foi curado para ampliar a diversidade reproduzível de Retrowave.","low_coverage_subgenre_expansion_v21_20260820","","https://www.deezer.com/track/3575354021","https://www.deezer.com/track/3575354021","3575354021","https://www.deezer.com/track/3575354021","https://cdn-images.dzcdn.net/images/cover/723396585e6510e9922298e1fdcf92bc/500x500-000000-80-0-0.jpg","","verified_low_coverage_subgenre_depth","retrowave;Retrowave;curated_artist;playable_depth;low_coverage_subgenre_expansion_v21_20260820","catalog_depth","low_coverage_style_repair","published","high","Artista curado para Retrowave; artista exato, gravação e prévia verificados no Deezer."
"retrowave","The Midnight","Neon Odyssey","Neon Odyssey","","https://cdnt-preview.dzcdn.net/api/1/1/a/5/f/0/a5f8df29d08221072a0207958a469e23.mp3?hdnea=exp=1787243820~acl=/api/1/1/a/5/f/0/a5f8df29d08221072a0207958a469e23.mp3*~data=user_id=0,application_id=42~hmac=014434d1d420369ceea2e0746b2ace0bdddaab26a397585e2798b6082573270e","","292","","","","Retrowave","The Midnight foi curado para ampliar a diversidade reproduzível de Retrowave.","low_coverage_subgenre_expansion_v21_20260820","","https://www.deezer.com/track/3989072151","https://www.deezer.com/track/3989072151","3989072151","https://www.deezer.com/track/3989072151","https://cdn-images.dzcdn.net/images/cover/9c1567c6cd579a2686aa0d7b822fb5ae/500x500-000000-80-0-0.jpg","","verified_low_coverage_subgenre_depth","retrowave;Retrowave;curated_artist;playable_depth;low_coverage_subgenre_expansion_v21_20260820","catalog_depth","low_coverage_style_repair","published","high","Artista curado para Retrowave; artista exato, gravação e prévia verificados no Deezer."
"retrowave","The Midnight","River of Darkness","Nocturnal","","https://cdnt-preview.dzcdn.net/api/1/1/0/4/a/0/04aa0fb79b0d2145555b341657dbc4b4.mp3?hdnea=exp=1787243820~acl=/api/1/1/0/4/a/0/04aa0fb79b0d2145555b341657dbc4b4.mp3*~data=user_id=0,application_id=42~hmac=62f8fe5a6d2bb6cc18093d04e848099588076a32679c114cd8387cc04625e6c6","","365","","","","Retrowave","The Midnight foi curado para ampliar a diversidade reproduzível de Retrowave.","low_coverage_subgenre_expansion_v21_20260820","","https://www.deezer.com/track/2904317941","https://www.deezer.com/track/2904317941","2904317941","https://www.deezer.com/track/2904317941","https://cdn-images.dzcdn.net/images/cover/be6f3b1d4bcf875b1ccb74b195cb9224/500x500-000000-80-0-0.jpg","","verified_low_coverage_subgenre_depth","retrowave;Retrowave;curated_artist;playable_depth;low_coverage_subgenre_expansion_v21_20260820","catalog_depth","low_coverage_style_repair","published","high","Artista curado para Retrowave; artista exato, gravação e prévia verificados no Deezer."
"retrowave","The Midnight","Summer's Ending Soon","Syndicate","","https://audio-ssl.itunes.apple.com/itunes-assets/AudioPreview221/v4/65/86/60/65866037-16e7-865f-5f4c-4626b8d63662/mzaf_279344333403570124.plus.aac.p.m4a","2025-08-29","411","","","","Retrowave","The Midnight foi curado para ampliar a diversidade reproduzível de Retrowave.","low_coverage_subgenre_expansion_v21_20260820","","https://music.apple.com/us/album/summers-ending-soon/1828485047?i=1828485435&uo=4","https://music.apple.com/us/album/summers-ending-soon/1828485047?i=1828485435&uo=4","3474799211","https://www.deezer.com/track/3474799211","https://is1-ssl.mzstatic.com/image/thumb/Music221/v4/e6/f7/e2/e6f7e2d4-9e97-1784-06f1-580fb22ff58f/196873309996.jpg/600x600bb.jpg","","verified_low_coverage_subgenre_depth","retrowave;Retrowave;curated_artist;playable_depth;low_coverage_subgenre_expansion_v21_20260820;itunes_verified;deezer_verified","catalog_depth","low_coverage_style_repair","published","high","Artista curado para Retrowave; artista exato, gravação e prévia verificados em Apple Music e Deezer."
"retrowave","Timecop1983","Dreams (feat. Dana Jean Phoenix)","Journeys","","https://audio-ssl.itunes.apple.com/itunes-assets/AudioPreview125/v4/b6/f1/0f/b6f10f45-c1b4-f3de-bcd4-9d24f6d0f59a/mzaf_9091100372209877445.plus.aac.p.m4a","2014-06-10","355","","","","Retrowave","Timecop1983 foi curado para ampliar a diversidade reproduzível de Retrowave.","low_coverage_subgenre_expansion_v21_20260820","","https://music.apple.com/us/album/dreams-feat-dana-jean-phoenix/1066381142?i=1066381204&uo=4","https://music.apple.com/us/album/dreams-feat-dana-jean-phoenix/1066381142?i=1066381204&uo=4","","","https://is1-ssl.mzstatic.com/image/thumb/Music2/v4/99/da/cf/99dacffc-7a8e-5d3e-1661-607c858f1911/859716166711_cover.jpg/600x600bb.jpg","","verified_low_coverage_subgenre_depth","retrowave;Retrowave;curated_artist;playable_depth;low_coverage_subgenre_expansion_v21_20260820","catalog_depth","low_coverage_style_repair","published","high","Artista curado para Retrowave; artista exato, gravação e prévia verificados no Apple Music."
"retrowave","Timecop1983","Escaping the Void","Multiverse - EP","","https://audio-ssl.itunes.apple.com/itunes-assets/AudioPreview112/v4/43/12/f4/4312f409-7e38-d2b1-98ce-2b88df38a687/mzaf_315899980521335844.plus.aac.p.m4a","2022-09-02","311","","","","Retrowave","Timecop1983 foi curado para ampliar a diversidade reproduzível de Retrowave.","low_coverage_subgenre_expansion_v21_20260820","","https://music.apple.com/us/album/escaping-the-void/1634054045?i=1634054048&uo=4","https://music.apple.com/us/album/escaping-the-void/1634054045?i=1634054048&uo=4","","","https://is1-ssl.mzstatic.com/image/thumb/Music112/v4/44/6d/9c/446d9c05-4b6e-2bcb-1b58-613853eeedeb/859763761181_cover.jpg/600x600bb.jpg","","verified_low_coverage_subgenre_depth","retrowave;Retrowave;curated_artist;playable_depth;low_coverage_subgenre_expansion_v21_20260820","catalog_depth","low_coverage_style_repair","published","high","Artista curado para Retrowave; artista exato, gravação e prévia verificados no Apple Music."
"retrowave","Timecop1983","Lovers (feat. Seawaves)","Lovers, Pt. 1","","https://audio-ssl.itunes.apple.com/itunes-assets/AudioPreview115/v4/22/29/ab/2229abaf-cf43-8806-ff8b-f0717eafffb9/mzaf_9656824678919016036.plus.aac.p.m4a","2016-07-22","370","","","","Retrowave","Timecop1983 foi curado para ampliar a diversidade reproduzível de Retrowave.","low_coverage_subgenre_expansion_v21_20260820","","https://music.apple.com/us/album/lovers-feat-seawaves/1132631866?i=1132632050&uo=4","https://music.apple.com/us/album/lovers-feat-seawaves/1132631866?i=1132632050&uo=4","","","https://is1-ssl.mzstatic.com/image/thumb/Music114/v4/76/19/d8/7619d8eb-9be7-bb3f-fbbc-5806519b815e/859717734223_cover.jpg/600x600bb.jpg","","verified_low_coverage_subgenre_depth","retrowave;Retrowave;curated_artist;playable_depth;low_coverage_subgenre_expansion_v21_20260820","catalog_depth","low_coverage_style_repair","published","high","Artista curado para Retrowave; artista exato, gravação e prévia verificados no Apple Music."
"retrowave","Timecop1983","Memories","Lovers, Pt. 2","","https://audio-ssl.itunes.apple.com/itunes-assets/AudioPreview125/v4/b7/f7/11/b7f711df-4467-6645-91a7-1e90e9fa1ddc/mzaf_8885456641699537418.plus.aac.p.m4a","2017-08-05","274","","","","Retrowave","Timecop1983 foi curado para ampliar a diversidade reproduzível de Retrowave.","low_coverage_subgenre_expansion_v21_20260820","","https://music.apple.com/us/album/memories/1262122104?i=1262122676&uo=4","https://music.apple.com/us/album/memories/1262122104?i=1262122676&uo=4","","","https://is1-ssl.mzstatic.com/image/thumb/Music124/v4/f1/8b/18/f18b18c7-3fd1-a694-ae25-02900a545321/859722109368_cover.jpg/600x600bb.jpg","","verified_low_coverage_subgenre_depth","retrowave;Retrowave;curated_artist;playable_depth;low_coverage_subgenre_expansion_v21_20260820","catalog_depth","low_coverage_style_repair","published","high","Artista curado para Retrowave; artista exato, gravação e prévia verificados no Apple Music."
"reverse_bass","Activator","Designed To Rock the Place","Verknipt ArenA","","https://audio-ssl.itunes.apple.com/itunes-assets/AudioPreview211/v4/a4/cc/da/a4ccda40-fe84-2bc6-ba98-13e2bb4061ac/mzaf_546300484275584366.plus.aac.p.m4a","2024-07-19","374","","","","Reverse Bass","Activator foi curado para ampliar a diversidade reproduzível de Reverse Bass.","low_coverage_subgenre_expansion_v21_20260820","https://hardstylemag.com/get-started-reverse-bass/","https://music.apple.com/us/album/designed-to-rock-the-place/1753146643?i=1753146839&uo=4","https://music.apple.com/us/album/designed-to-rock-the-place/1753146643?i=1753146839&uo=4","2856839772","https://www.deezer.com/track/2856839772","https://is1-ssl.mzstatic.com/image/thumb/Music211/v4/9a/dc/3d/9adc3d71-be8d-6cc4-e67e-304c1ac9bc76/8715576212840_cover.jpg/600x600bb.jpg","","verified_low_coverage_subgenre_depth","reverse_bass;Reverse Bass;curated_artist;playable_depth;low_coverage_subgenre_expansion_v21_20260820;itunes_verified;deezer_verified","catalog_depth","low_coverage_style_repair","published","high","Artista curado para Reverse Bass; artista exato, gravação e prévia verificados em Apple Music e Deezer."
"reverse_bass","Activator","Like A Slut","Tektones #11 (Selected by T78)","","https://cdnt-preview.dzcdn.net/api/1/1/7/7/8/0/778174ed8d61cc13c9a2b33c55b0f1de.mp3?hdnea=exp=1787243658~acl=/api/1/1/7/7/8/0/778174ed8d61cc13c9a2b33c55b0f1de.mp3*~data=user_id=0,application_id=42~hmac=867a095759659f94f6f6634f036f79f9c2695e1626767bd52f81b686e6bb69d6","","315","","","","Reverse Bass","Activator foi curado para ampliar a diversidade reproduzível de Reverse Bass.","low_coverage_subgenre_expansion_v21_20260820","https://hardstylemag.com/get-started-reverse-bass/","https://www.deezer.com/track/2045482687","https://www.deezer.com/track/2045482687","103254840","https://www.deezer.com/track/103254840","https://cdn-images.dzcdn.net/images/cover/43c0c9c2dba0e4f93ce6db16df5d9508/500x500-000000-80-0-0.jpg","","verified_low_coverage_subgenre_depth","reverse_bass;Reverse Bass;curated_artist;playable_depth;low_coverage_subgenre_expansion_v21_20260820;deezer_verified","catalog_depth","low_coverage_style_repair","published","high","Artista curado para Reverse Bass; artista exato, gravação e prévia verificados em Deezer."
"reverse_bass","Activator","Sparta","Sparta - Single","","https://audio-ssl.itunes.apple.com/itunes-assets/AudioPreview125/v4/c5/03/d1/c503d1c8-f077-dbec-b904-b13afa9aaf86/mzaf_9893021059201915760.plus.aac.p.m4a","2009-07-12","370","","","","Reverse Bass","Activator foi curado para ampliar a diversidade reproduzível de Reverse Bass.","low_coverage_subgenre_expansion_v21_20260820","https://hardstylemag.com/get-started-reverse-bass/","https://music.apple.com/us/album/sparta/684669241?i=684669244&uo=4","https://music.apple.com/us/album/sparta/684669241?i=684669244&uo=4","69776454","https://www.deezer.com/track/69776454","https://is1-ssl.mzstatic.com/image/thumb/Music4/v4/8c/79/da/8c79daa1-09f9-7346-4ac1-b38b6ad98303/cover.jpg/600x600bb.jpg","","verified_low_coverage_subgenre_depth","reverse_bass;Reverse Bass;curated_artist;playable_depth;low_coverage_subgenre_expansion_v21_20260820;itunes_verified;deezer_verified","catalog_depth","low_coverage_style_repair","published","high","Artista curado para Reverse Bass; artista exato, gravação e prévia verificados em Apple Music e Deezer."
"reverse_bass","Activator","Summer Breeze","The Qontinent 2012","","https://cdnt-preview.dzcdn.net/api/1/1/0/9/a/0/09afff3f0f906506f83de2248b35d9c6.mp3?hdnea=exp=1787243658~acl=/api/1/1/0/9/a/0/09afff3f0f906506f83de2248b35d9c6.mp3*~data=user_id=0,application_id=42~hmac=f6cae0fa3640284fee4ac9e405f425d136dc7d33ffa41a260fc49d778a787fe1","","344","","","","Reverse Bass","Activator foi curado para ampliar a diversidade reproduzível de Reverse Bass.","low_coverage_subgenre_expansion_v21_20260820","https://hardstylemag.com/get-started-reverse-bass/","https://www.deezer.com/track/67039331","https://www.deezer.com/track/67039331","356018631","https://www.deezer.com/track/356018631","https://cdn-images.dzcdn.net/images/cover/2ea90f8d36cb486febd2a83ea13859ae/500x500-000000-80-0-0.jpg","","verified_low_coverage_subgenre_depth","reverse_bass;Reverse Bass;curated_artist;playable_depth;low_coverage_subgenre_expansion_v21_20260820;deezer_verified","catalog_depth","low_coverage_style_repair","published","high","Artista curado para Reverse Bass; artista exato, gravação e prévia verificados em Deezer."
"reverse_bass","Technoboy","Catfight","Catfight - Single","","https://audio-ssl.itunes.apple.com/itunes-assets/AudioPreview125/v4/61/89/f7/6189f72f-2bbb-a34e-6528-e1d385bce7ee/mzaf_7774033436448842479.plus.aac.p.m4a","2003-03-25","314","","","","Reverse Bass","Technoboy foi curado para ampliar a diversidade reproduzível de Reverse Bass.","low_coverage_subgenre_expansion_v21_20260820","https://hardstylemag.com/get-started-reverse-bass/","https://music.apple.com/us/album/catfight/1218785452?i=1218785610&uo=4","https://music.apple.com/us/album/catfight/1218785452?i=1218785610&uo=4","144962240","https://www.deezer.com/track/144962240","https://is1-ssl.mzstatic.com/image/thumb/Music82/v4/bf/94/3d/bf943d88-79b8-6ec4-9ba7-ac4967640c48/cover.jpg/600x600bb.jpg","","verified_low_coverage_subgenre_depth","reverse_bass;Reverse Bass;curated_artist;playable_depth;low_coverage_subgenre_expansion_v21_20260820;itunes_verified;deezer_verified","catalog_depth","low_coverage_style_repair","published","high","Artista curado para Reverse Bass; artista exato, gravação e prévia verificados em Apple Music e Deezer."
"reverse_bass","Technoboy","Digital Nation","Power Lifting Hardstyle Hits 2022 Workout Compilation","","https://cdnt-preview.dzcdn.net/api/1/1/8/0/7/0/8079859e527e4e79be52f09ef4fb7f8f.mp3?hdnea=exp=1787243657~acl=/api/1/1/8/0/7/0/8079859e527e4e79be52f09ef4fb7f8f.mp3*~data=user_id=0,application_id=42~hmac=f6a0e1bd556e2ac0cc0fc5b5f6a034a3748d9dec5c60a639ff3a578b1bcd2206","","306","","","","Reverse Bass","Technoboy foi curado para ampliar a diversidade reproduzível de Reverse Bass.","low_coverage_subgenre_expansion_v21_20260820","https://hardstylemag.com/get-started-reverse-bass/","https://www.deezer.com/track/1915217267","https://www.deezer.com/track/1915217267","360896641","https://www.deezer.com/track/360896641","https://cdn-images.dzcdn.net/images/cover/65fec40dc03299b89eea3da1a5525baf/500x500-000000-80-0-0.jpg","","verified_low_coverage_subgenre_depth","reverse_bass;Reverse Bass;curated_artist;playable_depth;low_coverage_subgenre_expansion_v21_20260820;deezer_verified","catalog_depth","low_coverage_style_repair","published","high","Artista curado para Reverse Bass; artista exato, gravação e prévia verificados em Deezer."
"reverse_bass","Technoboy","Next Dimensional World (Qlimax Anthem 2008)","Next Dimensional World (Qlimax Anthem 2008)","","https://cdnt-preview.dzcdn.net/api/1/1/8/f/0/0/8f0ca6869c8373ca9ce423951dc85927.mp3?hdnea=exp=1787243657~acl=/api/1/1/8/f/0/0/8f0ca6869c8373ca9ce423951dc85927.mp3*~data=user_id=0,application_id=42~hmac=bc38448e439df7eb134a3a73b4fca0f097f9dc9af5b8d938f06e7dc79aafe876","","244","","","","Reverse Bass","Technoboy foi curado para ampliar a diversidade reproduzível de Reverse Bass.","low_coverage_subgenre_expansion_v21_20260820","https://hardstylemag.com/get-started-reverse-bass/","https://www.deezer.com/track/75881065","https://www.deezer.com/track/75881065","75881065","https://www.deezer.com/track/75881065","https://cdn-images.dzcdn.net/images/cover/8fcb373141bbf4481cbe11803494c806/500x500-000000-80-0-0.jpg","","verified_low_coverage_subgenre_depth","reverse_bass;Reverse Bass;curated_artist;playable_depth;low_coverage_subgenre_expansion_v21_20260820","catalog_depth","low_coverage_style_repair","published","high","Artista curado para Reverse Bass; artista exato, gravação e prévia verificados no Deezer."
"reverse_bass","Technoboy","Power Hour","Power Hour","","https://cdnt-preview.dzcdn.net/api/1/1/2/2/3/0/223b726a2b68e632b869202bf8a8a172.mp3?hdnea=exp=1787243657~acl=/api/1/1/2/2/3/0/223b726a2b68e632b869202bf8a8a172.mp3*~data=user_id=0,application_id=42~hmac=3a01a79054140cd2f86a1202a97eed5b5c8eadc7d9501eb803059ce16b3dd11e","","219","","","","Reverse Bass","Technoboy foi curado para ampliar a diversidade reproduzível de Reverse Bass.","low_coverage_subgenre_expansion_v21_20260820","https://hardstylemag.com/get-started-reverse-bass/","https://www.deezer.com/track/965487972","https://www.deezer.com/track/965487972","965487982","https://www.deezer.com/track/965487982","https://cdn-images.dzcdn.net/images/cover/0a60bacc2c45ee7cbd0a68bc94952a61/500x500-000000-80-0-0.jpg","","verified_low_coverage_subgenre_depth","reverse_bass;Reverse Bass;curated_artist;playable_depth;low_coverage_subgenre_expansion_v21_20260820;deezer_verified","catalog_depth","low_coverage_style_repair","published","high","Artista curado para Reverse Bass; artista exato, gravação e prévia verificados em Deezer."
"reverse_bass","The Prophet","Haters Gonna Hate","Haters Gonna Hate","","https://cdnt-preview.dzcdn.net/api/1/1/7/e/f/0/7efaf253a46bf654c453e6e3084c2e9d.mp3?hdnea=exp=1787243656~acl=/api/1/1/7/e/f/0/7efaf253a46bf654c453e6e3084c2e9d.mp3*~data=user_id=0,application_id=42~hmac=e727051c4e2f3c5cb2bc85295ae09a3b5f077f837a09444e3546d5b64a1352b1","","204","","","","Reverse Bass","The Prophet foi curado para ampliar a diversidade reproduzível de Reverse Bass.","low_coverage_subgenre_expansion_v21_20260820","https://hardstylemag.com/get-started-reverse-bass/","https://www.deezer.com/track/3287483511","https://www.deezer.com/track/3287483511","3287483511","https://www.deezer.com/track/3287483511","https://cdn-images.dzcdn.net/images/cover/a14d272540d1514394b899213459d327/500x500-000000-80-0-0.jpg","","verified_low_coverage_subgenre_depth","reverse_bass;Reverse Bass;curated_artist;playable_depth;low_coverage_subgenre_expansion_v21_20260820","catalog_depth","low_coverage_style_repair","published","high","Artista curado para Reverse Bass; artista exato, gravação e prévia verificados no Deezer."
"reverse_bass","The Prophet","Ichiban","Ichiban","","https://cdnt-preview.dzcdn.net/api/1/1/f/6/4/0/f640383aa6f3e800830ea043d996c7f2.mp3?hdnea=exp=1787243656~acl=/api/1/1/f/6/4/0/f640383aa6f3e800830ea043d996c7f2.mp3*~data=user_id=0,application_id=42~hmac=6014f99b85d3904b75255fd22e57b042cc4dedfd4e3e26fe63290a52227ff9c0","","153","","","","Reverse Bass","The Prophet foi curado para ampliar a diversidade reproduzível de Reverse Bass.","low_coverage_subgenre_expansion_v21_20260820","https://hardstylemag.com/get-started-reverse-bass/","https://www.deezer.com/track/3287479591","https://www.deezer.com/track/3287479591","3287479591","https://www.deezer.com/track/3287479591","https://cdn-images.dzcdn.net/images/cover/d3fb24f090c2c39bc4d243bf15e66d68/500x500-000000-80-0-0.jpg","","verified_low_coverage_subgenre_depth","reverse_bass;Reverse Bass;curated_artist;playable_depth;low_coverage_subgenre_expansion_v21_20260820","catalog_depth","low_coverage_style_repair","published","high","Artista curado para Reverse Bass; artista exato, gravação e prévia verificados no Deezer."
"reverse_bass","The Prophet","Summer Of Hardstyle","Summer Of Hardstyle","","https://cdnt-preview.dzcdn.net/api/1/1/9/3/7/0/937c7f2aff0f4f96a733e23a18ddf724.mp3?hdnea=exp=1787243656~acl=/api/1/1/9/3/7/0/937c7f2aff0f4f96a733e23a18ddf724.mp3*~data=user_id=0,application_id=42~hmac=00df92b8a1b0b8629d9af95080177912ca1903da4e4fdb3cbf47218fb0217d4f","","361","","","","Reverse Bass","The Prophet foi curado para ampliar a diversidade reproduzível de Reverse Bass.","low_coverage_subgenre_expansion_v21_20260820","https://hardstylemag.com/get-started-reverse-bass/","https://www.deezer.com/track/86472281","https://www.deezer.com/track/86472281","86472281","https://www.deezer.com/track/86472281","https://cdn-images.dzcdn.net/images/cover/fc2c42915bf01d0944fb66414db15971/500x500-000000-80-0-0.jpg","","verified_low_coverage_subgenre_depth","reverse_bass;Reverse Bass;curated_artist;playable_depth;low_coverage_subgenre_expansion_v21_20260820","catalog_depth","low_coverage_style_repair","published","high","Artista curado para Reverse Bass; artista exato, gravação e prévia verificados no Deezer."
"reverse_bass","The Prophet","Uptempo Mashup","From The Hard","","https://cdnt-preview.dzcdn.net/api/1/1/9/9/4/0/994e01a96a085e85768221dfbfe0013d.mp3?hdnea=exp=1787243656~acl=/api/1/1/9/9/4/0/994e01a96a085e85768221dfbfe0013d.mp3*~data=user_id=0,application_id=42~hmac=44051d850a45bd32dcc91c496b89a098e57ac4981de4865917f4bcb480a2fa83","","210","","","","Reverse Bass","The Prophet foi curado para ampliar a diversidade reproduzível de Reverse Bass.","low_coverage_subgenre_expansion_v21_20260820","https://hardstylemag.com/get-started-reverse-bass/","https://www.deezer.com/track/3287492011","https://www.deezer.com/track/3287492011","3287492011","https://www.deezer.com/track/3287492011","https://cdn-images.dzcdn.net/images/cover/99e87bb5641094ce8759ddd1302058b9/500x500-000000-80-0-0.jpg","","verified_low_coverage_subgenre_depth","reverse_bass;Reverse Bass;curated_artist;playable_depth;low_coverage_subgenre_expansion_v21_20260820","catalog_depth","low_coverage_style_repair","published","high","Artista curado para Reverse Bass; artista exato, gravação e prévia verificados no Deezer."
"slap_house","HVME","Goosebumps","Goosebumps","","https://cdnt-preview.dzcdn.net/api/1/1/1/e/6/0/1e675a739afaad27a5ceb2ca43d9ca3b.mp3?hdnea=exp=1787243843~acl=/api/1/1/1/e/6/0/1e675a739afaad27a5ceb2ca43d9ca3b.mp3*~data=user_id=0,application_id=42~hmac=f0d915af213562845578462db499e04722903b0651f9a27298d9a7b068a591c5","","163","","","","Slap House","HVME foi curado para ampliar a diversidade reproduzível de Slap House.","low_coverage_subgenre_expansion_v21_20260820","","https://www.deezer.com/track/1029267872","https://www.deezer.com/track/1029267872","1029267872","https://www.deezer.com/track/1029267872","https://cdn-images.dzcdn.net/images/cover/f1c61639aea9ae483a9cf554a79b01b1/500x500-000000-80-0-0.jpg","","verified_low_coverage_subgenre_depth","slap_house;Slap House;curated_artist;playable_depth;low_coverage_subgenre_expansion_v21_20260820","catalog_depth","low_coverage_style_repair","published","high","Artista curado para Slap House; artista exato, gravação e prévia verificados no Deezer."
"slap_house","HVME","Money On My Mind","Money On My Mind - Single","","https://audio-ssl.itunes.apple.com/itunes-assets/AudioPreview115/v4/28/d6/79/28d67915-7ce3-d71e-0fd6-d865e2be3a08/mzaf_9694983534197542909.plus.aac.p.m4a","2021-10-29","127","","","","Slap House","HVME foi curado para ampliar a diversidade reproduzível de Slap House.","low_coverage_subgenre_expansion_v21_20260820","","https://music.apple.com/us/album/money-on-my-mind/1589915460?i=1589915887&uo=4","https://music.apple.com/us/album/money-on-my-mind/1589915460?i=1589915887&uo=4","1519235712","https://www.deezer.com/track/1519235712","https://is1-ssl.mzstatic.com/image/thumb/Music125/v4/8e/7a/d1/8e7ad122-5d8f-f6d7-8091-7113262aea38/886449656592.jpg/600x600bb.jpg","","verified_low_coverage_subgenre_depth","slap_house;Slap House;curated_artist;playable_depth;low_coverage_subgenre_expansion_v21_20260820;itunes_verified;deezer_verified","catalog_depth","low_coverage_style_repair","published","high","Artista curado para Slap House; artista exato, gravação e prévia verificados em Apple Music e Deezer."
"slap_house","HVME","Waste Your Love","Waste Your Love - Single","","https://audio-ssl.itunes.apple.com/itunes-assets/AudioPreview116/v4/23/33/ae/2333aed6-ed21-f539-37f1-1443cea3dc8e/mzaf_11065039203598230996.plus.aac.p.m4a","2023-08-25","168","","","","Slap House","HVME foi curado para ampliar a diversidade reproduzível de Slap House.","low_coverage_subgenre_expansion_v21_20260820","","https://music.apple.com/us/album/waste-your-love/1701812824?i=1701812833&uo=4","https://music.apple.com/us/album/waste-your-love/1701812824?i=1701812833&uo=4","2403714815","https://www.deezer.com/track/2403714815","https://is1-ssl.mzstatic.com/image/thumb/Music126/v4/35/d9/0a/35d90aaf-3f6d-e4b0-e6b3-21ac3169ac2b/196871346061.jpg/600x600bb.jpg","","verified_low_coverage_subgenre_depth","slap_house;Slap House;curated_artist;playable_depth;low_coverage_subgenre_expansion_v21_20260820;itunes_verified;deezer_verified","catalog_depth","low_coverage_style_repair","published","high","Artista curado para Slap House; artista exato, gravação e prévia verificados em Apple Music e Deezer."
"slap_house","HVME","With Or Without You","With Or Without You","","https://cdnt-preview.dzcdn.net/api/1/1/7/9/9/0/799a38fe6998654519658802655a7412.mp3?hdnea=exp=1787243843~acl=/api/1/1/7/9/9/0/799a38fe6998654519658802655a7412.mp3*~data=user_id=0,application_id=42~hmac=506cf6a7ddae1c8ac26b023f5a48a8ebed70d4f90549967f2d9c1d05158d99d4","","177","","","","Slap House","HVME foi curado para ampliar a diversidade reproduzível de Slap House.","low_coverage_subgenre_expansion_v21_20260820","","https://www.deezer.com/track/4010358531","https://www.deezer.com/track/4010358531","4010358531","https://www.deezer.com/track/4010358531","https://cdn-images.dzcdn.net/images/cover/97bb9618c5f52abc9af8252fd52faacc/500x500-000000-80-0-0.jpg","","verified_low_coverage_subgenre_depth","slap_house;Slap House;curated_artist;playable_depth;low_coverage_subgenre_expansion_v21_20260820","catalog_depth","low_coverage_style_repair","published","high","Artista curado para Slap House; artista exato, gravação e prévia verificados no Deezer."
"slap_house","VIZE","Dancing Alone","Dancing Alone - Single","","https://audio-ssl.itunes.apple.com/itunes-assets/AudioPreview126/v4/02/37/89/0237892d-b1eb-c475-dedb-434c3df97a94/mzaf_11452313511621483787.plus.aac.p.m4a","2022-01-14","173","","","","Slap House","VIZE foi curado para ampliar a diversidade reproduzível de Slap House.","low_coverage_subgenre_expansion_v21_20260820","","https://music.apple.com/us/album/dancing-alone/1600602846?i=1600602851&uo=4","https://music.apple.com/us/album/dancing-alone/1600602846?i=1600602851&uo=4","","","https://is1-ssl.mzstatic.com/image/thumb/Music126/v4/d4/81/4f/d4814f94-ea5c-f62a-11aa-082834b790d8/886449793167.jpg/600x600bb.jpg","","verified_low_coverage_subgenre_depth","slap_house;Slap House;curated_artist;playable_depth;low_coverage_subgenre_expansion_v21_20260820","catalog_depth","low_coverage_style_repair","published","high","Artista curado para Slap House; artista exato, gravação e prévia verificados no Apple Music."
"slap_house","VIZE","Glad You Came","Glad You Came - Single","","https://audio-ssl.itunes.apple.com/itunes-assets/AudioPreview116/v4/ab/47/6d/ab476d4b-4995-5534-1f1e-649bfef5bacd/mzaf_10862179850758490379.plus.aac.p.m4a","2018-06-15","198","","","","Slap House","VIZE foi curado para ampliar a diversidade reproduzível de Slap House.","low_coverage_subgenre_expansion_v21_20260820","","https://music.apple.com/us/album/glad-you-came/1710834010?i=1710834011&uo=4","https://music.apple.com/us/album/glad-you-came/1710834010?i=1710834011&uo=4","","","https://is1-ssl.mzstatic.com/image/thumb/Music116/v4/2a/a6/c7/2aa6c7ec-58ff-5f14-9bff-6b5a9d8d43a5/0617465000195.jpg/600x600bb.jpg","","verified_low_coverage_subgenre_depth","slap_house;Slap House;curated_artist;playable_depth;low_coverage_subgenre_expansion_v21_20260820","catalog_depth","low_coverage_style_repair","published","high","Artista curado para Slap House; artista exato, gravação e prévia verificados no Apple Music."
"slap_house","VIZE","Stars (feat. Laniia)","Stars (feat. Laniia) - Single","","https://audio-ssl.itunes.apple.com/itunes-assets/AudioPreview116/v4/ba/56/3e/ba563e2d-879b-a897-77a1-8fb5d75b7aa1/mzaf_13317153957125396653.plus.aac.p.m4a","2019-05-03","165","","","","Slap House","VIZE foi curado para ampliar a diversidade reproduzível de Slap House.","low_coverage_subgenre_expansion_v21_20260820","","https://music.apple.com/us/album/stars-feat-laniia/1711824170?i=1711824172&uo=4","https://music.apple.com/us/album/stars-feat-laniia/1711824170?i=1711824172&uo=4","","","https://is1-ssl.mzstatic.com/image/thumb/Music126/v4/6b/ac/e7/6bace787-b14c-9d13-05bc-abbdc2ee052a/0617465006470.jpg/600x600bb.jpg","","verified_low_coverage_subgenre_depth","slap_house;Slap House;curated_artist;playable_depth;low_coverage_subgenre_expansion_v21_20260820","catalog_depth","low_coverage_style_repair","published","high","Artista curado para Slap House; artista exato, gravação e prévia verificados no Apple Music."
"slap_house","VIZE","Stars (feat. Laniia) [Extended Mix]","Stars (feat. Laniia) - Single","","https://audio-ssl.itunes.apple.com/itunes-assets/AudioPreview116/v4/ea/44/b1/ea44b17a-5efa-6e47-f5c2-8e5500d0eb32/mzaf_17836528590452871337.plus.aac.p.m4a","2019-05-03","240","","","","Slap House","VIZE foi curado para ampliar a diversidade reproduzível de Slap House.","low_coverage_subgenre_expansion_v21_20260820","","https://music.apple.com/us/album/stars-feat-laniia-extended-mix/1711824170?i=1711824176&uo=4","https://music.apple.com/us/album/stars-feat-laniia-extended-mix/1711824170?i=1711824176&uo=4","","","https://is1-ssl.mzstatic.com/image/thumb/Music126/v4/6b/ac/e7/6bace787-b14c-9d13-05bc-abbdc2ee052a/0617465006470.jpg/600x600bb.jpg","","verified_low_coverage_subgenre_depth","slap_house;Slap House;curated_artist;playable_depth;low_coverage_subgenre_expansion_v21_20260820","catalog_depth","low_coverage_style_repair","published","high","Artista curado para Slap House; artista exato, gravação e prévia verificados no Apple Music."
"terrorcore","SRB","Blurry Murry","Rocket Science","","https://audio-ssl.itunes.apple.com/itunes-assets/AudioPreview125/v4/05/dc/9c/05dc9c29-3ba2-5291-dc01-c7a65b784d40/mzaf_6002173579818371410.plus.aac.p.m4a","2015-08-01","185","","","","Terrorcore","SRB foi curado para ampliar a diversidade reproduzível de Terrorcore.","low_coverage_subgenre_expansion_v21_20260820","","https://music.apple.com/us/album/blurry-murry/1078441323?i=1078441558&uo=4","https://music.apple.com/us/album/blurry-murry/1078441323?i=1078441558&uo=4","105008174","https://www.deezer.com/track/105008174","https://is1-ssl.mzstatic.com/image/thumb/Music69/v4/d9/85/b3/d985b3c3-978f-b4ea-1ca8-d947500f6603/cover.jpg/600x600bb.jpg","","verified_low_coverage_subgenre_depth","terrorcore;Terrorcore;curated_artist;playable_depth;low_coverage_subgenre_expansion_v21_20260820;itunes_verified;deezer_verified","catalog_depth","low_coverage_style_repair","published","high","Artista curado para Terrorcore; artista exato, gravação e prévia verificados em Apple Music e Deezer."
"terrorcore","SRB","Dirty Bastards","Dutchcore","","https://cdnt-preview.dzcdn.net/api/1/1/2/6/a/0/26ad7080e9107c289340be050e8669d9.mp3?hdnea=exp=1787243659~acl=/api/1/1/2/6/a/0/26ad7080e9107c289340be050e8669d9.mp3*~data=user_id=0,application_id=42~hmac=365cf73e5aac79055bb89e6ba096d086956679873262a5f714c1090cf9063174","","282","","","","Terrorcore","SRB foi curado para ampliar a diversidade reproduzível de Terrorcore.","low_coverage_subgenre_expansion_v21_20260820","","https://www.deezer.com/track/75001213","https://www.deezer.com/track/75001213","75001213","https://www.deezer.com/track/75001213","https://cdn-images.dzcdn.net/images/cover/c38872d8a3123660b1ebadbb88e9018c/500x500-000000-80-0-0.jpg","","verified_low_coverage_subgenre_depth","terrorcore;Terrorcore;curated_artist;playable_depth;low_coverage_subgenre_expansion_v21_20260820","catalog_depth","low_coverage_style_repair","published","high","Artista curado para Terrorcore; artista exato, gravação e prévia verificados no Deezer."
"terrorcore","SRB","I Don't Care","Dutchcore","","https://cdnt-preview.dzcdn.net/api/1/1/5/8/3/0/583912c27928f13fad5e4366634b6d9c.mp3?hdnea=exp=1787243659~acl=/api/1/1/5/8/3/0/583912c27928f13fad5e4366634b6d9c.mp3*~data=user_id=0,application_id=42~hmac=3f60d09668ec8a6d92ca79cc0381507f89f8ee2c82bd8b8b014d31f75b5b1c98","","229","","","","Terrorcore","SRB foi curado para ampliar a diversidade reproduzível de Terrorcore.","low_coverage_subgenre_expansion_v21_20260820","","https://www.deezer.com/track/75001239","https://www.deezer.com/track/75001239","75001239","https://www.deezer.com/track/75001239","https://cdn-images.dzcdn.net/images/cover/c38872d8a3123660b1ebadbb88e9018c/500x500-000000-80-0-0.jpg","","verified_low_coverage_subgenre_depth","terrorcore;Terrorcore;curated_artist;playable_depth;low_coverage_subgenre_expansion_v21_20260820","catalog_depth","low_coverage_style_repair","published","high","Artista curado para Terrorcore; artista exato, gravação e prévia verificados no Deezer."
"terrorcore","SRB","Terror Time","Terror Time (SRB vs. Smurf)","","https://audio-ssl.itunes.apple.com/itunes-assets/AudioPreview115/v4/29/33/22/29332210-f79b-54bf-aecd-27b3d34e357e/mzaf_7913234372084911302.plus.aac.p.m4a","2013-04-16","240","","","","Terrorcore","SRB foi curado para ampliar a diversidade reproduzível de Terrorcore.","low_coverage_subgenre_expansion_v21_20260820","","https://music.apple.com/us/album/terror-time/622366138?i=622366178&uo=4","https://music.apple.com/us/album/terror-time/622366138?i=622366178&uo=4","75001217","https://www.deezer.com/track/75001217","https://is1-ssl.mzstatic.com/image/thumb/Music/v4/3e/01/78/3e017808-a7a4-b9d9-597f-bf216c45f882/cover.jpg/600x600bb.jpg","","verified_low_coverage_subgenre_depth","terrorcore;Terrorcore;curated_artist;playable_depth;low_coverage_subgenre_expansion_v21_20260820;itunes_verified;deezer_verified","catalog_depth","low_coverage_style_repair","published","high","Artista curado para Terrorcore; artista exato, gravação e prévia verificados em Apple Music e Deezer."
"terrorcore","The Vizitor","Dj Cursus (Darkcontroller Remix)","Legend - EP","","https://audio-ssl.itunes.apple.com/itunes-assets/AudioPreview221/v4/f7/67/1a/f7671a28-6893-66fa-4883-15351372636f/mzaf_18346728642838659169.plus.aac.p.m4a","2014-05-15","279","","","","Terrorcore","The Vizitor foi curado para ampliar a diversidade reproduzível de Terrorcore.","low_coverage_subgenre_expansion_v21_20260820","","https://music.apple.com/us/album/dj-cursus-darkcontroller-remix/862966463?i=862966475&uo=4","https://music.apple.com/us/album/dj-cursus-darkcontroller-remix/862966463?i=862966475&uo=4","","","https://is1-ssl.mzstatic.com/image/thumb/Music211/v4/52/b5/07/52b5075f-dc19-0794-2231-2afdad997385/cover.jpg/600x600bb.jpg","","verified_low_coverage_subgenre_depth","terrorcore;Terrorcore;curated_artist;playable_depth;low_coverage_subgenre_expansion_v21_20260820","catalog_depth","low_coverage_style_repair","published","high","Artista curado para Terrorcore; artista exato, gravação e prévia verificados no Apple Music."
"terrorcore","The Vizitor","Hell and Fire","666 Number of the Beast - EP","","https://audio-ssl.itunes.apple.com/itunes-assets/AudioPreview113/v4/87/6a/6a/876a6aa9-241f-9b9f-33fa-7a63a98781b8/mzaf_14649623699713689424.plus.aac.p.m4a","2019-05-27","212","","","","Terrorcore","The Vizitor foi curado para ampliar a diversidade reproduzível de Terrorcore.","low_coverage_subgenre_expansion_v21_20260820","","https://music.apple.com/us/album/hell-and-fire/1463453709?i=1463453712&uo=4","https://music.apple.com/us/album/hell-and-fire/1463453709?i=1463453712&uo=4","","","https://is1-ssl.mzstatic.com/image/thumb/Music123/v4/82/f9/f3/82f9f323-85cb-14cb-3be5-f38353920750/8790001257689.png/600x600bb.jpg","","verified_low_coverage_subgenre_depth","terrorcore;Terrorcore;curated_artist;playable_depth;low_coverage_subgenre_expansion_v21_20260820","catalog_depth","low_coverage_style_repair","published","high","Artista curado para Terrorcore; artista exato, gravação e prévia verificados no Apple Music."
"terrorcore","The Vizitor","Muziek voor stoute jongens","Album 5.0 Triple Six Records","","https://audio-ssl.itunes.apple.com/itunes-assets/AudioPreview211/v4/6b/91/44/6b91440b-68f1-b937-528a-d126d674a9ec/mzaf_18162290094047392577.plus.aac.p.m4a","2018-08-31","158","","","","Terrorcore","The Vizitor foi curado para ampliar a diversidade reproduzível de Terrorcore.","low_coverage_subgenre_expansion_v21_20260820","","https://music.apple.com/us/album/muziek-voor-stoute-jongens/1435461169?i=1435461189&uo=4","https://music.apple.com/us/album/muziek-voor-stoute-jongens/1435461169?i=1435461189&uo=4","","","https://is1-ssl.mzstatic.com/image/thumb/Music221/v4/8c/c8/e5/8cc8e58c-06e2-0573-fe68-6f1f09f2cd1c/cover.jpg/600x600bb.jpg","","verified_low_coverage_subgenre_depth","terrorcore;Terrorcore;curated_artist;playable_depth;low_coverage_subgenre_expansion_v21_20260820","catalog_depth","low_coverage_style_repair","published","high","Artista curado para Terrorcore; artista exato, gravação e prévia verificados no Apple Music."
"terrorcore","The Vizitor","Nothing to Regret","La Bomba - EP","","https://audio-ssl.itunes.apple.com/itunes-assets/AudioPreview71/v4/f1/d2/50/f1d2507d-f61b-ddaa-c7b5-21b840a52b6e/mzaf_7646721312806600014.plus.aac.p.m4a","2014-03-11","267","","","","Terrorcore","The Vizitor foi curado para ampliar a diversidade reproduzível de Terrorcore.","low_coverage_subgenre_expansion_v21_20260820","","https://music.apple.com/us/album/nothing-to-regret/817234151?i=817234160&uo=4","https://music.apple.com/us/album/nothing-to-regret/817234151?i=817234160&uo=4","","","https://is1-ssl.mzstatic.com/image/thumb/Music6/v4/97/45/27/97452723-9b42-7892-5165-4b9faffca1cd/cover.jpg/600x600bb.jpg","","verified_low_coverage_subgenre_depth","terrorcore;Terrorcore;curated_artist;playable_depth;low_coverage_subgenre_expansion_v21_20260820","catalog_depth","low_coverage_style_repair","published","high","Artista curado para Terrorcore; artista exato, gravação e prévia verificados no Apple Music."
"terrorcore","Tripped","Jaques The Tripper","How To Survive In 2025 EP","","https://cdnt-preview.dzcdn.net/api/1/1/b/a/4/0/ba4b69729c3ee814adb3d385dc158a30.mp3?hdnea=exp=1787243662~acl=/api/1/1/b/a/4/0/ba4b69729c3ee814adb3d385dc158a30.mp3*~data=user_id=0,application_id=42~hmac=e9c40fb9e77d956a97d0ab488641cd9a8a6a47a2b6f34517b0a41016760027e0","","285","","","","Terrorcore","Tripped foi curado para ampliar a diversidade reproduzível de Terrorcore.","low_coverage_subgenre_expansion_v21_20260820","","https://www.deezer.com/track/3460825471","https://www.deezer.com/track/3460825471","3460825471","https://www.deezer.com/track/3460825471","https://cdn-images.dzcdn.net/images/cover/08b0f29b30cee009ade3dedc6a533c21/500x500-000000-80-0-0.jpg","","verified_low_coverage_subgenre_depth","terrorcore;Terrorcore;curated_artist;playable_depth;low_coverage_subgenre_expansion_v21_20260820","catalog_depth","low_coverage_style_repair","published","high","Artista curado para Terrorcore; artista exato, gravação e prévia verificados no Deezer."
"terrorcore","Tripped","The Widow Maker","Thunderdome 2025","","https://cdnt-preview.dzcdn.net/api/1/1/a/f/d/0/afdecdc39ccbad54d83e00b3227eacc1.mp3?hdnea=exp=1787243662~acl=/api/1/1/a/f/d/0/afdecdc39ccbad54d83e00b3227eacc1.mp3*~data=user_id=0,application_id=42~hmac=bbd270bd5f554c4c6ff70d339f54a1ffb077d954c1b63f4cce150ce396b6db8d","","324","","","","Terrorcore","Tripped foi curado para ampliar a diversidade reproduzível de Terrorcore.","low_coverage_subgenre_expansion_v21_20260820","","https://www.deezer.com/track/3656626012","https://www.deezer.com/track/3656626012","3656626012","https://www.deezer.com/track/3656626012","https://cdn-images.dzcdn.net/images/cover/66143c759be5834e762698a2e81c5abd/500x500-000000-80-0-0.jpg","","verified_low_coverage_subgenre_depth","terrorcore;Terrorcore;curated_artist;playable_depth;low_coverage_subgenre_expansion_v21_20260820","catalog_depth","low_coverage_style_repair","published","high","Artista curado para Terrorcore; artista exato, gravação e prévia verificados no Deezer."
"terrorcore","Tripped","West Vloamsn Terror","This Is Terror","","https://cdnt-preview.dzcdn.net/api/1/1/9/8/b/0/98b92047a5cd9523bdea4a880c3edf2d.mp3?hdnea=exp=1787243662~acl=/api/1/1/9/8/b/0/98b92047a5cd9523bdea4a880c3edf2d.mp3*~data=user_id=0,application_id=42~hmac=0c756df01bd09d1602fc89b781cf5c375d094e7754c2cca627a7256f4ceebace","","306","","","","Terrorcore","Tripped foi curado para ampliar a diversidade reproduzível de Terrorcore.","low_coverage_subgenre_expansion_v21_20260820","","https://www.deezer.com/track/997452782","https://www.deezer.com/track/997452782","997452782","https://www.deezer.com/track/997452782","https://cdn-images.dzcdn.net/images/cover/2bb172336651805f1832eb1ed3290333/500x500-000000-80-0-0.jpg","","verified_low_coverage_subgenre_depth","terrorcore;Terrorcore;curated_artist;playable_depth;low_coverage_subgenre_expansion_v21_20260820","catalog_depth","low_coverage_style_repair","published","high","Artista curado para Terrorcore; artista exato, gravação e prévia verificados no Deezer."
"tribal_house","Antoine Clamaran","Cancun Paradise","Cancun Paradise","","https://cdnt-preview.dzcdn.net/api/1/1/4/9/a/0/49af8a17535c59b09ffac1e3387130e9.mp3?hdnea=exp=1787243825~acl=/api/1/1/4/9/a/0/49af8a17535c59b09ffac1e3387130e9.mp3*~data=user_id=0,application_id=42~hmac=35b3d802adab1221e74cd9d0cb27b281c706e13da3e8acf3c91c1b786b39782d","","435","","","","Tribal House","Antoine Clamaran foi curado para ampliar a diversidade reproduzível de Tribal House.","low_coverage_subgenre_expansion_v21_20260820","","https://www.deezer.com/track/2971722","https://www.deezer.com/track/2971722","2971723","https://www.deezer.com/track/2971723","https://cdn-images.dzcdn.net/images/cover/0e798887200c384a0cbd432a439495af/500x500-000000-80-0-0.jpg","","verified_low_coverage_subgenre_depth","tribal_house;Tribal House;curated_artist;playable_depth;low_coverage_subgenre_expansion_v21_20260820;deezer_verified","catalog_depth","low_coverage_style_repair","published","high","Artista curado para Tribal House; artista exato, gravação e prévia verificados em Deezer."
"tribal_house","Antoine Clamaran","Get up (It Doesn't Matter)","Get Up (It Doesn't Matter) [Remixes 2014]","","https://cdnt-preview.dzcdn.net/api/1/1/f/f/0/0/ff08d54046a841be0680e2d7da23a0c3.mp3?hdnea=exp=1787243825~acl=/api/1/1/f/f/0/0/ff08d54046a841be0680e2d7da23a0c3.mp3*~data=user_id=0,application_id=42~hmac=a1b6be9d1d7e708e8b81172c17c1a5c93eddbe8fcdf756b8ef670c34a9eb828a","","393","","","","Tribal House","Antoine Clamaran foi curado para ampliar a diversidade reproduzível de Tribal House.","low_coverage_subgenre_expansion_v21_20260820","","https://www.deezer.com/track/85405618","https://www.deezer.com/track/85405618","3735935152","https://www.deezer.com/track/3735935152","https://cdn-images.dzcdn.net/images/cover/c2f2fad1603962b3debca412bd1d391c/500x500-000000-80-0-0.jpg","","verified_low_coverage_subgenre_depth","tribal_house;Tribal House;curated_artist;playable_depth;low_coverage_subgenre_expansion_v21_20260820;deezer_verified","catalog_depth","low_coverage_style_repair","published","high","Artista curado para Tribal House; artista exato, gravação e prévia verificados em Deezer."
"tribal_house","Antoine Clamaran","Gold","Spotlight","","https://audio-ssl.itunes.apple.com/itunes-assets/AudioPreview125/v4/88/b5/2b/88b52ba0-0e25-d0c3-960c-3613c5bf0265/mzaf_8322716457709620375.plus.aac.p.m4a","2009-06-22","202","","","","Tribal House","Antoine Clamaran foi curado para ampliar a diversidade reproduzível de Tribal House.","low_coverage_subgenre_expansion_v21_20260820","","https://music.apple.com/us/album/gold/339753118?i=339753156&uo=4","https://music.apple.com/us/album/gold/339753118?i=339753156&uo=4","4656758","https://www.deezer.com/track/4656758","https://is1-ssl.mzstatic.com/image/thumb/Music/6e/d7/85/mzi.suwqmkae.jpg/600x600bb.jpg","","verified_low_coverage_subgenre_depth","tribal_house;Tribal House;curated_artist;playable_depth;low_coverage_subgenre_expansion_v21_20260820;itunes_verified;deezer_verified","catalog_depth","low_coverage_style_repair","published","high","Artista curado para Tribal House; artista exato, gravação e prévia verificados em Apple Music e Deezer."
"tribal_house","Antoine Clamaran","Stick Shift","Stick Shift","","https://cdnt-preview.dzcdn.net/api/1/1/c/f/3/0/cf3ff670ea467e4c9c7e385c8bf43242.mp3?hdnea=exp=1787243825~acl=/api/1/1/c/f/3/0/cf3ff670ea467e4c9c7e385c8bf43242.mp3*~data=user_id=0,application_id=42~hmac=0a0430cc1bdd28647b3e52b87d2d9929431d606253b0da586950ed0470e1375e","","214","","","","Tribal House","Antoine Clamaran foi curado para ampliar a diversidade reproduzível de Tribal House.","low_coverage_subgenre_expansion_v21_20260820","","https://www.deezer.com/track/10394230","https://www.deezer.com/track/10394230","10394230","https://www.deezer.com/track/10394230","https://cdn-images.dzcdn.net/images/cover/8dd909deacbfb368d3340c68d6c0ff37/500x500-000000-80-0-0.jpg","","verified_low_coverage_subgenre_depth","tribal_house;Tribal House;curated_artist;playable_depth;low_coverage_subgenre_expansion_v21_20260820","catalog_depth","low_coverage_style_repair","published","high","Artista curado para Tribal House; artista exato, gravação e prévia verificados no Deezer."
"tribal_house","Superchumbo","Dirty Filthy","Wowie Zowie","","https://cdnt-preview.dzcdn.net/api/1/1/8/7/4/0/874a4b1059b4ae43d7677ab7639bc0de.mp3?hdnea=exp=1787243822~acl=/api/1/1/8/7/4/0/874a4b1059b4ae43d7677ab7639bc0de.mp3*~data=user_id=0,application_id=42~hmac=797010d74f52680bed164c28a69397b5455f6a8ac64ff87eb83e6398a5270e4e","","443","","","","Tribal House","Superchumbo foi curado para ampliar a diversidade reproduzível de Tribal House.","low_coverage_subgenre_expansion_v21_20260820","","https://www.deezer.com/track/63756848","https://www.deezer.com/track/63756848","63756848","https://www.deezer.com/track/63756848","https://cdn-images.dzcdn.net/images/cover/dc53c59f8fbf654dd91b8eae87a9c4ee/500x500-000000-80-0-0.jpg","","verified_low_coverage_subgenre_depth","tribal_house;Tribal House;curated_artist;playable_depth;low_coverage_subgenre_expansion_v21_20260820","catalog_depth","low_coverage_style_repair","published","high","Artista curado para Tribal House; artista exato, gravação e prévia verificados no Deezer."
"tribal_house","Superchumbo","Dirty Filthy (feat. Celeda)","Dirty Filthy (David Tort, Markem HoTL Remix) (feat. Celeda)","","https://cdnt-preview.dzcdn.net/api/1/1/3/d/4/0/3d46531c3070e90d5a39a6df99e735e2.mp3?hdnea=exp=1787243822~acl=/api/1/1/3/d/4/0/3d46531c3070e90d5a39a6df99e735e2.mp3*~data=user_id=0,application_id=42~hmac=484597dabf9cc8f3d27a23ecd9330fe262f8c3d1df1a6bc3613f4233458decc0","","410","","","","Tribal House","Superchumbo foi curado para ampliar a diversidade reproduzível de Tribal House.","low_coverage_subgenre_expansion_v21_20260820","","https://www.deezer.com/track/2941237081","https://www.deezer.com/track/2941237081","2941237081","https://www.deezer.com/track/2941237081","https://cdn-images.dzcdn.net/images/cover/1391a209223eb87de528f2e61a926728/500x500-000000-80-0-0.jpg","","verified_low_coverage_subgenre_depth","tribal_house;Tribal House;curated_artist;playable_depth;low_coverage_subgenre_expansion_v21_20260820","catalog_depth","low_coverage_style_repair","published","high","Artista curado para Tribal House; artista exato, gravação e prévia verificados no Deezer."
"tribal_house","Superchumbo","Dirtyfilthy","Wowiezowie (Extended Club Mixes)","","https://audio-ssl.itunes.apple.com/itunes-assets/AudioPreview115/v4/da/ba/99/daba99c2-bf14-db99-6ad0-67660ec9e9db/mzaf_6669399337765961276.plus.aac.p.m4a","2004-09-07","586","","","","Tribal House","Superchumbo foi curado para ampliar a diversidade reproduzível de Tribal House.","low_coverage_subgenre_expansion_v21_20260820","","https://music.apple.com/us/album/dirtyfilthy/78651280?i=78651272&uo=4","https://music.apple.com/us/album/dirtyfilthy/78651280?i=78651272&uo=4","63627636","https://www.deezer.com/track/63627636","https://is1-ssl.mzstatic.com/image/thumb/Music/y2005/m08/d10/h08/mzi.unqdwnue.jpg/600x600bb.jpg","","verified_low_coverage_subgenre_depth","tribal_house;Tribal House;curated_artist;playable_depth;low_coverage_subgenre_expansion_v21_20260820;itunes_verified;deezer_verified","catalog_depth","low_coverage_style_repair","published","high","Artista curado para Tribal House; artista exato, gravação e prévia verificados em Apple Music e Deezer."
"tribal_house","Superchumbo","EverythingU","EverythingU","","https://cdnt-preview.dzcdn.net/api/1/1/f/6/0/0/f60267bc031c7ef5b8377d18decc654c.mp3?hdnea=exp=1787243822~acl=/api/1/1/f/6/0/0/f60267bc031c7ef5b8377d18decc654c.mp3*~data=user_id=0,application_id=42~hmac=49868aa1ce5ed52b8dc8eeb52b4e409a8c31ce09352d0930435a48654b30f781","","538","","","","Tribal House","Superchumbo foi curado para ampliar a diversidade reproduzível de Tribal House.","low_coverage_subgenre_expansion_v21_20260820","","https://www.deezer.com/track/12581355","https://www.deezer.com/track/12581355","12581355","https://www.deezer.com/track/12581355","https://cdn-images.dzcdn.net/images/cover/3e63259efae93a67f2722c7194595798/500x500-000000-80-0-0.jpg","","verified_low_coverage_subgenre_depth","tribal_house;Tribal House;curated_artist;playable_depth;low_coverage_subgenre_expansion_v21_20260820","catalog_depth","low_coverage_style_repair","published","high","Artista curado para Tribal House; artista exato, gravação e prévia verificados no Deezer."
"tribal_house","Tom Stephan","Erupt (Radio Edit)","Nervous Rewind 2008","","https://audio-ssl.itunes.apple.com/itunes-assets/Music/f6/2e/ee/mzm.xaldhbku.aac.p.m4a","2008-01-08","204","","","","Tribal House","Tom Stephan foi curado para ampliar a diversidade reproduzível de Tribal House.","low_coverage_subgenre_expansion_v21_20260820","","https://music.apple.com/us/album/erupt-radio-edit/298887951?i=298887986&uo=4","https://music.apple.com/us/album/erupt-radio-edit/298887951?i=298887986&uo=4","","","https://is1-ssl.mzstatic.com/image/thumb/Music/76/a1/ab/mzi.daxpaacg.jpg/600x600bb.jpg","","verified_low_coverage_subgenre_depth","tribal_house;Tribal House;curated_artist;playable_depth;low_coverage_subgenre_expansion_v21_20260820","catalog_depth","low_coverage_style_repair","published","high","Artista curado para Tribal House; artista exato, gravação e prévia verificados no Apple Music."
"tribal_house","Tom Stephan","Feel It","Feel It","","https://cdnt-preview.dzcdn.net/api/1/1/2/f/6/0/2f6af71f0bb16e424ab47a5db9ff6e6d.mp3?hdnea=exp=1787243824~acl=/api/1/1/2/f/6/0/2f6af71f0bb16e424ab47a5db9ff6e6d.mp3*~data=user_id=0,application_id=42~hmac=270abb33758354e2d2837fbe953bcc7ee69ddc5eef7d33cde0ad699d8e24e8b5","","436","","","","Tribal House","Tom Stephan foi curado para ampliar a diversidade reproduzível de Tribal House.","low_coverage_subgenre_expansion_v21_20260820","","https://www.deezer.com/track/117597170","https://www.deezer.com/track/117597170","117597170","https://www.deezer.com/track/117597170","https://cdn-images.dzcdn.net/images/cover/5828e351393df7abb2c4c8b741e38605/500x500-000000-80-0-0.jpg","","verified_low_coverage_subgenre_depth","tribal_house;Tribal House;curated_artist;playable_depth;low_coverage_subgenre_expansion_v21_20260820","catalog_depth","low_coverage_style_repair","published","high","Artista curado para Tribal House; artista exato, gravação e prévia verificados no Deezer."
"tribal_house","Tom Stephan","Fire (feat. Celeda) [Pablo Ceballos Drumatika Remix]","Back On Tracks: Three","","https://audio-ssl.itunes.apple.com/itunes-assets/Music/v4/04/72/1a/04721a2f-af53-b9c3-c9f7-2416dd54a927/mzaf_4175227305933426431.plus.aac.p.m4a","2012-01-23","443","","","","Tribal House","Tom Stephan foi curado para ampliar a diversidade reproduzível de Tribal House.","low_coverage_subgenre_expansion_v21_20260820","","https://music.apple.com/us/album/fire-feat-celeda-pablo-ceballos-drumatika-remix/590426054?i=590426408&uo=4","https://music.apple.com/us/album/fire-feat-celeda-pablo-ceballos-drumatika-remix/590426054?i=590426408&uo=4","","","https://is1-ssl.mzstatic.com/image/thumb/Music/v4/57/73/07/577307e6-d024-ad22-54d4-02c5e9ebf11f/091012273360.jpg/600x600bb.jpg","","verified_low_coverage_subgenre_depth","tribal_house;Tribal House;curated_artist;playable_depth;low_coverage_subgenre_expansion_v21_20260820","catalog_depth","low_coverage_style_repair","published","high","Artista curado para Tribal House; artista exato, gravação e prévia verificados no Apple Music."
"tribal_house","Tom Stephan","Here I Come (Rooster & Sammy Peralta Remix)","Party Groove: White Party, Vol. 7","","https://audio-ssl.itunes.apple.com/itunes-assets/AudioPreview125/v4/c3/16/cc/c316ccfd-159a-f396-c479-e695bce4ec73/mzaf_14065525929236676468.plus.aac.p.m4a","2006-01-10","281","","","","Tribal House","Tom Stephan foi curado para ampliar a diversidade reproduzível de Tribal House.","low_coverage_subgenre_expansion_v21_20260820","","https://music.apple.com/us/album/here-i-come-rooster-sammy-peralta-remix/279201471?i=279201513&uo=4","https://music.apple.com/us/album/here-i-come-rooster-sammy-peralta-remix/279201471?i=279201513&uo=4","","","https://is1-ssl.mzstatic.com/image/thumb/Music/9e/23/50/mzi.jsqgowza.jpg/600x600bb.jpg","","verified_low_coverage_subgenre_depth","tribal_house;Tribal House;curated_artist;playable_depth;low_coverage_subgenre_expansion_v21_20260820","catalog_depth","low_coverage_style_repair","published","high","Artista curado para Tribal House; artista exato, gravação e prévia verificados no Apple Music."
"tropical_house","Matoma","False Alarm","False Alarm","","https://cdnt-preview.dzcdn.net/api/1/1/a/5/7/0/a5760c20af766971dd549c544fd062c7.mp3?hdnea=exp=1787243828~acl=/api/1/1/a/5/7/0/a5760c20af766971dd549c544fd062c7.mp3*~data=user_id=0,application_id=42~hmac=3cfb38ac415245d5cee9dcbe39da4ee453c8ef610d9bd34861a77ac9a08d5e9c","","224","","","","Tropical House","Matoma foi curado para ampliar a diversidade reproduzível de Tropical House.","low_coverage_subgenre_expansion_v21_20260820","","https://www.deezer.com/track/127248277","https://www.deezer.com/track/127248277","132630726","https://www.deezer.com/track/132630726","https://cdn-images.dzcdn.net/images/cover/bf6afe58601f154584f61a023d369820/500x500-000000-80-0-0.jpg","","verified_low_coverage_subgenre_depth","tropical_house;Tropical House;curated_artist;playable_depth;low_coverage_subgenre_expansion_v21_20260820;deezer_verified","catalog_depth","low_coverage_style_repair","published","high","Artista curado para Tropical House; artista exato, gravação e prévia verificados em Deezer."
"tropical_house","Matoma","Old Thing Back (feat. Ja Rule and Ralph Tresvant)","Old Thing Back (feat. Ja Rule and Ralph Tresvant)","","https://cdnt-preview.dzcdn.net/api/1/1/d/0/1/0/d01bf19eea6cb9c999faacb67261902d.mp3?hdnea=exp=1787243828~acl=/api/1/1/d/0/1/0/d01bf19eea6cb9c999faacb67261902d.mp3*~data=user_id=0,application_id=42~hmac=bfc7bcefce4b0747e89bb89d439661a21d9e07deabceb6d3d967d8a5f9952eb6","","321","","","","Tropical House","Matoma foi curado para ampliar a diversidade reproduzível de Tropical House.","low_coverage_subgenre_expansion_v21_20260820","","https://www.deezer.com/track/94901972","https://www.deezer.com/track/94901972","97907452","https://www.deezer.com/track/97907452","https://cdn-images.dzcdn.net/images/cover/246558652198a30b33eefe2654ebf298/500x500-000000-80-0-0.jpg","","verified_low_coverage_subgenre_depth","tropical_house;Tropical House;curated_artist;playable_depth;low_coverage_subgenre_expansion_v21_20260820;deezer_verified","catalog_depth","low_coverage_style_repair","published","high","Artista curado para Tropical House; artista exato, gravação e prévia verificados em Deezer."
"tropical_house","Matoma","Running Out","Running Out","","https://cdnt-preview.dzcdn.net/api/1/1/e/3/d/0/e3d90841847f68d49536a6f6a1ba714f.mp3?hdnea=exp=1787243828~acl=/api/1/1/e/3/d/0/e3d90841847f68d49536a6f6a1ba714f.mp3*~data=user_id=0,application_id=42~hmac=b9d42d40bce3dc40c62ee981f1c9d40fd2550cde2a642c3b350d86a752b0c408","","211","","","","Tropical House","Matoma foi curado para ampliar a diversidade reproduzível de Tropical House.","low_coverage_subgenre_expansion_v21_20260820","","https://www.deezer.com/track/113349420","https://www.deezer.com/track/113349420","113349420","https://www.deezer.com/track/113349420","https://cdn-images.dzcdn.net/images/cover/de187e8a9d68f955019efaefffb20320/500x500-000000-80-0-0.jpg","","verified_low_coverage_subgenre_depth","tropical_house;Tropical House;curated_artist;playable_depth;low_coverage_subgenre_expansion_v21_20260820","catalog_depth","low_coverage_style_repair","published","high","Artista curado para Tropical House; artista exato, gravação e prévia verificados no Deezer."
"tropical_house","Matoma","Wonderful Life (Mi Oh My)","The Angry Birds Movie (Original Motion Picture Soundtrack)","","https://audio-ssl.itunes.apple.com/itunes-assets/AudioPreview122/v4/a7/2e/1a/a72e1ad4-e629-cb60-1dea-843043e7cf77/mzaf_1292139583945690983.plus.aac.p.m4a","2016-05-06","211","","","","Tropical House","Matoma foi curado para ampliar a diversidade reproduzível de Tropical House.","low_coverage_subgenre_expansion_v21_20260820","","https://music.apple.com/us/album/wonderful-life-mi-oh-my/1098314780?i=1098315008&uo=4","https://music.apple.com/us/album/wonderful-life-mi-oh-my/1098314780?i=1098315008&uo=4","122943306","https://www.deezer.com/track/122943306","https://is1-ssl.mzstatic.com/image/thumb/Music124/v4/18/28/bd/1828bd74-fc54-3363-3410-5105c0af18c2/075679911872.jpg/600x600bb.jpg","","verified_low_coverage_subgenre_depth","tropical_house;Tropical House;curated_artist;playable_depth;low_coverage_subgenre_expansion_v21_20260820;itunes_verified;deezer_verified","catalog_depth","low_coverage_style_repair","published","high","Artista curado para Tropical House; artista exato, gravação e prévia verificados em Apple Music e Deezer."
"tropical_house","Sam Feldt","Crying On The Dancefloor","Crying On The Dancefloor","","https://cdnt-preview.dzcdn.net/api/1/1/1/c/8/0/1c8808d75a100aaa9f33a9a6262407fe.mp3?hdnea=exp=1787243827~acl=/api/1/1/1/c/8/0/1c8808d75a100aaa9f33a9a6262407fe.mp3*~data=user_id=0,application_id=42~hmac=8986bc53018b18ec7cc6a1773bfb9747a33f4cbdccd4c9321bda083b817797a8","","173","","","","Tropical House","Sam Feldt foi curado para ampliar a diversidade reproduzível de Tropical House.","low_coverage_subgenre_expansion_v21_20260820","","https://www.deezer.com/track/2174690427","https://www.deezer.com/track/2174690427","2174690427","https://www.deezer.com/track/2174690427","https://cdn-images.dzcdn.net/images/cover/977364b7d5a57b3f8240abc4a21779b4/500x500-000000-80-0-0.jpg","","verified_low_coverage_subgenre_depth","tropical_house;Tropical House;curated_artist;playable_depth;low_coverage_subgenre_expansion_v21_20260820","catalog_depth","low_coverage_style_repair","published","high","Artista curado para Tropical House; artista exato, gravação e prévia verificados no Deezer."
"tropical_house","Sam Feldt","Memories","Memories","","https://cdnt-preview.dzcdn.net/api/1/1/6/e/7/0/6e70bc3ee1b02bde07f00e555336df9f.mp3?hdnea=exp=1787243827~acl=/api/1/1/6/e/7/0/6e70bc3ee1b02bde07f00e555336df9f.mp3*~data=user_id=0,application_id=42~hmac=56ed569dee291376033374aa588aa0b56ee3aaa47ecc909689925862a469d95a","","155","","","","Tropical House","Sam Feldt foi curado para ampliar a diversidade reproduzível de Tropical House.","low_coverage_subgenre_expansion_v21_20260820","","https://www.deezer.com/track/2474066261","https://www.deezer.com/track/2474066261","2474066261","https://www.deezer.com/track/2474066261","https://cdn-images.dzcdn.net/images/cover/07465bf95ef19095b77f0e8740a98b76/500x500-000000-80-0-0.jpg","","verified_low_coverage_subgenre_depth","tropical_house;Tropical House;curated_artist;playable_depth;low_coverage_subgenre_expansion_v21_20260820","catalog_depth","low_coverage_style_repair","published","high","Artista curado para Tropical House; artista exato, gravação e prévia verificados no Deezer."
"tropical_house","Sam Feldt","Show Me Love","Show Me Love","","https://cdnt-preview.dzcdn.net/api/1/1/a/c/e/0/ace841869c86190818861341fca6aad8.mp3?hdnea=exp=1787243827~acl=/api/1/1/a/c/e/0/ace841869c86190818861341fca6aad8.mp3*~data=user_id=0,application_id=42~hmac=33e243cdea0fc545956a0816b660f6988590d0ca16f2cc84c72c88f6a4ead33c","","207","","","","Tropical House","Sam Feldt foi curado para ampliar a diversidade reproduzível de Tropical House.","low_coverage_subgenre_expansion_v21_20260820","","https://www.deezer.com/track/452698032","https://www.deezer.com/track/452698032","452698022","https://www.deezer.com/track/452698022","https://cdn-images.dzcdn.net/images/cover/153a0c3776db8f603286cb46b7307988/500x500-000000-80-0-0.jpg","","verified_low_coverage_subgenre_depth","tropical_house;Tropical House;curated_artist;playable_depth;low_coverage_subgenre_expansion_v21_20260820;deezer_verified","catalog_depth","low_coverage_style_repair","published","high","Artista curado para Tropical House; artista exato, gravação e prévia verificados em Deezer."
"tropical_house","Sam Feldt","Stronger (feat. Kesha)","Stronger (feat. Kesha) - Single","","https://audio-ssl.itunes.apple.com/itunes-assets/AudioPreview221/v4/f1/0e/f6/f10ef612-0f49-8611-7553-b97657dc061d/mzaf_5646820759016568181.plus.aac.p.m4a","2021-01-29","174","","","","Tropical House","Sam Feldt foi curado para ampliar a diversidade reproduzível de Tropical House.","low_coverage_subgenre_expansion_v21_20260820","","https://music.apple.com/us/album/stronger-feat-kesha/1547632930?i=1547632934&uo=4","https://music.apple.com/us/album/stronger-feat-kesha/1547632930?i=1547632934&uo=4","1221919612","https://www.deezer.com/track/1221919612","https://is1-ssl.mzstatic.com/image/thumb/Music124/v4/32/67/39/32673982-1f4c-b95e-e7f7-1b9a8a8e5291/190295029418.jpg/600x600bb.jpg","","verified_low_coverage_subgenre_depth","tropical_house;Tropical House;curated_artist;playable_depth;low_coverage_subgenre_expansion_v21_20260820;itunes_verified;deezer_verified","catalog_depth","low_coverage_style_repair","published","high","Artista curado para Tropical House; artista exato, gravação e prévia verificados em Apple Music e Deezer."
"tropical_house","Thomas Jack","Rivers","Rivers - Single","","https://audio-ssl.itunes.apple.com/itunes-assets/AudioPreview112/v4/32/77/ea/3277ea20-d783-334e-df5a-e160128eb233/mzaf_14390254030713581020.plus.aac.p.m4a","2015-07-10","208","","","","Tropical House","Thomas Jack foi curado para ampliar a diversidade reproduzível de Tropical House.","low_coverage_subgenre_expansion_v21_20260820","","https://music.apple.com/us/album/rivers/1014146391?i=1014146736&uo=4","https://music.apple.com/us/album/rivers/1014146391?i=1014146736&uo=4","109675252","https://www.deezer.com/track/109675252","https://is1-ssl.mzstatic.com/image/thumb/Music115/v4/6c/6f/12/6c6f123b-e760-440e-9007-38fa8ef56f4f/825646054589.jpg/600x600bb.jpg","","verified_low_coverage_subgenre_depth","tropical_house;Tropical House;curated_artist;playable_depth;low_coverage_subgenre_expansion_v21_20260820;itunes_verified;deezer_verified","catalog_depth","low_coverage_style_repair","published","high","Artista curado para Tropical House; artista exato, gravação e prévia verificados em Apple Music e Deezer."
"tropical_house","Thomas Jack","Rivers (feat. Nico & Vinz)","Rivers (feat. Nico & Vinz) - Single","","https://audio-ssl.itunes.apple.com/itunes-assets/AudioPreview125/v4/50/4e/75/504e75de-7952-dd6a-e9ab-dda1bc76b21b/mzaf_17018956082890939267.plus.aac.p.m4a","2015-10-30","208","","","","Tropical House","Thomas Jack foi curado para ampliar a diversidade reproduzível de Tropical House.","low_coverage_subgenre_expansion_v21_20260820","","https://music.apple.com/us/album/rivers-feat-nico-vinz/1050675830?i=1050675903&uo=4","https://music.apple.com/us/album/rivers-feat-nico-vinz/1050675830?i=1050675903&uo=4","110006942","https://www.deezer.com/track/110006942","https://is1-ssl.mzstatic.com/image/thumb/Music124/v4/01/39/53/0139538d-3c92-a4fa-dd5a-fe194cf755a3/mzm.ubfrcxgc.jpg/600x600bb.jpg","","verified_low_coverage_subgenre_depth","tropical_house;Tropical House;curated_artist;playable_depth;low_coverage_subgenre_expansion_v21_20260820;itunes_verified;deezer_verified","catalog_depth","low_coverage_style_repair","published","high","Artista curado para Tropical House; artista exato, gravação e prévia verificados em Apple Music e Deezer."
"tropical_house","Thomas Jack","Shortline","The Versus EP","","https://cdnt-preview.dzcdn.net/api/1/1/d/9/a/0/d9ae33e06044f3077f80f08771972614.mp3?hdnea=exp=1787243829~acl=/api/1/1/d/9/a/0/d9ae33e06044f3077f80f08771972614.mp3*~data=user_id=0,application_id=42~hmac=e6f680d8ea8bf0b17b1525a1daabf8b7dda46e5fdc09d4d4578d024f10e71549","","372","","","","Tropical House","Thomas Jack foi curado para ampliar a diversidade reproduzível de Tropical House.","low_coverage_subgenre_expansion_v21_20260820","","https://www.deezer.com/track/383564921","https://www.deezer.com/track/383564921","383564921","https://www.deezer.com/track/383564921","https://cdn-images.dzcdn.net/images/cover/56bac3c5a3eaf32f57e5b05b9bf055cf/500x500-000000-80-0-0.jpg","","verified_low_coverage_subgenre_depth","tropical_house;Tropical House;curated_artist;playable_depth;low_coverage_subgenre_expansion_v21_20260820","catalog_depth","low_coverage_style_repair","published","high","Artista curado para Tropical House; artista exato, gravação e prévia verificados no Deezer."
"tropical_house","Thomas Jack","Soul","Soul - Single","","https://audio-ssl.itunes.apple.com/itunes-assets/AudioPreview126/v4/be/b4/ae/beb4ae22-49df-19ce-6854-abad180e22de/mzaf_561493394518177998.plus.aac.p.m4a","2023-05-05","206","","","","Tropical House","Thomas Jack foi curado para ampliar a diversidade reproduzível de Tropical House.","low_coverage_subgenre_expansion_v21_20260820","","https://music.apple.com/us/album/soul/1682076123?i=1682076130&uo=4","https://music.apple.com/us/album/soul/1682076123?i=1682076130&uo=4","2235536477","https://www.deezer.com/track/2235536477","https://is1-ssl.mzstatic.com/image/thumb/Music116/v4/33/c3/b4/33c3b46b-9373-3afc-fe6a-bce9bea33458/196589996565.jpg/600x600bb.jpg","","verified_low_coverage_subgenre_depth","tropical_house;Tropical House;curated_artist;playable_depth;low_coverage_subgenre_expansion_v21_20260820;itunes_verified;deezer_verified","catalog_depth","low_coverage_style_repair","published","high","Artista curado para Tropical House; artista exato, gravação e prévia verificados em Apple Music e Deezer."
"uk_bass","Batu","Atavism","Opal","","https://audio-ssl.itunes.apple.com/itunes-assets/AudioPreview112/v4/05/45/5a/05455a26-9160-f4d5-28b1-28d7d2247f0b/mzaf_4060887820906183486.plus.aac.p.m4a","2022-03-17","254","","","","UK Bass","Batu foi curado para ampliar a diversidade reproduzível de UK Bass.","low_coverage_subgenre_expansion_v21_20260820","","https://music.apple.com/us/album/atavism/1660799015?i=1660799335&uo=4","https://music.apple.com/us/album/atavism/1660799015?i=1660799335&uo=4","","","https://is1-ssl.mzstatic.com/image/thumb/Music122/v4/09/6b/48/096b4844-d978-75d1-8df2-6c7a2cf0e052/cover.jpg/600x600bb.jpg","","verified_low_coverage_subgenre_depth","uk_bass;UK Bass;curated_artist;playable_depth;low_coverage_subgenre_expansion_v21_20260820","catalog_depth","low_coverage_style_repair","published","high","Artista curado para UK Bass; artista exato, gravação e prévia verificados no Apple Music."
"uk_bass","Batu","flown","flown - Single","","https://audio-ssl.itunes.apple.com/itunes-assets/AudioPreview126/v4/e2/0f/04/e20f042e-1653-a5f8-026e-b965a14711fe/mzaf_3313976519608521724.plus.aac.p.m4a","2023-11-10","504","","","","UK Bass","Batu foi curado para ampliar a diversidade reproduzível de UK Bass.","low_coverage_subgenre_expansion_v21_20260820","","https://music.apple.com/us/album/flown/1714778380?i=1714778575&uo=4","https://music.apple.com/us/album/flown/1714778380?i=1714778575&uo=4","","","https://is1-ssl.mzstatic.com/image/thumb/Music116/v4/79/fa/d3/79fad308-495d-2297-ab6a-1326459d7a6c/cover.jpg/600x600bb.jpg","","verified_low_coverage_subgenre_depth","uk_bass;UK Bass;curated_artist;playable_depth;low_coverage_subgenre_expansion_v21_20260820;itunes_verified","catalog_depth","low_coverage_style_repair","published","high","Artista curado para UK Bass; artista exato, gravação e prévia verificados em Apple Music."
"uk_bass","Batu","Other Means","Other Means - Single","","https://audio-ssl.itunes.apple.com/itunes-assets/AudioPreview126/v4/3d/06/a3/3d06a34c-002d-bf3e-a3da-5b47dbdcdf51/mzaf_14586613454387757314.plus.aac.p.m4a","2024-01-12","264","","","","UK Bass","Batu foi curado para ampliar a diversidade reproduzível de UK Bass.","low_coverage_subgenre_expansion_v21_20260820","","https://music.apple.com/us/album/other-means/1714776615?i=1714776859&uo=4","https://music.apple.com/us/album/other-means/1714776615?i=1714776859&uo=4","","","https://is1-ssl.mzstatic.com/image/thumb/Music116/v4/71/d2/cd/71d2cd38-222a-fd3c-4e37-117fc48b593a/cover.jpg/600x600bb.jpg","","verified_low_coverage_subgenre_depth","uk_bass;UK Bass;curated_artist;playable_depth;low_coverage_subgenre_expansion_v21_20260820","catalog_depth","low_coverage_style_repair","published","high","Artista curado para UK Bass; artista exato, gravação e prévia verificados no Apple Music."
"uk_bass","Batu","the fifth","half speed - EP","","https://audio-ssl.itunes.apple.com/itunes-assets/AudioPreview126/v4/97/ff/9f/97ff9f72-b774-4a6b-88f5-a4d223be3c8a/mzaf_166531015062648547.plus.aac.p.m4a","2023-12-01","302","","","","UK Bass","Batu foi curado para ampliar a diversidade reproduzível de UK Bass.","low_coverage_subgenre_expansion_v21_20260820","","https://music.apple.com/us/album/the-fifth/1714260519?i=1714261205&uo=4","https://music.apple.com/us/album/the-fifth/1714260519?i=1714261205&uo=4","","","https://is1-ssl.mzstatic.com/image/thumb/Music116/v4/76/f7/c8/76f7c8ed-0d27-bded-82e7-ecb4188f2c0c/cover.jpg/600x600bb.jpg","","verified_low_coverage_subgenre_depth","uk_bass;UK Bass;curated_artist;playable_depth;low_coverage_subgenre_expansion_v21_20260820","catalog_depth","low_coverage_style_repair","published","high","Artista curado para UK Bass; artista exato, gravação e prévia verificados no Apple Music."
"uk_bass","Pangaea","Hex","Hex / Fatalist - Single","","https://audio-ssl.itunes.apple.com/itunes-assets/AudioPreview125/v4/7a/01/8c/7a018cb9-e51a-9c98-f846-1d3835359be0/mzaf_8738298084194000980.plus.aac.p.m4a","2011-09-12","323","","","","UK Bass","Pangaea foi curado para ampliar a diversidade reproduzível de UK Bass.","low_coverage_subgenre_expansion_v21_20260820","","https://music.apple.com/us/album/hex/915285764?i=915285798&uo=4","https://music.apple.com/us/album/hex/915285764?i=915285798&uo=4","","","https://is1-ssl.mzstatic.com/image/thumb/Music5/v4/df/c9/f4/dfc9f407-60e5-9f64-d9b4-412b46f70703/5055317216526.jpg/600x600bb.jpg","","verified_low_coverage_subgenre_depth","uk_bass;UK Bass;curated_artist;playable_depth;low_coverage_subgenre_expansion_v21_20260820","catalog_depth","low_coverage_style_repair","published","high","Artista curado para UK Bass; artista exato, gravação e prévia verificados no Apple Music."
"uk_bass","Pangaea","Installation","Changing Channels","","https://audio-ssl.itunes.apple.com/itunes-assets/AudioPreview116/v4/94/e5/cf/94e5cf5a-0183-91c3-3b61-4b4d16e8fd19/mzaf_9579838012137566246.plus.aac.p.m4a","2023-05-16","224","","","","UK Bass","Pangaea foi curado para ampliar a diversidade reproduzível de UK Bass.","low_coverage_subgenre_expansion_v21_20260820","","https://music.apple.com/us/album/installation/1709186639?i=1709186640&uo=4","https://music.apple.com/us/album/installation/1709186639?i=1709186640&uo=4","","","https://is1-ssl.mzstatic.com/image/thumb/Music116/v4/bb/94/77/bb94770c-21b5-ee72-3d38-92c7a368ab13/5050580814530.png/600x600bb.jpg","","verified_low_coverage_subgenre_depth","uk_bass;UK Bass;curated_artist;playable_depth;low_coverage_subgenre_expansion_v21_20260820","catalog_depth","low_coverage_style_repair","published","high","Artista curado para UK Bass; artista exato, gravação e prévia verificados no Apple Music."
"uk_bass","Pangaea","Old Soul","Roots","","https://cdnt-preview.dzcdn.net/api/1/1/d/d/b/0/ddb965f36ae5d1c831a546b6c8938a6d.mp3?hdnea=exp=1787243833~acl=/api/1/1/d/d/b/0/ddb965f36ae5d1c831a546b6c8938a6d.mp3*~data=user_id=0,application_id=42~hmac=485f5355b0c81b4d7dd2db5ce7af70733c7ddc5b37299c3b5e3787939a30baa1","","394","","","","UK Bass","Pangaea foi curado para ampliar a diversidade reproduzível de UK Bass.","low_coverage_subgenre_expansion_v21_20260820","","https://www.deezer.com/track/3553271571","https://www.deezer.com/track/3553271571","3553271571","https://www.deezer.com/track/3553271571","https://cdn-images.dzcdn.net/images/cover/982168b7fb4ad7df0cb6e5c490f7a7b9/500x500-000000-80-0-0.jpg","","verified_low_coverage_subgenre_depth","uk_bass;UK Bass;curated_artist;playable_depth;low_coverage_subgenre_expansion_v21_20260820","catalog_depth","low_coverage_style_repair","published","high","Artista curado para UK Bass; artista exato, gravação e prévia verificados no Deezer."
"uk_bass","Pangaea","Router","You & I / Router - Single","","https://audio-ssl.itunes.apple.com/itunes-assets/AudioPreview125/v4/1d/da/94/1dda9449-7530-636e-dd36-7fb7ae5ebf95/mzaf_17499734540559239002.plus.aac.p.m4a","2008-11-03","390","","","","UK Bass","Pangaea foi curado para ampliar a diversidade reproduzível de UK Bass.","low_coverage_subgenre_expansion_v21_20260820","","https://music.apple.com/us/album/router/907357843?i=907357848&uo=4","https://music.apple.com/us/album/router/907357843?i=907357848&uo=4","","","https://is1-ssl.mzstatic.com/image/thumb/Music4/v4/5c/06/33/5c063336-58fa-c280-715a-1d1b95809813/5060157036340.jpg/600x600bb.jpg","","verified_low_coverage_subgenre_depth","uk_bass;UK Bass;curated_artist;playable_depth;low_coverage_subgenre_expansion_v21_20260820","catalog_depth","low_coverage_style_repair","published","high","Artista curado para UK Bass; artista exato, gravação e prévia verificados no Apple Music."
"uk_bass","Peverelist","End Point","Aztec Chant (Tessela Remix) / End Point (Stenny & Andrea Remix)","","https://cdnt-preview.dzcdn.net/api/1/1/2/2/6/0/2264f4d3380c22fd147ed8367d973906.mp3?hdnea=exp=1787243833~acl=/api/1/1/2/2/6/0/2264f4d3380c22fd147ed8367d973906.mp3*~data=user_id=0,application_id=42~hmac=87e5aeff73b68ea66797e9d5d1bf6350bbb6a0baf7c5ee6ee8a5591ff36634d3","","389","","","","UK Bass","Peverelist foi curado para ampliar a diversidade reproduzível de UK Bass.","low_coverage_subgenre_expansion_v21_20260820","","https://www.deezer.com/track/408272262","https://www.deezer.com/track/408272262","408272262","https://www.deezer.com/track/408272262","https://cdn-images.dzcdn.net/images/cover/64748a591e1af90cd5e1d4c30972d2a3/500x500-000000-80-0-0.jpg","","verified_low_coverage_subgenre_depth","uk_bass;UK Bass;curated_artist;playable_depth;low_coverage_subgenre_expansion_v21_20260820","catalog_depth","low_coverage_style_repair","published","high","Artista curado para UK Bass; artista exato, gravação e prévia verificados no Deezer."
"uk_bass","Peverelist","Pulse IX (Fadi Mohem Remix)","Pulse Remix EP","","https://audio-ssl.itunes.apple.com/itunes-assets/AudioPreview221/v4/36/1a/89/361a89f6-8d2b-3276-f542-f3621309eaa3/mzaf_8844575853702511919.plus.aac.p.m4a","2025-11-21","416","","","","UK Bass","Peverelist foi curado para ampliar a diversidade reproduzível de UK Bass.","low_coverage_subgenre_expansion_v21_20260820","","https://music.apple.com/us/album/pulse-ix-fadi-mohem-remix/1846126264?i=1846126267&uo=4","https://music.apple.com/us/album/pulse-ix-fadi-mohem-remix/1846126264?i=1846126267&uo=4","","","https://is1-ssl.mzstatic.com/image/thumb/Music211/v4/87/4a/3f/874a3f18-a93e-e0bd-b748-852b6532405d/3663729409874_cover.jpg/600x600bb.jpg","","verified_low_coverage_subgenre_depth","uk_bass;UK Bass;curated_artist;playable_depth;low_coverage_subgenre_expansion_v21_20260820","catalog_depth","low_coverage_style_repair","published","high","Artista curado para UK Bass; artista exato, gravação e prévia verificados no Apple Music."
"uk_bass","Peverelist","Sun Dance","Hessle Audio: 116 And Rising","","https://audio-ssl.itunes.apple.com/itunes-assets/AudioPreview115/v4/0d/d8/0a/0dd80a02-97c4-b1c8-3242-65bc8e5a4c70/mzaf_7354285028039256877.plus.aac.p.m4a","2011-05-23","375","","","","UK Bass","Peverelist foi curado para ampliar a diversidade reproduzível de UK Bass.","low_coverage_subgenre_expansion_v21_20260820","","https://music.apple.com/us/album/sun-dance/906387887?i=906387971&uo=4","https://music.apple.com/us/album/sun-dance/906387887?i=906387971&uo=4","74233870","https://www.deezer.com/track/74233870","https://is1-ssl.mzstatic.com/image/thumb/Music5/v4/6d/97/74/6d9774c2-14ba-8552-b983-f75706aeb253/5055317213280.jpg/600x600bb.jpg","","verified_low_coverage_subgenre_depth","uk_bass;UK Bass;curated_artist;playable_depth;low_coverage_subgenre_expansion_v21_20260820;itunes_verified;deezer_verified","catalog_depth","low_coverage_style_repair","published","high","Artista curado para UK Bass; artista exato, gravação e prévia verificados em Apple Music e Deezer."
"uk_bass","Peverelist","Undulate","Undulate / Grit - Single","","https://audio-ssl.itunes.apple.com/itunes-assets/AudioPreview115/v4/99/15/3a/99153a67-dafe-72ad-b754-7fe97b1fcd45/mzaf_742135156945292780.plus.aac.p.m4a","2015-11-13","393","","","","UK Bass","Peverelist foi curado para ampliar a diversidade reproduzível de UK Bass.","low_coverage_subgenre_expansion_v21_20260820","","https://music.apple.com/us/album/undulate/1286484624?i=1286484625&uo=4","https://music.apple.com/us/album/undulate/1286484624?i=1286484625&uo=4","407777202","https://www.deezer.com/track/407777202","https://is1-ssl.mzstatic.com/image/thumb/Music118/v4/4a/93/5f/4a935fda-0078-9241-9b43-2bc062fb3942/5051142090300_cover.jpg/600x600bb.jpg","","verified_low_coverage_subgenre_depth","uk_bass;UK Bass;curated_artist;playable_depth;low_coverage_subgenre_expansion_v21_20260820;itunes_verified;deezer_verified","catalog_depth","low_coverage_style_repair","published","high","Artista curado para UK Bass; artista exato, gravação e prévia verificados em Apple Music e Deezer."
"uk_hardcore","Dougal & Gammer","Kryptonite (feat. Jenna)","Summer Hardcore","","https://audio-ssl.itunes.apple.com/itunes-assets/AudioPreview116/v4/9a/b3/c2/9ab3c2e6-f48a-5c6c-c280-99949d10522a/mzaf_11688490614813269459.plus.aac.p.m4a","2022-08-05","271","","","","UK Hardcore","Dougal & Gammer foi curado para ampliar a diversidade reproduzível de UK Hardcore.","low_coverage_subgenre_expansion_v21_20260820","","https://music.apple.com/us/album/kryptonite-feat-jenna/1635781085?i=1635781191&uo=4","https://music.apple.com/us/album/kryptonite-feat-jenna/1635781085?i=1635781191&uo=4","","","https://is1-ssl.mzstatic.com/image/thumb/Music126/v4/5a/59/e9/5a59e942-44ab-5581-9e23-a3de3abe082e/5055283454090.jpg/600x600bb.jpg","","verified_low_coverage_subgenre_depth","uk_hardcore;UK Hardcore;curated_artist;playable_depth;low_coverage_subgenre_expansion_v21_20260820","catalog_depth","low_coverage_style_repair","published","high","Artista curado para UK Hardcore; artista exato, gravação e prévia verificados no Apple Music."
"uk_hardcore","Dougal & Gammer","Make It If We Try","Make It If We Try (Hardcore Mix)","","https://cdnt-preview.dzcdn.net/api/1/1/3/2/4/0/324c91929e36de76fa849f88c979c7d8.mp3?hdnea=exp=1787243834~acl=/api/1/1/3/2/4/0/324c91929e36de76fa849f88c979c7d8.mp3*~data=user_id=0,application_id=42~hmac=73601317f37bf70cedeccbc90c11af539b64e0e08b2341d57a908798f6fefa09","","392","","","","UK Hardcore","Dougal & Gammer foi curado para ampliar a diversidade reproduzível de UK Hardcore.","low_coverage_subgenre_expansion_v21_20260820","","https://www.deezer.com/track/108863170","https://www.deezer.com/track/108863170","108863170","https://www.deezer.com/track/108863170","https://cdn-images.dzcdn.net/images/cover/33e4d2368d4ef94108e286345db89f33/500x500-000000-80-0-0.jpg","","verified_low_coverage_subgenre_depth","uk_hardcore;UK Hardcore;curated_artist;playable_depth;low_coverage_subgenre_expansion_v21_20260820","catalog_depth","low_coverage_style_repair","published","high","Artista curado para UK Hardcore; artista exato, gravação e prévia verificados no Deezer."
"uk_hardcore","Dougal & Gammer","The World","The World - Single","","https://audio-ssl.itunes.apple.com/itunes-assets/AudioPreview122/v4/8e/0d/72/8e0d724f-5858-ceab-7928-f05b9c6498bb/mzaf_6317018854564298434.plus.aac.p.m4a","2015-02-09","288","","","","UK Hardcore","Dougal & Gammer foi curado para ampliar a diversidade reproduzível de UK Hardcore.","low_coverage_subgenre_expansion_v21_20260820","","https://music.apple.com/us/album/the-world/1649308712?i=1649308715&uo=4","https://music.apple.com/us/album/the-world/1649308712?i=1649308715&uo=4","","","https://is1-ssl.mzstatic.com/image/thumb/Music122/v4/6d/a9/5f/6da95f39-6aab-9836-d7cf-37898efeff3c/5055283455004.jpg/600x600bb.jpg","","verified_low_coverage_subgenre_depth","uk_hardcore;UK Hardcore;curated_artist;playable_depth;low_coverage_subgenre_expansion_v21_20260820","catalog_depth","low_coverage_style_repair","published","high","Artista curado para UK Hardcore; artista exato, gravação e prévia verificados no Apple Music."
"uk_hardcore","Dougal & Gammer","Through The Darkness","25 Years of Dougal","","https://cdnt-preview.dzcdn.net/api/1/1/3/9/1/0/391bc0366ce3c5dbc353503f67de903c.mp3?hdnea=exp=1787243834~acl=/api/1/1/3/9/1/0/391bc0366ce3c5dbc353503f67de903c.mp3*~data=user_id=0,application_id=42~hmac=fc7f09790ed4a87d7c43b12a2f22b3d3308f57b29fafe816eaae1cbb54cf8ebb","","341","","","","UK Hardcore","Dougal & Gammer foi curado para ampliar a diversidade reproduzível de UK Hardcore.","low_coverage_subgenre_expansion_v21_20260820","","https://www.deezer.com/track/106852176","https://www.deezer.com/track/106852176","106852176","https://www.deezer.com/track/106852176","https://cdn-images.dzcdn.net/images/cover/0c39b334df6fbad0083ef61c2c236f26/500x500-000000-80-0-0.jpg","","verified_low_coverage_subgenre_depth","uk_hardcore;UK Hardcore;curated_artist;playable_depth;low_coverage_subgenre_expansion_v21_20260820","catalog_depth","low_coverage_style_repair","published","high","Artista curado para UK Hardcore; artista exato, gravação e prévia verificados no Deezer."
"uk_hardcore","S3RL","Drop That Acid","Drop That Acid","","https://cdnt-preview.dzcdn.net/api/1/1/1/2/d/0/12df1c1518aa3384bae4fc54851d9537.mp3?hdnea=exp=1787243907~acl=/api/1/1/1/2/d/0/12df1c1518aa3384bae4fc54851d9537.mp3*~data=user_id=0,application_id=42~hmac=3f41e81d475304aee9de2763053833a8f3e86249e6ecca0efb667e9870c48119","","227","","","","UK Hardcore","S3RL foi curado para ampliar a diversidade reproduzível de UK Hardcore.","low_coverage_subgenre_expansion_v21_20260820","","https://www.deezer.com/track/4151476252","https://www.deezer.com/track/4151476252","4151476262","https://www.deezer.com/track/4151476262","https://cdn-images.dzcdn.net/images/cover/619b083feec805ec0e21177400d4f668/500x500-000000-80-0-0.jpg","","verified_low_coverage_subgenre_depth","uk_hardcore;UK Hardcore;curated_artist;playable_depth;low_coverage_subgenre_expansion_v21_20260820;deezer_verified","catalog_depth","low_coverage_style_repair","published","high","Artista curado para UK Hardcore; artista exato, gravação e prévia verificados em Deezer."
"uk_hardcore","S3RL","Shoulder Boulders","Shoulder Boulders","","https://cdnt-preview.dzcdn.net/api/1/1/4/5/2/0/4521fa5f9a5ba7ee6ee89b1d107b790e.mp3?hdnea=exp=1787243907~acl=/api/1/1/4/5/2/0/4521fa5f9a5ba7ee6ee89b1d107b790e.mp3*~data=user_id=0,application_id=42~hmac=036e512e7d9ebe8c260f9fbe07d95a932e77e3e8ef2155604590a2a43dbb637c","","269","","","","UK Hardcore","S3RL foi curado para ampliar a diversidade reproduzível de UK Hardcore.","low_coverage_subgenre_expansion_v21_20260820","","https://www.deezer.com/track/3124986861","https://www.deezer.com/track/3124986861","3124978281","https://www.deezer.com/track/3124978281","https://cdn-images.dzcdn.net/images/cover/bd8cd80fd987e4da8bd3b6dc224867ee/500x500-000000-80-0-0.jpg","","verified_low_coverage_subgenre_depth","uk_hardcore;UK Hardcore;curated_artist;playable_depth;low_coverage_subgenre_expansion_v21_20260820;deezer_verified","catalog_depth","low_coverage_style_repair","published","high","Artista curado para UK Hardcore; artista exato, gravação e prévia verificados em Deezer."
"uk_hardcore","S3RL","Trillium (feat. Sara)","Trillium (feat. Sara)","","https://cdnt-preview.dzcdn.net/api/1/1/e/0/d/0/e0d63db1f29b13f7403748749957256a.mp3?hdnea=exp=1787243907~acl=/api/1/1/e/0/d/0/e0d63db1f29b13f7403748749957256a.mp3*~data=user_id=0,application_id=42~hmac=4c386359fe6e7c8484bc097b4ba89495865af6f2230278e83d6c5aa0677de7b6","","193","","","","UK Hardcore","S3RL foi curado para ampliar a diversidade reproduzível de UK Hardcore.","low_coverage_subgenre_expansion_v21_20260820","","https://www.deezer.com/track/3841938361","https://www.deezer.com/track/3841938361","3841938361","https://www.deezer.com/track/3841938361","https://cdn-images.dzcdn.net/images/cover/e605f649f7575f759cafd786d7383e06/500x500-000000-80-0-0.jpg","","verified_low_coverage_subgenre_depth","uk_hardcore;UK Hardcore;curated_artist;playable_depth;low_coverage_subgenre_expansion_v21_20260820","catalog_depth","low_coverage_style_repair","published","high","Artista curado para UK Hardcore; artista exato, gravação e prévia verificados no Deezer."
"uk_hardcore","S3RL","TRILLIUM HARDTEKK","TRILLIUM HARDTEKK","","https://cdnt-preview.dzcdn.net/api/1/1/7/7/f/0/77f53df9a08e64cbfa0c2d5794419ee2.mp3?hdnea=exp=1787243907~acl=/api/1/1/7/7/f/0/77f53df9a08e64cbfa0c2d5794419ee2.mp3*~data=user_id=0,application_id=42~hmac=a152f5b6812bd0cf6966092c9183affae26d10ed9cdd3f250234cc366b36c6cd","","92","","","","UK Hardcore","S3RL foi curado para ampliar a diversidade reproduzível de UK Hardcore.","low_coverage_subgenre_expansion_v21_20260820","","https://www.deezer.com/track/3821052781","https://www.deezer.com/track/3821052781","3821052811","https://www.deezer.com/track/3821052811","https://cdn-images.dzcdn.net/images/cover/cea27981273cd0d9447714a3cf58af90/500x500-000000-80-0-0.jpg","","verified_low_coverage_subgenre_depth","uk_hardcore;UK Hardcore;curated_artist;playable_depth;low_coverage_subgenre_expansion_v21_20260820;deezer_verified","catalog_depth","low_coverage_style_repair","published","high","Artista curado para UK Hardcore; artista exato, gravação e prévia verificados em Deezer."
"uk_hardcore","Scott Brown","Come On (Wind It Up)","The Detonator EP","","https://cdnt-preview.dzcdn.net/api/1/1/7/6/e/0/76ed4ce053c6a840b2ff42992a2a6da6.mp3?hdnea=exp=1787243835~acl=/api/1/1/7/6/e/0/76ed4ce053c6a840b2ff42992a2a6da6.mp3*~data=user_id=0,application_id=42~hmac=55785293436578a56013288a11b37d99c9d1dcba4e7fee8c9dae1ee56cc0c62b","","251","","","","UK Hardcore","Scott Brown foi curado para ampliar a diversidade reproduzível de UK Hardcore.","low_coverage_subgenre_expansion_v21_20260820","","https://www.deezer.com/track/103758842","https://www.deezer.com/track/103758842","103758842","https://www.deezer.com/track/103758842","https://cdn-images.dzcdn.net/images/cover/035bdb51d8ef63120ce688b06cce29bc/500x500-000000-80-0-0.jpg","","verified_low_coverage_subgenre_depth","uk_hardcore;UK Hardcore;curated_artist;playable_depth;low_coverage_subgenre_expansion_v21_20260820","catalog_depth","low_coverage_style_repair","published","high","Artista curado para UK Hardcore; artista exato, gravação e prévia verificados no Deezer."
"uk_hardcore","Scott Brown","Fly With You","Fly With You / The Stranger - EP - Single","","https://audio-ssl.itunes.apple.com/itunes-assets/AudioPreview125/v4/27/95/da/2795daf4-19cc-549e-c91f-37407e700d19/mzaf_7784132731666385806.plus.aac.p.m4a","2003-08-01","358","","","","UK Hardcore","Scott Brown foi curado para ampliar a diversidade reproduzível de UK Hardcore.","low_coverage_subgenre_expansion_v21_20260820","","https://music.apple.com/us/album/fly-with-you/442060360?i=442060440&uo=4","https://music.apple.com/us/album/fly-with-you/442060360?i=442060440&uo=4","16232930","https://www.deezer.com/track/16232930","https://is1-ssl.mzstatic.com/image/thumb/Music/50/26/82/mzi.zkwezqyy.jpg/600x600bb.jpg","","verified_low_coverage_subgenre_depth","uk_hardcore;UK Hardcore;curated_artist;playable_depth;low_coverage_subgenre_expansion_v21_20260820;itunes_verified;deezer_verified","catalog_depth","low_coverage_style_repair","published","high","Artista curado para UK Hardcore; artista exato, gravação e prévia verificados em Apple Music e Deezer."
"uk_hardcore","Scott Brown","Make You Scream","Make You Scream","","https://cdnt-preview.dzcdn.net/api/1/1/3/3/1/0/331b8c015f1490967a715cb8c50ab144.mp3?hdnea=exp=1787243835~acl=/api/1/1/3/3/1/0/331b8c015f1490967a715cb8c50ab144.mp3*~data=user_id=0,application_id=42~hmac=3b066da173b931bc3009a1c17abe217d0b25bdc582a3333cee49c72931d8cc75","","220","","","","UK Hardcore","Scott Brown foi curado para ampliar a diversidade reproduzível de UK Hardcore.","low_coverage_subgenre_expansion_v21_20260820","","https://www.deezer.com/track/539793892","https://www.deezer.com/track/539793892","539793892","https://www.deezer.com/track/539793892","https://cdn-images.dzcdn.net/images/cover/172187a4e01ba5133df25932d9e94390/500x500-000000-80-0-0.jpg","","verified_low_coverage_subgenre_depth","uk_hardcore;UK Hardcore;curated_artist;playable_depth;low_coverage_subgenre_expansion_v21_20260820","catalog_depth","low_coverage_style_repair","published","high","Artista curado para UK Hardcore; artista exato, gravação e prévia verificados no Deezer."
"uk_hardcore","Scott Brown","Technophobia","Technophobia (Darren Styles Remix)","","https://cdnt-preview.dzcdn.net/api/1/1/5/8/9/0/5894231fc86d09db634367eeed17aaa7.mp3?hdnea=exp=1787243835~acl=/api/1/1/5/8/9/0/5894231fc86d09db634367eeed17aaa7.mp3*~data=user_id=0,application_id=42~hmac=f3de9c98a03613bd6887ee667847008fb8f60d698fa75ce87c29fb405f1c1d79","","152","","","","UK Hardcore","Scott Brown foi curado para ampliar a diversidade reproduzível de UK Hardcore.","low_coverage_subgenre_expansion_v21_20260820","","https://www.deezer.com/track/4001608151","https://www.deezer.com/track/4001608151","4001608151","https://www.deezer.com/track/4001608151","https://cdn-images.dzcdn.net/images/cover/c70db7258b1b03169fc91d118b94f306/500x500-000000-80-0-0.jpg","","verified_low_coverage_subgenre_depth","uk_hardcore;UK Hardcore;curated_artist;playable_depth;low_coverage_subgenre_expansion_v21_20260820","catalog_depth","low_coverage_style_repair","published","high","Artista curado para UK Hardcore; artista exato, gravação e prévia verificados no Deezer."
"vocal_trance","Emma Hewitt","Colours","Burn The Sky Down","","https://cdnt-preview.dzcdn.net/api/1/1/8/e/d/0/8ed12142c99d097452b83109b6d65003.mp3?hdnea=exp=1787243840~acl=/api/1/1/8/e/d/0/8ed12142c99d097452b83109b6d65003.mp3*~data=user_id=0,application_id=42~hmac=3a576d1087d2507522ae333b7466b7ca896a61a06570a64cde2c0f95768b06a5","","161","","","","Vocal Trance","Emma Hewitt foi curado para ampliar a diversidade reproduzível de Vocal Trance.","low_coverage_subgenre_expansion_v21_20260820","","https://www.deezer.com/track/51281961","https://www.deezer.com/track/51281961","409281782","https://www.deezer.com/track/409281782","https://cdn-images.dzcdn.net/images/cover/f9d8dffac3f724ab13e0f02ef9050a80/500x500-000000-80-0-0.jpg","","verified_low_coverage_subgenre_depth","vocal_trance;Vocal Trance;curated_artist;playable_depth;low_coverage_subgenre_expansion_v21_20260820;deezer_verified","catalog_depth","low_coverage_style_repair","published","high","Artista curado para Vocal Trance; artista exato, gravação e prévia verificados em Deezer."
"vocal_trance","Emma Hewitt","INTO MY ARMS","INTO MY ARMS","","https://cdnt-preview.dzcdn.net/api/1/1/d/8/9/0/d892d5887b0165bed0358a0d7183b03e.mp3?hdnea=exp=1787243840~acl=/api/1/1/d/8/9/0/d892d5887b0165bed0358a0d7183b03e.mp3*~data=user_id=0,application_id=42~hmac=18380b21399c5cec454be2cd40f171ad8a74d1729b091190135b242c1b281174","","295","","","","Vocal Trance","Emma Hewitt foi curado para ampliar a diversidade reproduzível de Vocal Trance.","low_coverage_subgenre_expansion_v21_20260820","","https://www.deezer.com/track/1813748097","https://www.deezer.com/track/1813748097","1813748117","https://www.deezer.com/track/1813748117","https://cdn-images.dzcdn.net/images/cover/afb36e722ca6f3048e688c240db0675d/500x500-000000-80-0-0.jpg","","verified_low_coverage_subgenre_depth","vocal_trance;Vocal Trance;curated_artist;playable_depth;low_coverage_subgenre_expansion_v21_20260820;deezer_verified","catalog_depth","low_coverage_style_repair","published","high","Artista curado para Vocal Trance; artista exato, gravação e prévia verificados em Deezer."
"vocal_trance","Emma Hewitt","RAINDROP","RAINDROP","","https://cdnt-preview.dzcdn.net/api/1/1/2/2/3/0/2231bb07a02d237a8a9615724f438cb2.mp3?hdnea=exp=1787243840~acl=/api/1/1/2/2/3/0/2231bb07a02d237a8a9615724f438cb2.mp3*~data=user_id=0,application_id=42~hmac=94a33276710ccb0689781d8400312cebb9beb7b33ece314d9cebf8121b57cc3d","","208","","","","Vocal Trance","Emma Hewitt foi curado para ampliar a diversidade reproduzível de Vocal Trance.","low_coverage_subgenre_expansion_v21_20260820","","https://www.deezer.com/track/2199958747","https://www.deezer.com/track/2199958747","2199958747","https://www.deezer.com/track/2199958747","https://cdn-images.dzcdn.net/images/cover/4b26faade53f89f6626d208603c40986/500x500-000000-80-0-0.jpg","","verified_low_coverage_subgenre_depth","vocal_trance;Vocal Trance;curated_artist;playable_depth;low_coverage_subgenre_expansion_v21_20260820","catalog_depth","low_coverage_style_repair","published","high","Artista curado para Vocal Trance; artista exato, gravação e prévia verificados no Deezer."
"vocal_trance","Emma Hewitt","Rewind","Rewind","","https://cdnt-preview.dzcdn.net/api/1/1/5/4/4/0/544e6b16b68a214b54ab92b9500f5807.mp3?hdnea=exp=1787243840~acl=/api/1/1/5/4/4/0/544e6b16b68a214b54ab92b9500f5807.mp3*~data=user_id=0,application_id=42~hmac=efd8dbcf423f9d60bb2523b648f192846e964dcbfb49195e93bab9c96e29c69e","","215","","","","Vocal Trance","Emma Hewitt foi curado para ampliar a diversidade reproduzível de Vocal Trance.","low_coverage_subgenre_expansion_v21_20260820","","https://www.deezer.com/track/62917742","https://www.deezer.com/track/62917742","62917742","https://www.deezer.com/track/62917742","https://cdn-images.dzcdn.net/images/cover/7f815cb3c518e5b9bd1145427cb21bc2/500x500-000000-80-0-0.jpg","","verified_low_coverage_subgenre_depth","vocal_trance;Vocal Trance;curated_artist;playable_depth;low_coverage_subgenre_expansion_v21_20260820","catalog_depth","low_coverage_style_repair","published","high","Artista curado para Vocal Trance; artista exato, gravação e prévia verificados no Deezer."
"vocal_trance","Gareth Emery","Amber Sun","Kingdom United","","https://cdnt-preview.dzcdn.net/api/1/1/5/4/b/0/54b7f3ace5311b7e9d8762407373c032.mp3?hdnea=exp=1787243839~acl=/api/1/1/5/4/b/0/54b7f3ace5311b7e9d8762407373c032.mp3*~data=user_id=0,application_id=42~hmac=3fd19f673b651563a982ad953feb7a33f5558cff9e37ab5d9ddb218c5c44e6db","","212","","","","Vocal Trance","Gareth Emery foi curado para ampliar a diversidade reproduzível de Vocal Trance.","low_coverage_subgenre_expansion_v21_20260820","","https://www.deezer.com/track/673049602","https://www.deezer.com/track/673049602","673049602","https://www.deezer.com/track/673049602","https://cdn-images.dzcdn.net/images/cover/e34bc95f62c46d1b43d143feae096f75/500x500-000000-80-0-0.jpg","","verified_low_coverage_subgenre_depth","vocal_trance;Vocal Trance;curated_artist;playable_depth;low_coverage_subgenre_expansion_v21_20260820","catalog_depth","low_coverage_style_repair","published","high","Artista curado para Vocal Trance; artista exato, gravação e prévia verificados no Deezer."
"vocal_trance","Gareth Emery","Concrete Angel","A State Of Trance 1000 - Celebration Mix (Selected by Armin van Buuren)","","https://cdnt-preview.dzcdn.net/api/1/1/e/3/3/0/e33ae18fd425bc5a0231daae80c47691.mp3?hdnea=exp=1787243839~acl=/api/1/1/e/3/3/0/e33ae18fd425bc5a0231daae80c47691.mp3*~data=user_id=0,application_id=42~hmac=d215d12ce37744d4b4eeefbb505e735a461e538b9636292b174a0dd4e3a1c69c","","236","","","","Vocal Trance","Gareth Emery foi curado para ampliar a diversidade reproduzível de Vocal Trance.","low_coverage_subgenre_expansion_v21_20260820","","https://www.deezer.com/track/1223744142","https://www.deezer.com/track/1223744142","969336632","https://www.deezer.com/track/969336632","https://cdn-images.dzcdn.net/images/cover/0c0eeb362574efe09d483b75fa72faba/500x500-000000-80-0-0.jpg","","verified_low_coverage_subgenre_depth","vocal_trance;Vocal Trance;curated_artist;playable_depth;low_coverage_subgenre_expansion_v21_20260820;deezer_verified","catalog_depth","low_coverage_style_repair","published","high","Artista curado para Vocal Trance; artista exato, gravação e prévia verificados em Deezer."
"vocal_trance","Gareth Emery","Exposure","The Sound Of Garuda: 2009-2015 (Mixed by Gareth Emery, Craig Connelly & Ben Gold)","","https://cdnt-preview.dzcdn.net/api/1/1/2/d/c/0/2dc1c0a2d477087949406dcd8350bfe3.mp3?hdnea=exp=1787243839~acl=/api/1/1/2/d/c/0/2dc1c0a2d477087949406dcd8350bfe3.mp3*~data=user_id=0,application_id=42~hmac=c725535c7fed2c9dae91468d7adc79fdeb566eacb75eafc824ef5d8d2a080aea","","202","","","","Vocal Trance","Gareth Emery foi curado para ampliar a diversidade reproduzível de Vocal Trance.","low_coverage_subgenre_expansion_v21_20260820","","https://www.deezer.com/track/476705572","https://www.deezer.com/track/476705572","476705572","https://www.deezer.com/track/476705572","https://cdn-images.dzcdn.net/images/cover/a81075c7e648b3d0dfb110523c7742b9/500x500-000000-80-0-0.jpg","","verified_low_coverage_subgenre_depth","vocal_trance;Vocal Trance;curated_artist;playable_depth;low_coverage_subgenre_expansion_v21_20260820","catalog_depth","low_coverage_style_repair","published","high","Artista curado para Vocal Trance; artista exato, gravação e prévia verificados no Deezer."
"vocal_trance","Gareth Emery","Into The Light (feat. Mark Frisch)","Into The Light (Bigfett Remix)","","https://cdnt-preview.dzcdn.net/api/1/1/0/a/3/0/0a3cb1e4ff1c81c5896a264a25acdccd.mp3?hdnea=exp=1787243839~acl=/api/1/1/0/a/3/0/0a3cb1e4ff1c81c5896a264a25acdccd.mp3*~data=user_id=0,application_id=42~hmac=9fa78af2667d013972c73ef3241b2b36321989ec6f07d9bfcf914a38aa5d78af","","190","","","","Vocal Trance","Gareth Emery foi curado para ampliar a diversidade reproduzível de Vocal Trance.","low_coverage_subgenre_expansion_v21_20260820","","https://www.deezer.com/track/4151676902","https://www.deezer.com/track/4151676902","4151676902","https://www.deezer.com/track/4151676902","https://cdn-images.dzcdn.net/images/cover/13ee09e310edabeb49cb1b646e858894/500x500-000000-80-0-0.jpg","","verified_low_coverage_subgenre_depth","vocal_trance;Vocal Trance;curated_artist;playable_depth;low_coverage_subgenre_expansion_v21_20260820","catalog_depth","low_coverage_style_repair","published","high","Artista curado para Vocal Trance; artista exato, gravação e prévia verificados no Deezer."
"vocal_trance","Giuseppe Ottaviani","Astra","Astra","","https://cdnt-preview.dzcdn.net/api/1/1/d/4/8/0/d48ce6b17b22cc1bb383ecc93429d383.mp3?hdnea=exp=1787243842~acl=/api/1/1/d/4/8/0/d48ce6b17b22cc1bb383ecc93429d383.mp3*~data=user_id=0,application_id=42~hmac=c54615960c7898da492e1401cde80b9a85aee73cbc88d2811c89696c92aa7125","","177","","","","Vocal Trance","Giuseppe Ottaviani foi curado para ampliar a diversidade reproduzível de Vocal Trance.","low_coverage_subgenre_expansion_v21_20260820","","https://www.deezer.com/track/4019827301","https://www.deezer.com/track/4019827301","4019827311","https://www.deezer.com/track/4019827311","https://cdn-images.dzcdn.net/images/cover/421a05284d329c513dbffd96b74413e0/500x500-000000-80-0-0.jpg","","verified_low_coverage_subgenre_depth","vocal_trance;Vocal Trance;curated_artist;playable_depth;low_coverage_subgenre_expansion_v21_20260820;deezer_verified","catalog_depth","low_coverage_style_repair","published","high","Artista curado para Vocal Trance; artista exato, gravação e prévia verificados em Deezer."
"vocal_trance","Giuseppe Ottaviani","Run Away","Run Away","","https://cdnt-preview.dzcdn.net/api/1/1/4/d/a/0/4daab1eaee08413181199e9019e1dab3.mp3?hdnea=exp=1787243842~acl=/api/1/1/4/d/a/0/4daab1eaee08413181199e9019e1dab3.mp3*~data=user_id=0,application_id=42~hmac=dc9dfec14fcb0d3858fba17bfecd0a8253905c0d26c957b89656fe06c69f12f9","","214","","","","Vocal Trance","Giuseppe Ottaviani foi curado para ampliar a diversidade reproduzível de Vocal Trance.","low_coverage_subgenre_expansion_v21_20260820","","https://www.deezer.com/track/4031413121","https://www.deezer.com/track/4031413121","4031413131","https://www.deezer.com/track/4031413131","https://cdn-images.dzcdn.net/images/cover/59e47e404f98c13de4dce3c37a2a1896/500x500-000000-80-0-0.jpg","","verified_low_coverage_subgenre_depth","vocal_trance;Vocal Trance;curated_artist;playable_depth;low_coverage_subgenre_expansion_v21_20260820;deezer_verified","catalog_depth","low_coverage_style_repair","published","high","Artista curado para Vocal Trance; artista exato, gravação e prévia verificados em Deezer."
"vocal_trance","Giuseppe Ottaviani","Till We Meet Again","Till We Meet Again - Single","","https://audio-ssl.itunes.apple.com/itunes-assets/AudioPreview115/v4/3b/74/5b/3b745b93-6499-9f1f-9eed-1d71d83a4fa1/mzaf_6597134660893038473.plus.aac.p.m4a","2020-07-03","224","","","","Vocal Trance","Giuseppe Ottaviani foi curado para ampliar a diversidade reproduzível de Vocal Trance.","low_coverage_subgenre_expansion_v21_20260820","","https://music.apple.com/us/album/till-we-meet-again/1522820648?i=1522820649&uo=4","https://music.apple.com/us/album/till-we-meet-again/1522820648?i=1522820649&uo=4","1366201382","https://www.deezer.com/track/1366201382","https://is1-ssl.mzstatic.com/image/thumb/Music114/v4/ef/1f/56/ef1f56a7-bfb0-2ec8-4531-f9764637823d/8718522303197.png/600x600bb.jpg","","verified_low_coverage_subgenre_depth","vocal_trance;Vocal Trance;curated_artist;playable_depth;low_coverage_subgenre_expansion_v21_20260820;itunes_verified;deezer_verified","catalog_depth","low_coverage_style_repair","published","high","Artista curado para Vocal Trance; artista exato, gravação e prévia verificados em Apple Music e Deezer."
"vocal_trance","Giuseppe Ottaviani","Together Again (ASOT 1290)","ASOT 1290 - A State of Trance Episode 1290","","https://cdnt-preview.dzcdn.net/api/1/1/1/5/7/0/157da1e355ae4a2e5a405aaf5bfffc31.mp3?hdnea=exp=1787243842~acl=/api/1/1/1/5/7/0/157da1e355ae4a2e5a405aaf5bfffc31.mp3*~data=user_id=0,application_id=42~hmac=e70d53b0d939c2a0eee77a37ff88f588e8b45a75b6155afc2a9116e741257d5b","","168","","","","Vocal Trance","Giuseppe Ottaviani foi curado para ampliar a diversidade reproduzível de Vocal Trance.","low_coverage_subgenre_expansion_v21_20260820","","https://www.deezer.com/track/4221211412","https://www.deezer.com/track/4221211412","4221211412","https://www.deezer.com/track/4221211412","https://cdn-images.dzcdn.net/images/cover/86d0c4d643a116573e0e3088f29c29da/500x500-000000-80-0-0.jpg","","verified_low_coverage_subgenre_depth","vocal_trance;Vocal Trance;curated_artist;playable_depth;low_coverage_subgenre_expansion_v21_20260820","catalog_depth","low_coverage_style_repair","published","high","Artista curado para Vocal Trance; artista exato, gravação e prévia verificados no Deezer."
"wonky","Dabrye","Air (feat. DOOM)","Two/Three","","https://audio-ssl.itunes.apple.com/itunes-assets/AudioPreview115/v4/90/34/65/90346502-8046-5f6b-c162-e8fb0fddb021/mzaf_9666146567901652874.plus.aac.p.m4a","2006-04-18","190","","","","Wonky","Dabrye foi curado para ampliar a diversidade reproduzível de Wonky.","low_coverage_subgenre_expansion_v21_20260820","","https://music.apple.com/us/album/air-feat-doom/682652421?i=682652508&uo=4","https://music.apple.com/us/album/air-feat-doom/682652421?i=682652508&uo=4","69824731","https://www.deezer.com/track/69824731","https://is1-ssl.mzstatic.com/image/thumb/Music6/v4/d3/46/8d/d3468dc5-21c9-a599-797d-e76d0b159808/cover.jpg/600x600bb.jpg","","verified_low_coverage_subgenre_depth","wonky;Wonky;curated_artist;playable_depth;low_coverage_subgenre_expansion_v21_20260820;itunes_verified;deezer_verified","catalog_depth","low_coverage_style_repair","published","high","Artista curado para Wonky; artista exato, gravação e prévia verificados em Apple Music e Deezer."
"wonky","Dabrye","Fightscene (feat. La Peace)","Three/Three","","https://cdnt-preview.dzcdn.net/api/1/1/0/9/f/0/09f3462761a0272d922f0c842863a290.mp3?hdnea=exp=1787243665~acl=/api/1/1/0/9/f/0/09f3462761a0272d922f0c842863a290.mp3*~data=user_id=0,application_id=42~hmac=57401baf056ab477f1587755c69bf0fe271b69b873565f0949d1f87ec21864cc","","217","","","","Wonky","Dabrye foi curado para ampliar a diversidade reproduzível de Wonky.","low_coverage_subgenre_expansion_v21_20260820","","https://www.deezer.com/track/450753122","https://www.deezer.com/track/450753122","450753122","https://www.deezer.com/track/450753122","https://cdn-images.dzcdn.net/images/cover/2d5b2b0222801b405a6c7a8ed91acac0/500x500-000000-80-0-0.jpg","","verified_low_coverage_subgenre_depth","wonky;Wonky;curated_artist;playable_depth;low_coverage_subgenre_expansion_v21_20260820","catalog_depth","low_coverage_style_repair","published","high","Artista curado para Wonky; artista exato, gravação e prévia verificados no Deezer."
"wonky","Dabrye","First Law of Nature Rock Day (feat. Denmark Vessey)","Three/Three","","https://cdnt-preview.dzcdn.net/api/1/1/b/2/1/0/b219d501dd2460d49c59fca95d62ad6e.mp3?hdnea=exp=1787243665~acl=/api/1/1/b/2/1/0/b219d501dd2460d49c59fca95d62ad6e.mp3*~data=user_id=0,application_id=42~hmac=00e56886cd1e1abddf2acce2519c1a41b3b71515dd2d353b9605fd7e389c3217","","212","","","","Wonky","Dabrye foi curado para ampliar a diversidade reproduzível de Wonky.","low_coverage_subgenre_expansion_v21_20260820","","https://www.deezer.com/track/450753252","https://www.deezer.com/track/450753252","450753252","https://www.deezer.com/track/450753252","https://cdn-images.dzcdn.net/images/cover/2d5b2b0222801b405a6c7a8ed91acac0/500x500-000000-80-0-0.jpg","","verified_low_coverage_subgenre_depth","wonky;Wonky;curated_artist;playable_depth;low_coverage_subgenre_expansion_v21_20260820","catalog_depth","low_coverage_style_repair","published","high","Artista curado para Wonky; artista exato, gravação e prévia verificados no Deezer."
"wonky","Dabrye","Stranded (feat. Fatt Father)","Three/Three","","https://cdnt-preview.dzcdn.net/api/1/1/0/0/8/0/008b593a404ecb54d56368a1d0116b55.mp3?hdnea=exp=1787243665~acl=/api/1/1/0/0/8/0/008b593a404ecb54d56368a1d0116b55.mp3*~data=user_id=0,application_id=42~hmac=72999a236634d9ac0698d1de7db69dd2dddbf28041e8518cb2b5312d9efe3a64","","187","","","","Wonky","Dabrye foi curado para ampliar a diversidade reproduzível de Wonky.","low_coverage_subgenre_expansion_v21_20260820","","https://www.deezer.com/track/450753142","https://www.deezer.com/track/450753142","450753142","https://www.deezer.com/track/450753142","https://cdn-images.dzcdn.net/images/cover/2d5b2b0222801b405a6c7a8ed91acac0/500x500-000000-80-0-0.jpg","","verified_low_coverage_subgenre_depth","wonky;Wonky;curated_artist;playable_depth;low_coverage_subgenre_expansion_v21_20260820","catalog_depth","low_coverage_style_repair","published","high","Artista curado para Wonky; artista exato, gravação e prévia verificados no Deezer."
"wonky","Flying Lotus","Black Gold","Black Gold / Between Memories","","https://cdnt-preview.dzcdn.net/api/1/1/3/0/9/0/309cc89b2200c4669fcb28f3c19b1b75.mp3?hdnea=exp=1787243663~acl=/api/1/1/3/0/9/0/309cc89b2200c4669fcb28f3c19b1b75.mp3*~data=user_id=0,application_id=42~hmac=778b30f90c2707e2e62b05c7a9d2740b97834866bf7dec97b9d2ae530252969c","","95","","","","Wonky","Flying Lotus foi curado para ampliar a diversidade reproduzível de Wonky.","low_coverage_subgenre_expansion_v21_20260820","","https://www.deezer.com/track/1347444452","https://www.deezer.com/track/1347444452","1347444452","https://www.deezer.com/track/1347444452","https://cdn-images.dzcdn.net/images/cover/d023032447811015d45b7dd059cec604/500x500-000000-80-0-0.jpg","","verified_low_coverage_subgenre_depth","wonky;Wonky;curated_artist;playable_depth;low_coverage_subgenre_expansion_v21_20260820","catalog_depth","low_coverage_style_repair","published","high","Artista curado para Wonky; artista exato, gravação e prévia verificados no Deezer."
"wonky","Flying Lotus","Crust","Yasuke","","https://audio-ssl.itunes.apple.com/itunes-assets/AudioPreview114/v4/b5/0d/50/b50d504d-15d1-b46c-1a08-14516973e2e7/mzaf_8105455934336118828.plus.aac.p.m4a","2021-04-30","134","","","","Wonky","Flying Lotus foi curado para ampliar a diversidade reproduzível de Wonky.","low_coverage_subgenre_expansion_v21_20260820","","https://music.apple.com/us/album/crust/1563057633?i=1563057819&uo=4","https://music.apple.com/us/album/crust/1563057633?i=1563057819&uo=4","1354671322","https://www.deezer.com/track/1354671322","https://is1-ssl.mzstatic.com/image/thumb/Music125/v4/4b/64/e5/4b64e58a-b07c-da1f-f655-5be3ebacaf8c/0801061033439.jpg/600x600bb.jpg","","verified_low_coverage_subgenre_depth","wonky;Wonky;curated_artist;playable_depth;low_coverage_subgenre_expansion_v21_20260820;itunes_verified;deezer_verified","catalog_depth","low_coverage_style_repair","published","high","Artista curado para Wonky; artista exato, gravação e prévia verificados em Apple Music e Deezer."
"wonky","Flying Lotus","Do the Astral Plane","Cosmogramma","","https://audio-ssl.itunes.apple.com/itunes-assets/AudioPreview116/v4/a7/41/a8/a741a848-aa81-6256-7ebb-a396949ef6db/mzaf_16581719614859607572.plus.aac.p.m4a","2010-05-03","238","","","","Wonky","Flying Lotus foi curado para ampliar a diversidade reproduzível de Wonky.","low_coverage_subgenre_expansion_v21_20260820","","https://music.apple.com/us/album/do-the-astral-plane/367788829?i=367788945&uo=4","https://music.apple.com/us/album/do-the-astral-plane/367788829?i=367788945&uo=4","5989219","https://www.deezer.com/track/5989219","https://is1-ssl.mzstatic.com/image/thumb/Music126/v4/f8/3f/5f/f83f5f67-f8d6-626a-ae9a-3f16c5b0af5d/0801061019532.png/600x600bb.jpg","","verified_low_coverage_subgenre_depth","wonky;Wonky;curated_artist;playable_depth;low_coverage_subgenre_expansion_v21_20260820;itunes_verified;deezer_verified","catalog_depth","low_coverage_style_repair","published","high","Artista curado para Wonky; artista exato, gravação e prévia verificados em Apple Music e Deezer."
"wonky","Flying Lotus","More","Flamagra","","https://cdnt-preview.dzcdn.net/api/1/1/5/3/3/0/533736cb61cb13f23b0907167659ac7b.mp3?hdnea=exp=1787243663~acl=/api/1/1/5/3/3/0/533736cb61cb13f23b0907167659ac7b.mp3*~data=user_id=0,application_id=42~hmac=695458b898e35d2788921462ff20545049e480327d6dc53309263144f05d696a","","257","","","","Wonky","Flying Lotus foi curado para ampliar a diversidade reproduzível de Wonky.","low_coverage_subgenre_expansion_v21_20260820","","https://www.deezer.com/track/683862982","https://www.deezer.com/track/683862982","683862982","https://www.deezer.com/track/683862982","https://cdn-images.dzcdn.net/images/cover/56f7534885a8bc7c454babeb196dc34e/500x500-000000-80-0-0.jpg","","verified_low_coverage_subgenre_depth","wonky;Wonky;curated_artist;playable_depth;low_coverage_subgenre_expansion_v21_20260820","catalog_depth","low_coverage_style_repair","published","high","Artista curado para Wonky; artista exato, gravação e prévia verificados no Deezer."
"wonky","Harmonic 313","Cyclotron","When Machines Exceed Human Intelligence","","https://audio-ssl.itunes.apple.com/itunes-assets/AudioPreview221/v4/41/53/4d/41534d2f-ae92-ef7a-27b9-78a584b0b046/mzaf_4008939482069576423.plus.aac.p.m4a","2009-02-02","282","","","","Wonky","Harmonic 313 foi curado para ampliar a diversidade reproduzível de Wonky.","low_coverage_subgenre_expansion_v21_20260820","","https://music.apple.com/us/album/cyclotron/301909417?i=301909419&uo=4","https://music.apple.com/us/album/cyclotron/301909417?i=301909419&uo=4","29382451","https://www.deezer.com/track/29382451","https://is1-ssl.mzstatic.com/image/thumb/Music221/v4/de/83/a7/de83a738-6b06-fb94-48be-c98617bbd7c4/0801061017538.png/600x600bb.jpg","","verified_low_coverage_subgenre_depth","wonky;Wonky;curated_artist;playable_depth;low_coverage_subgenre_expansion_v21_20260820;itunes_verified;deezer_verified","catalog_depth","low_coverage_style_repair","published","high","Artista curado para Wonky; artista exato, gravação e prévia verificados em Apple Music e Deezer."
"wonky","Harmonic 313","Dirtbox","Dirtbox - EP","","https://audio-ssl.itunes.apple.com/itunes-assets/AudioPreview211/v4/ee/cf/d7/eecfd713-bfeb-5b63-aa05-cad42e280ae9/mzaf_13523422444268581879.plus.aac.p.m4a","2008-11-24","269","","","","Wonky","Harmonic 313 foi curado para ampliar a diversidade reproduzível de Wonky.","low_coverage_subgenre_expansion_v21_20260820","","https://music.apple.com/us/album/dirtbox/296509260?i=296509332&uo=4","https://music.apple.com/us/album/dirtbox/296509260?i=296509332&uo=4","","","https://is1-ssl.mzstatic.com/image/thumb/Music221/v4/3e/a8/ea/3ea8ead4-48c2-b3d3-4610-4018ad90d35b/0801061926236.png/600x600bb.jpg","","verified_low_coverage_subgenre_depth","wonky;Wonky;curated_artist;playable_depth;low_coverage_subgenre_expansion_v21_20260820;itunes_verified","catalog_depth","low_coverage_style_repair","published","high","Artista curado para Wonky; artista exato, gravação e prévia verificados em Apple Music."
"wonky","Harmonic 313","Don't Panic","When Machines Exceed Human Intelligence","","https://audio-ssl.itunes.apple.com/itunes-assets/AudioPreview221/v4/94/fc/5c/94fc5c95-b980-eeb0-920f-7bb4bf291a0c/mzaf_16374016747746934803.plus.aac.p.m4a","2009-02-02","283","","","","Wonky","Harmonic 313 foi curado para ampliar a diversidade reproduzível de Wonky.","low_coverage_subgenre_expansion_v21_20260820","","https://music.apple.com/us/album/dont-panic/301909417?i=301909437&uo=4","https://music.apple.com/us/album/dont-panic/301909417?i=301909437&uo=4","","","https://is1-ssl.mzstatic.com/image/thumb/Music221/v4/de/83/a7/de83a738-6b06-fb94-48be-c98617bbd7c4/0801061017538.png/600x600bb.jpg","","verified_low_coverage_subgenre_depth","wonky;Wonky;curated_artist;playable_depth;low_coverage_subgenre_expansion_v21_20260820","catalog_depth","low_coverage_style_repair","published","high","Artista curado para Wonky; artista exato, gravação e prévia verificados no Apple Music."
"wonky","Harmonic 313","Quadrant 3","When Machines Exceed Human Intelligence","","https://audio-ssl.itunes.apple.com/itunes-assets/AudioPreview211/v4/c6/56/49/c65649c4-a5ae-8d8c-179d-34da96faa678/mzaf_17795223120409820935.plus.aac.p.m4a","2009-02-02","366","","","","Wonky","Harmonic 313 foi curado para ampliar a diversidade reproduzível de Wonky.","low_coverage_subgenre_expansion_v21_20260820","","https://music.apple.com/us/album/quadrant-3/301909417?i=301909443&uo=4","https://music.apple.com/us/album/quadrant-3/301909417?i=301909443&uo=4","","","https://is1-ssl.mzstatic.com/image/thumb/Music221/v4/de/83/a7/de83a738-6b06-fb94-48be-c98617bbd7c4/0801061017538.png/600x600bb.jpg","","verified_low_coverage_subgenre_depth","wonky;Wonky;curated_artist;playable_depth;low_coverage_subgenre_expansion_v21_20260820","catalog_depth","low_coverage_style_repair","published","high","Artista curado para Wonky; artista exato, gravação e prévia verificados no Apple Music."
