"style","artist","song","label","bpm_exact","preview_url","release_date","duration_sec","artist_country","city","artist_genre","artist_profile_hint","source","source_url","track_url","deezer_track_id","deezer_track_url","cover_art_url","genre_evidence_url","source_type","source_tags","energy_band","catalog_role","status","confidence","source_note"
"balearic_trance","Humate","Choose Life (Rob Rives Dub)","Choose Life - EP","","https://audio-ssl.itunes.apple.com/itunes-assets/AudioPreview126/v4/bf/51/cd/bf51cdf6-0017-9055-29df-6cd786372036/mzaf_17133067682682890676.plus.aac.p.m4a","2000-03-27","374","","","Balearic Trance","Humate foi curado para ampliar a profundidade de Balearic Trance no catálogo.","underrepresented_subgenre_expansion_v18_20260820","https://music.apple.com/us/album/choose-life-rob-rives-dub/1678921798?i=1678922187&uo=4","https://music.apple.com/us/album/choose-life-rob-rives-dub/1678921798?i=1678922187&uo=4","","","https://is1-ssl.mzstatic.com/image/thumb/Music116/v4/79/50/81/79508181-b9b0-695d-9c91-b06649a32866/5054283593112.jpg/600x600bb.jpg","","verified_underrepresented_subgenre_depth","balearic_trance;Balearic Trance;curated_artist;playable_depth;underrepresented_subgenre_expansion_v18_20260820","catalog_depth","underrepresented_style_depth","published","high","Artista curado para Balearic Trance; artista exato, gravação e prévia verificados no Apple Music."
"balearic_trance","Humate","Love Stimulation (Paul van Dyk's Lovemix) [Hörfunk-Edit]","The World of Trance (40 Biggest Trance Hits Ever)","","https://audio-ssl.itunes.apple.com/itunes-assets/AudioPreview211/v4/53/d0/fc/53d0fc8c-ec5d-e065-6ecb-df956b372cd5/mzaf_11106576560960893173.plus.aac.p.m4a","2010-01-10","212","","","Balearic Trance","Humate foi curado para ampliar a profundidade de Balearic Trance no catálogo.","underrepresented_subgenre_expansion_v18_20260820","https://music.apple.com/us/album/love-stimulation-paul-van-dyks-lovemix-h%C3%B6rfunk-edit/1024507757?i=1024508357&uo=4","https://music.apple.com/us/album/love-stimulation-paul-van-dyks-lovemix-h%C3%B6rfunk-edit/1024507757?i=1024508357&uo=4","","","https://is1-ssl.mzstatic.com/image/thumb/Music211/v4/f7/5a/b3/f75ab32e-1994-6029-cf65-7220d58f12f9/8718522072642.png/600x600bb.jpg","","verified_underrepresented_subgenre_depth","balearic_trance;Balearic Trance;curated_artist;playable_depth;underrepresented_subgenre_expansion_v18_20260820","catalog_depth","underrepresented_style_depth","published","high","Artista curado para Balearic Trance; artista exato, gravação e prévia verificados no Apple Music."
"balearic_trance","Humate","Love Stimulation (Vonyc Sessions 815) [Oliver Lieb Softmix]","Vonyc Sessions 815","","https://audio-ssl.itunes.apple.com/itunes-assets/AudioPreview112/v4/55/46/b9/5546b901-44b4-cde4-c4fb-2a2eb0065731/mzaf_344610952770111157.plus.aac.p.m4a","2022-08-15","228","","","Balearic Trance","Humate foi curado para ampliar a profundidade de Balearic Trance no catálogo.","underrepresented_subgenre_expansion_v18_20260820","https://music.apple.com/us/album/love-stimulation-vonyc-sessions-815-oliver-lieb-softmix/1649721889?i=1649721912&uo=4","https://music.apple.com/us/album/love-stimulation-vonyc-sessions-815-oliver-lieb-softmix/1649721889?i=1649721912&uo=4","","","https://is1-ssl.mzstatic.com/image/thumb/Music122/v4/d0/de/1f/d0de1f14-fac7-78ff-f2e4-2375458b324d/8718525273022.png/600x600bb.jpg","","verified_underrepresented_subgenre_depth","balearic_trance;Balearic Trance;curated_artist;playable_depth;underrepresented_subgenre_expansion_v18_20260820","catalog_depth","underrepresented_style_depth","published","high","Artista curado para Balearic Trance; artista exato, gravação e prévia verificados no Apple Music."
"balearic_trance","Humate","Sound (Steve Bug Remix) [Mixed]","PHANTASYMIX 13: Andrew Thomson (DJ Mix)","","https://audio-ssl.itunes.apple.com/itunes-assets/AudioPreview221/v4/6f/11/27/6f11273e-23ec-25ea-9d5f-3dc3050640cb/mzaf_6274819611606467066.plus.aac.p.m4a","2018-04-25","216","","","Balearic Trance","Humate foi curado para ampliar a profundidade de Balearic Trance no catálogo.","underrepresented_subgenre_expansion_v18_20260820","https://music.apple.com/us/album/sound-steve-bug-remix-mixed/1883767245?i=1883767249&uo=4","https://music.apple.com/us/album/sound-steve-bug-remix-mixed/1883767245?i=1883767249&uo=4","","","https://is1-ssl.mzstatic.com/image/thumb/Music221/v4/19/25/b7/1925b777-17c7-33e2-2d8b-fca04dffa714/a39b96b5-e8d8-4802-b385-1d6ae3c182df.jpg/600x600bb.jpg","","verified_underrepresented_subgenre_depth","balearic_trance;Balearic Trance;curated_artist;playable_depth;underrepresented_subgenre_expansion_v18_20260820","catalog_depth","underrepresented_style_depth","published","high","Artista curado para Balearic Trance; artista exato, gravação e prévia verificados no Apple Music."
"balearic_trance","Nalin & Kane","Beachball (Sunday Sessions 041)","Sunday Sessions 041","","https://audio-ssl.itunes.apple.com/itunes-assets/AudioPreview125/v4/2e/06/16/2e0616d0-bdcb-639f-f784-2015ca4cf70b/mzaf_11686926458064244056.plus.aac.p.m4a","2021-04-04","260","","","Balearic Trance","Nalin & Kane foi curado para ampliar a profundidade de Balearic Trance no catálogo.","underrepresented_subgenre_expansion_v18_20260820","https://music.apple.com/us/album/beachball-sunday-sessions-041/1567182741?i=1567182742&uo=4","https://music.apple.com/us/album/beachball-sunday-sessions-041/1567182741?i=1567182742&uo=4","","","https://is1-ssl.mzstatic.com/image/thumb/Music115/v4/26/fa/13/26fa1320-25ce-04fc-97de-bb75ad261605/8718525224772.png/600x600bb.jpg","","verified_underrepresented_subgenre_depth","balearic_trance;Balearic Trance;curated_artist;playable_depth;underrepresented_subgenre_expansion_v18_20260820","catalog_depth","underrepresented_style_depth","published","high","Artista curado para Balearic Trance; artista exato, gravação e prévia verificados no Apple Music."
"balearic_trance","Nalin & Kane","Cruising (Chopstick Radio Edit)","Cruising (Remixes) [feat. Alex Prince]","","https://audio-ssl.itunes.apple.com/itunes-assets/AudioPreview126/v4/c8/a5/0a/c8a50aee-f0b1-4521-ae27-d61a7ec7c521/mzaf_10284701316177811401.plus.aac.p.m4a","2003-01-01","232","","","Balearic Trance","Nalin & Kane foi curado para ampliar a profundidade de Balearic Trance no catálogo.","underrepresented_subgenre_expansion_v18_20260820","https://music.apple.com/us/album/cruising-chopstick-radio-edit/1711818021?i=1711818024&uo=4","https://music.apple.com/us/album/cruising-chopstick-radio-edit/1711818021?i=1711818024&uo=4","","","https://is1-ssl.mzstatic.com/image/thumb/Music116/v4/1b/a9/e1/1ba9e150-809b-64ec-02b8-8d32bf569531/617465118258.jpg/600x600bb.jpg","","verified_underrepresented_subgenre_depth","balearic_trance;Balearic Trance;curated_artist;playable_depth;underrepresented_subgenre_expansion_v18_20260820;itunes_verified","catalog_depth","underrepresented_style_depth","published","high","Artista curado para Balearic Trance; artista exato, gravação e prévia verificados em Apple Music."
"balearic_trance","Nalin & Kane","Open Your Eyes (Mix Cut)","In Search of Sunrise 3","","https://audio-ssl.itunes.apple.com/itunes-assets/AudioPreview115/v4/67/93/6f/67936fec-739e-1cd9-10d9-ba0335da94bc/mzaf_8270198153176083167.plus.aac.p.m4a","2002-07-01","339","","","Balearic Trance","Nalin & Kane foi curado para ampliar a profundidade de Balearic Trance no catálogo.","underrepresented_subgenre_expansion_v18_20260820","https://music.apple.com/us/album/open-your-eyes-mix-cut/1162917174?i=1162917971&uo=4","https://music.apple.com/us/album/open-your-eyes-mix-cut/1162917174?i=1162917971&uo=4","3677669682","https://www.deezer.com/track/3677669682","https://is1-ssl.mzstatic.com/image/thumb/Music221/v4/38/89/0f/38890f4c-915e-4123-54eb-262ba100d491/8718525051453.png/600x600bb.jpg","","verified_underrepresented_subgenre_depth","balearic_trance;Balearic Trance;curated_artist;playable_depth;underrepresented_subgenre_expansion_v18_20260820;itunes_verified;deezer_verified","catalog_depth","underrepresented_style_depth","published","high","Artista curado para Balearic Trance; artista exato, gravação e prévia verificados em Apple Music e Deezer."
"balearic_trance","Nalin & Kane","Open Your Eyes (The Child You Are) [Markus Schulz & Elevation Remix]","Sirup Trance Collection (2008)","","https://audio-ssl.itunes.apple.com/itunes-assets/AudioPreview125/v4/37/67/95/3767953f-65e4-805c-eb42-06cd256fc879/mzaf_2381985562696950127.plus.aac.p.m4a","1999-09-13","549","","","Balearic Trance","Nalin & Kane foi curado para ampliar a profundidade de Balearic Trance no catálogo.","underrepresented_subgenre_expansion_v18_20260820","https://music.apple.com/us/album/open-your-eyes-the-child-you-are-markus-schulz/279426192?i=279426335&uo=4","https://music.apple.com/us/album/open-your-eyes-the-child-you-are-markus-schulz/279426192?i=279426335&uo=4","","","https://is1-ssl.mzstatic.com/image/thumb/Music/e1/0d/40/mzi.lzhqbnqa.jpg/600x600bb.jpg","","verified_underrepresented_subgenre_depth","balearic_trance;Balearic Trance;curated_artist;playable_depth;underrepresented_subgenre_expansion_v18_20260820;itunes_verified","catalog_depth","underrepresented_style_depth","published","high","Artista curado para Balearic Trance; artista exato, gravação e prévia verificados em Apple Music."
"balearic_trance","Salt Tank","Afterhours","Wavebreaks","","https://audio-ssl.itunes.apple.com/itunes-assets/AudioPreview112/v4/bd/31/30/bd3130c7-2e30-9cd2-1357-c2471ab529ed/mzaf_13317129678047501416.plus.aac.p.m4a","1997-01-01","252","","","Balearic Trance","Salt Tank foi curado para ampliar a profundidade de Balearic Trance no catálogo.","underrepresented_subgenre_expansion_v18_20260820","https://music.apple.com/us/album/afterhours/1320034992?i=1320035003&uo=4","https://music.apple.com/us/album/afterhours/1320034992?i=1320035003&uo=4","","","https://is1-ssl.mzstatic.com/image/thumb/Music118/v4/ad/bc/de/adbcde14-4324-3d0c-3eb6-767be503979a/042282891822.jpg/600x600bb.jpg","","verified_underrepresented_subgenre_depth","balearic_trance;Balearic Trance;curated_artist;playable_depth;underrepresented_subgenre_expansion_v18_20260820","catalog_depth","underrepresented_style_depth","published","high","Artista curado para Balearic Trance; artista exato, gravação e prévia verificados no Apple Music."
"balearic_trance","Salt Tank","Cjax","Wavebreaks","","https://audio-ssl.itunes.apple.com/itunes-assets/AudioPreview122/v4/c9/32/2c/c9322c08-91f3-2401-a668-911c88c651ac/mzaf_5370684115987079858.plus.aac.p.m4a","1997-01-01","262","","","Balearic Trance","Salt Tank foi curado para ampliar a profundidade de Balearic Trance no catálogo.","underrepresented_subgenre_expansion_v18_20260820","https://music.apple.com/us/album/cjax/1320034992?i=1320034999&uo=4","https://music.apple.com/us/album/cjax/1320034992?i=1320034999&uo=4","","","https://is1-ssl.mzstatic.com/image/thumb/Music118/v4/ad/bc/de/adbcde14-4324-3d0c-3eb6-767be503979a/042282891822.jpg/600x600bb.jpg","","verified_underrepresented_subgenre_depth","balearic_trance;Balearic Trance;curated_artist;playable_depth;underrepresented_subgenre_expansion_v18_20260820","catalog_depth","underrepresented_style_depth","published","high","Artista curado para Balearic Trance; artista exato, gravação e prévia verificados no Apple Music."
"balearic_trance","Salt Tank","Ritual","Wavebreaks","","https://audio-ssl.itunes.apple.com/itunes-assets/AudioPreview112/v4/da/2f/02/da2f029b-8688-bbad-0888-8eca9900dae7/mzaf_10423608443842768272.plus.aac.p.m4a","1997-01-01","389","","","Balearic Trance","Salt Tank foi curado para ampliar a profundidade de Balearic Trance no catálogo.","underrepresented_subgenre_expansion_v18_20260820","https://music.apple.com/us/album/ritual/1320034992?i=1320035000&uo=4","https://music.apple.com/us/album/ritual/1320034992?i=1320035000&uo=4","","","https://is1-ssl.mzstatic.com/image/thumb/Music118/v4/ad/bc/de/adbcde14-4324-3d0c-3eb6-767be503979a/042282891822.jpg/600x600bb.jpg","","verified_underrepresented_subgenre_depth","balearic_trance;Balearic Trance;curated_artist;playable_depth;underrepresented_subgenre_expansion_v18_20260820","catalog_depth","underrepresented_style_depth","published","high","Artista curado para Balearic Trance; artista exato, gravação e prévia verificados no Apple Music."
"balearic_trance","Salt Tank","Wave Intruder","Wavebreaks","","https://audio-ssl.itunes.apple.com/itunes-assets/AudioPreview112/v4/d4/0d/27/d40d2742-663d-7556-5f5a-6473d3604b74/mzaf_9803588115742486410.plus.aac.p.m4a","1997-01-01","419","","","Balearic Trance","Salt Tank foi curado para ampliar a profundidade de Balearic Trance no catálogo.","underrepresented_subgenre_expansion_v18_20260820","https://music.apple.com/us/album/wave-intruder/1320034992?i=1320034998&uo=4","https://music.apple.com/us/album/wave-intruder/1320034992?i=1320034998&uo=4","","","https://is1-ssl.mzstatic.com/image/thumb/Music118/v4/ad/bc/de/adbcde14-4324-3d0c-3eb6-767be503979a/042282891822.jpg/600x600bb.jpg","","verified_underrepresented_subgenre_depth","balearic_trance;Balearic Trance;curated_artist;playable_depth;underrepresented_subgenre_expansion_v18_20260820","catalog_depth","underrepresented_style_depth","published","high","Artista curado para Balearic Trance; artista exato, gravação e prévia verificados no Apple Music."
"balearic_trance","Three Drives","Back to Basic","Back to Basic","","https://cdnt-preview.dzcdn.net/api/1/1/b/6/b/0/b6b4b6f074a6f719269f294615798bec.mp3?hdnea=exp=1787242666~acl=/api/1/1/b/6/b/0/b6b4b6f074a6f719269f294615798bec.mp3*~data=user_id=0,application_id=42~hmac=8630d661d51bb8d7aea4c6344f8d5aa1fa8d4c1413dacd906fd71e39d2f39b5b","","468","","","Balearic Trance","Three Drives foi curado para ampliar a profundidade de Balearic Trance no catálogo.","underrepresented_subgenre_expansion_v18_20260820","https://www.deezer.com/track/98408124","https://www.deezer.com/track/98408124","98408124","https://www.deezer.com/track/98408124","https://cdn-images.dzcdn.net/images/cover/e01a20138b81af6b4102175b7550fdfd/500x500-000000-80-0-0.jpg","","verified_underrepresented_subgenre_depth","balearic_trance;Balearic Trance;curated_artist;playable_depth;underrepresented_subgenre_expansion_v18_20260820","catalog_depth","underrepresented_style_depth","published","high","Artista curado para Balearic Trance; artista exato, gravação e prévia verificados no Deezer."
"balearic_trance","Three Drives","Feel the Rhythm (Ton Tb Dub Mix)","Do You Trust Me","","https://audio-ssl.itunes.apple.com/itunes-assets/AudioPreview115/v4/fa/e1/15/fae11541-6cbc-b5e7-c76e-e094809960ba/mzaf_11331160024781025086.plus.aac.p.m4a","2000-02-28","582","","","Balearic Trance","Three Drives foi curado para ampliar a profundidade de Balearic Trance no catálogo.","underrepresented_subgenre_expansion_v18_20260820","https://music.apple.com/us/album/feel-the-rhythm-ton-tb-dub-mix/1455017966?i=1455017970&uo=4","https://music.apple.com/us/album/feel-the-rhythm-ton-tb-dub-mix/1455017966?i=1455017970&uo=4","542096202","https://www.deezer.com/track/542096202","https://is1-ssl.mzstatic.com/image/thumb/Music124/v4/2c/aa/01/2caa0130-6327-beca-bd12-97da6dd5afa4/8718522243783.png/600x600bb.jpg","","verified_underrepresented_subgenre_depth","balearic_trance;Balearic Trance;curated_artist;playable_depth;underrepresented_subgenre_expansion_v18_20260820;itunes_verified;deezer_verified","catalog_depth","underrepresented_style_depth","published","high","Artista curado para Balearic Trance; artista exato, gravação e prévia verificados em Apple Music e Deezer."
"balearic_trance","Three Drives","Feel the Rhythm (Ton TB Dub)","In Search of Sunrise 7: Asia","","https://audio-ssl.itunes.apple.com/itunes-assets/AudioPreview115/v4/ce/dc/24/cedc2453-b36a-a34f-1f4c-11593ca7010a/mzaf_14087726046734488975.plus.aac.p.m4a","2000-02-28","583","","","Balearic Trance","Three Drives foi curado para ampliar a profundidade de Balearic Trance no catálogo.","underrepresented_subgenre_expansion_v18_20260820","https://music.apple.com/us/album/feel-the-rhythm-ton-tb-dub/295196104?i=295196182&uo=4","https://music.apple.com/us/album/feel-the-rhythm-ton-tb-dub/295196104?i=295196182&uo=4","","","https://is1-ssl.mzstatic.com/image/thumb/Music115/v4/e5/66/f0/e566f066-b61c-a0f0-7ee4-c1f7b572d889/mzi.uilqtnil.jpg/600x600bb.jpg","","verified_underrepresented_subgenre_depth","balearic_trance;Balearic Trance;curated_artist;playable_depth;underrepresented_subgenre_expansion_v18_20260820","catalog_depth","underrepresented_style_depth","published","high","Artista curado para Balearic Trance; artista exato, gravação e prévia verificados no Apple Music."
"balearic_trance","Three Drives","Freaky Runaway","Freaky Runaway","","https://cdnt-preview.dzcdn.net/api/1/1/f/b/f/0/fbfee9754b606642422e31418b6e13bd.mp3?hdnea=exp=1787242666~acl=/api/1/1/f/b/f/0/fbfee9754b606642422e31418b6e13bd.mp3*~data=user_id=0,application_id=42~hmac=f052d66c6ef93433a5c99dc0f4077d00d59a9de3df2089d3dc1599bd0d382d3e","","169","","","Balearic Trance","Three Drives foi curado para ampliar a profundidade de Balearic Trance no catálogo.","underrepresented_subgenre_expansion_v18_20260820","https://www.deezer.com/track/2892986411","https://www.deezer.com/track/2892986411","2892986411","https://www.deezer.com/track/2892986411","https://cdn-images.dzcdn.net/images/cover/787164304751e805a94ee9cdf52aa045/500x500-000000-80-0-0.jpg","","verified_underrepresented_subgenre_depth","balearic_trance;Balearic Trance;curated_artist;playable_depth;underrepresented_subgenre_expansion_v18_20260820","catalog_depth","underrepresented_style_depth","published","high","Artista curado para Balearic Trance; artista exato, gravação e prévia verificados no Deezer."
"balearic_trance","York","On The Beach","On The Beach (Kryder Remix)","","https://cdnt-preview.dzcdn.net/api/1/1/0/4/7/0/0475c11f8101909af43ef940d9d800c6.mp3?hdnea=exp=1787242667~acl=/api/1/1/0/4/7/0/0475c11f8101909af43ef940d9d800c6.mp3*~data=user_id=0,application_id=42~hmac=545b35be9918b7aa863fe78c68c9eaadb4758576c1bcf092966b5c97b8410917","","173","","","Balearic Trance","York foi curado para ampliar a profundidade de Balearic Trance no catálogo.","underrepresented_subgenre_expansion_v18_20260820","https://www.deezer.com/track/1157163722","https://www.deezer.com/track/1157163722","1157163742","https://www.deezer.com/track/1157163742","https://cdn-images.dzcdn.net/images/cover/545342298fb5bc2a3b913eceac2adf45/500x500-000000-80-0-0.jpg","","verified_underrepresented_subgenre_depth","balearic_trance;Balearic Trance;curated_artist;playable_depth;underrepresented_subgenre_expansion_v18_20260820;deezer_verified","catalog_depth","underrepresented_style_depth","published","high","Artista curado para Balearic Trance; artista exato, gravação e prévia verificados em Deezer."
"balearic_trance","York","Reach Out For Me","Reach Out For Me","","https://cdnt-preview.dzcdn.net/api/1/1/4/1/9/0/4197e50106b46e6561c33fb768c4f4b2.mp3?hdnea=exp=1787242667~acl=/api/1/1/4/1/9/0/4197e50106b46e6561c33fb768c4f4b2.mp3*~data=user_id=0,application_id=42~hmac=f5488f342e5b0972df67823a4a27f3ca81af56f5b11cbf1428f0efc368e3c669","","257","","","Balearic Trance","York foi curado para ampliar a profundidade de Balearic Trance no catálogo.","underrepresented_subgenre_expansion_v18_20260820","https://www.deezer.com/track/2505867731","https://www.deezer.com/track/2505867731","2505867731","https://www.deezer.com/track/2505867731","https://cdn-images.dzcdn.net/images/cover/e89c817aebed7a2375a2387f6704755d/500x500-000000-80-0-0.jpg","","verified_underrepresented_subgenre_depth","balearic_trance;Balearic Trance;curated_artist;playable_depth;underrepresented_subgenre_expansion_v18_20260820","catalog_depth","underrepresented_style_depth","published","high","Artista curado para Balearic Trance; artista exato, gravação e prévia verificados no Deezer."
"balearic_trance","York","The Awakening (feat. Scot & Millfield) [2020 Edit]","The Awakening (feat. Scot & Millfield) [2020 Edit] - Single","","https://audio-ssl.itunes.apple.com/itunes-assets/AudioPreview116/v4/e8/cf/a8/e8cfa81d-3d4b-5b0f-1ba0-efe7214b36a4/mzaf_2770040245083501002.plus.aac.p.m4a","2018-03-21","212","","","Balearic Trance","York foi curado para ampliar a profundidade de Balearic Trance no catálogo.","underrepresented_subgenre_expansion_v18_20260820","https://music.apple.com/us/album/the-awakening-feat-scot-millfield-2020-edit/1506059782?i=1506059783&uo=4","https://music.apple.com/us/album/the-awakening-feat-scot-millfield-2020-edit/1506059782?i=1506059783&uo=4","2149350147","https://www.deezer.com/track/2149350147","https://is1-ssl.mzstatic.com/image/thumb/Music126/v4/8b/82/14/8b82148a-a0f6-aed7-8241-71b931a58411/8718522296031.png/600x600bb.jpg","","verified_underrepresented_subgenre_depth","balearic_trance;Balearic Trance;curated_artist;playable_depth;underrepresented_subgenre_expansion_v18_20260820;itunes_verified;deezer_verified","catalog_depth","underrepresented_style_depth","published","high","Artista curado para Balearic Trance; artista exato, gravação e prévia verificados em Apple Music e Deezer."
"balearic_trance","York","When Love Takes Over","Vintage Café: Lounge and Jazz Blends (Special Selection), Pt. 4","","https://cdnt-preview.dzcdn.net/api/1/1/1/f/e/0/1feb7daacc188bc96537ced0fd0eead6.mp3?hdnea=exp=1787242667~acl=/api/1/1/1/f/e/0/1feb7daacc188bc96537ced0fd0eead6.mp3*~data=user_id=0,application_id=42~hmac=81b770d17469b54ffa584e73ddced461ccc759bdfd75d7f0b901ad264788d17f","","232","","","Balearic Trance","York foi curado para ampliar a profundidade de Balearic Trance no catálogo.","underrepresented_subgenre_expansion_v18_20260820","https://www.deezer.com/track/65423512","https://www.deezer.com/track/65423512","65423512","https://www.deezer.com/track/65423512","https://cdn-images.dzcdn.net/images/cover/d23a82adf212980c058e206bb851fc6e/500x500-000000-80-0-0.jpg","","verified_underrepresented_subgenre_depth","balearic_trance;Balearic Trance;curated_artist;playable_depth;underrepresented_subgenre_expansion_v18_20260820","catalog_depth","underrepresented_style_depth","published","high","Artista curado para Balearic Trance; artista exato, gravação e prévia verificados no Deezer."
"baltimore_club","Blaqstarr","Get Yo Hands Up 2","Blaq To the Basics","","https://audio-ssl.itunes.apple.com/itunes-assets/AudioPreview112/v4/35/c5/29/35c52931-f063-e6aa-cbde-44a5186b8262/mzaf_14162737261670051514.plus.aac.p.m4a","2022-06-21","153","","","Baltimore Club","Blaqstarr foi curado para ampliar a profundidade de Baltimore Club no catálogo.","underrepresented_subgenre_expansion_v18_20260820","https://music.apple.com/us/album/get-yo-hands-up-2/1631277427?i=1631277434&uo=4","https://music.apple.com/us/album/get-yo-hands-up-2/1631277427?i=1631277434&uo=4","","","https://is1-ssl.mzstatic.com/image/thumb/Music112/v4/48/60/ee/4860ee83-a47f-2205-beac-517d5f62cb83/artwork.jpg/600x600bb.jpg","https://music.apple.com/us/playlist/best-of-baltimore-club/pl.945236b5d6854ea6bd4dd4b8f39a4f9a","verified_underrepresented_subgenre_depth","baltimore_club;Baltimore Club;curated_artist;playable_depth;underrepresented_subgenre_expansion_v18_20260820","catalog_depth","underrepresented_style_depth","published","high","Artista curado para Baltimore Club; artista exato, gravação e prévia verificados no Apple Music."
"baltimore_club","Blaqstarr","Lemme Hump U","The Blaq-Files - EP","","https://audio-ssl.itunes.apple.com/itunes-assets/AudioPreview221/v4/44/b8/9e/44b89ede-0fee-1d9c-f524-abbce8627da6/mzaf_776964257733302508.plus.aac.p.m4a","2014-02-04","179","","","Baltimore Club","Blaqstarr foi curado para ampliar a profundidade de Baltimore Club no catálogo.","underrepresented_subgenre_expansion_v18_20260820","https://music.apple.com/us/album/lemme-hump-u/799854364?i=799854472&uo=4","https://music.apple.com/us/album/lemme-hump-u/799854364?i=799854472&uo=4","","","https://is1-ssl.mzstatic.com/image/thumb/Music211/v4/cd/4a/0a/cd4a0a90-c4ee-38bf-39ab-3b687d699380/411.jpg/600x600bb.jpg","https://music.apple.com/us/playlist/best-of-baltimore-club/pl.945236b5d6854ea6bd4dd4b8f39a4f9a","verified_underrepresented_subgenre_depth","baltimore_club;Baltimore Club;curated_artist;playable_depth;underrepresented_subgenre_expansion_v18_20260820","catalog_depth","underrepresented_style_depth","published","high","Artista curado para Baltimore Club; artista exato, gravação e prévia verificados no Apple Music."
"baltimore_club","Blaqstarr","Tote It","Blaq To the Basics","","https://audio-ssl.itunes.apple.com/itunes-assets/AudioPreview122/v4/83/89/3e/83893e13-58ce-db2c-74e1-a21d057987c3/mzaf_13132143666965538752.plus.aac.p.m4a","2022-06-21","112","","","Baltimore Club","Blaqstarr foi curado para ampliar a profundidade de Baltimore Club no catálogo.","underrepresented_subgenre_expansion_v18_20260820","https://music.apple.com/us/album/tote-it/1631277427?i=1631277429&uo=4","https://music.apple.com/us/album/tote-it/1631277427?i=1631277429&uo=4","","","https://is1-ssl.mzstatic.com/image/thumb/Music112/v4/48/60/ee/4860ee83-a47f-2205-beac-517d5f62cb83/artwork.jpg/600x600bb.jpg","https://music.apple.com/us/playlist/best-of-baltimore-club/pl.945236b5d6854ea6bd4dd4b8f39a4f9a","verified_underrepresented_subgenre_depth","baltimore_club;Baltimore Club;curated_artist;playable_depth;underrepresented_subgenre_expansion_v18_20260820","catalog_depth","underrepresented_style_depth","published","high","Artista curado para Baltimore Club; artista exato, gravação e prévia verificados no Apple Music."
"baltimore_club","Blaqstarr","Tote It 2 (Radio Edit)","Blaq To the Basics","","https://audio-ssl.itunes.apple.com/itunes-assets/AudioPreview122/v4/8e/e2/2c/8ee22cbc-b446-7a24-e931-13bab75c7b48/mzaf_8975905184597163660.plus.aac.p.m4a","2022-06-21","151","","","Baltimore Club","Blaqstarr foi curado para ampliar a profundidade de Baltimore Club no catálogo.","underrepresented_subgenre_expansion_v18_20260820","https://music.apple.com/us/album/tote-it-2-radio-edit/1631277427?i=1631277431&uo=4","https://music.apple.com/us/album/tote-it-2-radio-edit/1631277427?i=1631277431&uo=4","","","https://is1-ssl.mzstatic.com/image/thumb/Music112/v4/48/60/ee/4860ee83-a47f-2205-beac-517d5f62cb83/artwork.jpg/600x600bb.jpg","https://music.apple.com/us/playlist/best-of-baltimore-club/pl.945236b5d6854ea6bd4dd4b8f39a4f9a","verified_underrepresented_subgenre_depth","baltimore_club;Baltimore Club;curated_artist;playable_depth;underrepresented_subgenre_expansion_v18_20260820","catalog_depth","underrepresented_style_depth","published","high","Artista curado para Baltimore Club; artista exato, gravação e prévia verificados no Apple Music."
"baltimore_club","DJ Class","Dance Like a Freak (Radio Mix)","Dance Like a Freak (Radio Mix) - Single","","https://audio-ssl.itunes.apple.com/itunes-assets/AudioPreview115/v4/65/64/81/65648175-a930-9ad2-fbbe-d12da37c9a6d/mzaf_2815321724703185174.plus.aac.p.m4a","2009-08-25","213","","","Baltimore Club","DJ Class foi curado para ampliar a profundidade de Baltimore Club no catálogo.","underrepresented_subgenre_expansion_v18_20260820","https://music.apple.com/us/album/dance-like-a-freak-radio-mix/327141446?i=327141625&uo=4","https://music.apple.com/us/album/dance-like-a-freak-radio-mix/327141446?i=327141625&uo=4","","","https://is1-ssl.mzstatic.com/image/thumb/Music/59/46/ac/mzi.hphladwy.jpg/600x600bb.jpg","https://music.apple.com/us/playlist/best-of-baltimore-club/pl.945236b5d6854ea6bd4dd4b8f39a4f9a","verified_underrepresented_subgenre_depth","baltimore_club;Baltimore Club;curated_artist;playable_depth;underrepresented_subgenre_expansion_v18_20260820","catalog_depth","underrepresented_style_depth","published","high","Artista curado para Baltimore Club; artista exato, gravação e prévia verificados no Apple Music."
"baltimore_club","DJ Class","Hands Up","Classics","","https://audio-ssl.itunes.apple.com/itunes-assets/AudioPreview114/v4/15/2d/8e/152d8e3f-017e-2884-e572-603c5040f3d1/mzaf_16602100792108809213.plus.aac.p.m4a","2020-07-01","223","","","Baltimore Club","DJ Class foi curado para ampliar a profundidade de Baltimore Club no catálogo.","underrepresented_subgenre_expansion_v18_20260820","https://music.apple.com/us/album/hands-up/1525645906?i=1525645924&uo=4","https://music.apple.com/us/album/hands-up/1525645906?i=1525645924&uo=4","","","https://is1-ssl.mzstatic.com/image/thumb/Music114/v4/cd/54/8a/cd548a47-0c62-4c01-c1cf-7881e54b00e7/195448057683.jpg/600x600bb.jpg","https://music.apple.com/us/playlist/best-of-baltimore-club/pl.945236b5d6854ea6bd4dd4b8f39a4f9a","verified_underrepresented_subgenre_depth","baltimore_club;Baltimore Club;curated_artist;playable_depth;underrepresented_subgenre_expansion_v18_20260820","catalog_depth","underrepresented_style_depth","published","high","Artista curado para Baltimore Club; artista exato, gravação e prévia verificados no Apple Music."
"baltimore_club","DJ Class","I'm the Ish (Mixed)","Pure Throwback Radio: Party Pulse (DJ Mix)","","https://audio-ssl.itunes.apple.com/itunes-assets/AudioPreview112/v4/1d/49/cc/1d49ccc0-b563-f452-1e3b-27714e9c8df1/mzaf_7101888801586621220.plus.aac.p.m4a","2024-03-22","92","","","Baltimore Club","DJ Class foi curado para ampliar a profundidade de Baltimore Club no catálogo.","underrepresented_subgenre_expansion_v18_20260820","https://music.apple.com/us/album/im-the-ish-mixed/1736593745?i=1736594095&uo=4","https://music.apple.com/us/album/im-the-ish-mixed/1736593745?i=1736594095&uo=4","","","https://is1-ssl.mzstatic.com/image/thumb/Music221/v4/67/2b/cb/672bcbde-5e57-e1e3-5afa-03f2c4dfae55/57d652f6-9441-4be4-90bb-f5518824c4a0.jpg/600x600bb.jpg","https://music.apple.com/us/playlist/best-of-baltimore-club/pl.945236b5d6854ea6bd4dd4b8f39a4f9a","verified_underrepresented_subgenre_depth","baltimore_club;Baltimore Club;curated_artist;playable_depth;underrepresented_subgenre_expansion_v18_20260820;itunes_verified","catalog_depth","underrepresented_style_depth","published","high","Artista curado para Baltimore Club; artista exato, gravação e prévia verificados em Apple Music."
"baltimore_club","DJ Class","Rock da Bellz","Classics","","https://audio-ssl.itunes.apple.com/itunes-assets/AudioPreview124/v4/62/a3/15/62a31524-4cb6-b576-5ef5-bf57c0436ae1/mzaf_1336168728334348659.plus.aac.p.m4a","2020-07-01","193","","","Baltimore Club","DJ Class foi curado para ampliar a profundidade de Baltimore Club no catálogo.","underrepresented_subgenre_expansion_v18_20260820","https://music.apple.com/us/album/rock-da-bellz/1525645906?i=1525645914&uo=4","https://music.apple.com/us/album/rock-da-bellz/1525645906?i=1525645914&uo=4","","","https://is1-ssl.mzstatic.com/image/thumb/Music114/v4/cd/54/8a/cd548a47-0c62-4c01-c1cf-7881e54b00e7/195448057683.jpg/600x600bb.jpg","https://music.apple.com/us/playlist/best-of-baltimore-club/pl.945236b5d6854ea6bd4dd4b8f39a4f9a","verified_underrepresented_subgenre_depth","baltimore_club;Baltimore Club;curated_artist;playable_depth;underrepresented_subgenre_expansion_v18_20260820","catalog_depth","underrepresented_style_depth","published","high","Artista curado para Baltimore Club; artista exato, gravação e prévia verificados no Apple Music."
"baltimore_club","DJ Technics","My Life Extra (Mixed)","Mix Piknic: Santinista in Montréal, Oct 12, 2025 (DJ Mix)","","https://audio-ssl.itunes.apple.com/itunes-assets/AudioPreview211/v4/c5/cd/73/c5cd7386-4893-4801-c58b-5c764750a3a2/mzaf_2887701810047561033.plus.aac.p.m4a","2025-10-12","72","","","Baltimore Club","DJ Technics foi curado para ampliar a profundidade de Baltimore Club no catálogo.","underrepresented_subgenre_expansion_v18_20260820","https://music.apple.com/us/album/my-life-extra-mixed/1869786142?i=1869786272&uo=4","https://music.apple.com/us/album/my-life-extra-mixed/1869786142?i=1869786272&uo=4","","","https://is1-ssl.mzstatic.com/image/thumb/Music221/v4/38/3e/d8/383ed871-3fca-15b1-988e-835bb9673d38/3b23fd62-c608-458c-b741-4ce1ca496c55.jpg/600x600bb.jpg","https://music.apple.com/us/playlist/best-of-baltimore-club/pl.945236b5d6854ea6bd4dd4b8f39a4f9a","verified_underrepresented_subgenre_depth","baltimore_club;Baltimore Club;curated_artist;playable_depth;underrepresented_subgenre_expansion_v18_20260820;itunes_verified","catalog_depth","underrepresented_style_depth","published","high","Artista curado para Baltimore Club; artista exato, gravação e prévia verificados em Apple Music."
"baltimore_club","Say Wut","Go Time Anthem","It's Go Time","","https://audio-ssl.itunes.apple.com/itunes-assets/AudioPreview221/v4/1c/3f/67/1c3f6770-0e82-8f3a-8cf1-9871f4df15a6/mzaf_11042314657410794617.plus.aac.p.m4a","2008-07-15","210","","","Baltimore Club","Say Wut foi curado para ampliar a profundidade de Baltimore Club no catálogo.","underrepresented_subgenre_expansion_v18_20260820","https://music.apple.com/us/album/go-time-anthem/1886429738?i=1886429739&uo=4","https://music.apple.com/us/album/go-time-anthem/1886429738?i=1886429739&uo=4","","","https://is1-ssl.mzstatic.com/image/thumb/Music221/v4/b9/25/7f/b9257fea-0bee-3e00-592e-6c614c75d9fe/artwork.jpg/600x600bb.jpg","https://music.apple.com/us/playlist/best-of-baltimore-club/pl.945236b5d6854ea6bd4dd4b8f39a4f9a","verified_underrepresented_subgenre_depth","baltimore_club;Baltimore Club;curated_artist;playable_depth;underrepresented_subgenre_expansion_v18_20260820","catalog_depth","underrepresented_style_depth","published","high","Artista curado para Baltimore Club; artista exato, gravação e prévia verificados no Apple Music."
"baltimore_club","Say Wut","Go!","It's Go Time","","https://audio-ssl.itunes.apple.com/itunes-assets/AudioPreview211/v4/08/3c/5a/083c5afc-268e-74b8-9a7f-07f6fb1b835e/mzaf_2385082376863005688.plus.aac.p.m4a","2008-06-10","182","","","Baltimore Club","Say Wut foi curado para ampliar a profundidade de Baltimore Club no catálogo.","underrepresented_subgenre_expansion_v18_20260820","https://music.apple.com/us/album/go/1886429738?i=1886429775&uo=4","https://music.apple.com/us/album/go/1886429738?i=1886429775&uo=4","","","https://is1-ssl.mzstatic.com/image/thumb/Music221/v4/b9/25/7f/b9257fea-0bee-3e00-592e-6c614c75d9fe/artwork.jpg/600x600bb.jpg","https://music.apple.com/us/playlist/best-of-baltimore-club/pl.945236b5d6854ea6bd4dd4b8f39a4f9a","verified_underrepresented_subgenre_depth","baltimore_club;Baltimore Club;curated_artist;playable_depth;underrepresented_subgenre_expansion_v18_20260820","catalog_depth","underrepresented_style_depth","published","high","Artista curado para Baltimore Club; artista exato, gravação e prévia verificados no Apple Music."
"baltimore_club","Say Wut","R U Ready","Clarion Bang EP","","https://audio-ssl.itunes.apple.com/itunes-assets/AudioPreview115/v4/e1/28/c1/e128c1a0-a447-ba18-57dc-8ca71f442601/mzaf_4332824740834053343.plus.aac.p.m4a","2014-03-26","230","","","Baltimore Club","Say Wut foi curado para ampliar a profundidade de Baltimore Club no catálogo.","underrepresented_subgenre_expansion_v18_20260820","https://music.apple.com/us/album/r-u-ready/909976206?i=909976209&uo=4","https://music.apple.com/us/album/r-u-ready/909976206?i=909976209&uo=4","","","https://is1-ssl.mzstatic.com/image/thumb/Music5/v4/b0/81/ea/b081eaff-1409-8e08-6cfb-58a7b693484e/TBMP3132.jpg/600x600bb.jpg","https://music.apple.com/us/playlist/best-of-baltimore-club/pl.945236b5d6854ea6bd4dd4b8f39a4f9a","verified_underrepresented_subgenre_depth","baltimore_club;Baltimore Club;curated_artist;playable_depth;underrepresented_subgenre_expansion_v18_20260820","catalog_depth","underrepresented_style_depth","published","high","Artista curado para Baltimore Club; artista exato, gravação e prévia verificados no Apple Music."
"baltimore_club","Say Wut","Rude Boy","It's Go Time","","https://audio-ssl.itunes.apple.com/itunes-assets/AudioPreview221/v4/7d/24/11/7d241165-004b-a11c-38fe-85374b7d366a/mzaf_2124663895473491109.plus.aac.p.m4a","2008-06-10","192","","","Baltimore Club","Say Wut foi curado para ampliar a profundidade de Baltimore Club no catálogo.","underrepresented_subgenre_expansion_v18_20260820","https://music.apple.com/us/album/rude-boy/1886429738?i=1886429744&uo=4","https://music.apple.com/us/album/rude-boy/1886429738?i=1886429744&uo=4","","","https://is1-ssl.mzstatic.com/image/thumb/Music221/v4/b9/25/7f/b9257fea-0bee-3e00-592e-6c614c75d9fe/artwork.jpg/600x600bb.jpg","https://music.apple.com/us/playlist/best-of-baltimore-club/pl.945236b5d6854ea6bd4dd4b8f39a4f9a","verified_underrepresented_subgenre_depth","baltimore_club;Baltimore Club;curated_artist;playable_depth;underrepresented_subgenre_expansion_v18_20260820","catalog_depth","underrepresented_style_depth","published","high","Artista curado para Baltimore Club; artista exato, gravação e prévia verificados no Apple Music."
"baltimore_club","Scottie B","BlankenDip","BlankenDip - Single","","https://audio-ssl.itunes.apple.com/itunes-assets/AudioPreview221/v4/0f/d9/62/0fd96256-5ca7-96a6-87bd-d16747560c8e/mzaf_6741202082406512450.plus.aac.p.m4a","2026-01-02","67","","","Baltimore Club","Scottie B foi curado para ampliar a profundidade de Baltimore Club no catálogo.","underrepresented_subgenre_expansion_v18_20260820","https://music.apple.com/us/album/blankendip/1865595809?i=1865595810&uo=4","https://music.apple.com/us/album/blankendip/1865595809?i=1865595810&uo=4","","","https://is1-ssl.mzstatic.com/image/thumb/Music221/v4/93/b3/bd/93b3bd30-6a52-9256-333d-6fd9f2a09c68/199976155903-copy-71d87141.png/600x600bb.jpg","https://music.apple.com/us/playlist/best-of-baltimore-club/pl.945236b5d6854ea6bd4dd4b8f39a4f9a","verified_underrepresented_subgenre_depth","baltimore_club;Baltimore Club;curated_artist;playable_depth;underrepresented_subgenre_expansion_v18_20260820","catalog_depth","underrepresented_style_depth","published","high","Artista curado para Baltimore Club; artista exato, gravação e prévia verificados no Apple Music."
"baltimore_club","Scottie B","Catch Phrase","Catch Phrase - Single","","https://audio-ssl.itunes.apple.com/itunes-assets/AudioPreview221/v4/5b/b3/7b/5bb37b80-eb24-0986-bab3-53acda662369/mzaf_2572364552119430839.plus.aac.p.m4a","2024-08-20","312","","","Baltimore Club","Scottie B foi curado para ampliar a profundidade de Baltimore Club no catálogo.","underrepresented_subgenre_expansion_v18_20260820","https://music.apple.com/us/album/catch-phrase/1764332424?i=1764332693&uo=4","https://music.apple.com/us/album/catch-phrase/1764332424?i=1764332693&uo=4","","","https://is1-ssl.mzstatic.com/image/thumb/Music221/v4/ea/a4/52/eaa45213-c783-da52-85e9-1ab6872816f4/859792991818_cover.jpg/600x600bb.jpg","https://music.apple.com/us/playlist/best-of-baltimore-club/pl.945236b5d6854ea6bd4dd4b8f39a4f9a","verified_underrepresented_subgenre_depth","baltimore_club;Baltimore Club;curated_artist;playable_depth;underrepresented_subgenre_expansion_v18_20260820","catalog_depth","underrepresented_style_depth","published","high","Artista curado para Baltimore Club; artista exato, gravação e prévia verificados no Apple Music."
"baltimore_club","Scottie B","Head Nod","Head Nod - Single","","https://audio-ssl.itunes.apple.com/itunes-assets/AudioPreview211/v4/fb/f2/a9/fbf2a901-ff3d-94ba-a08f-f5f49a748146/mzaf_4554130502754534442.plus.aac.p.m4a","2025-12-03","211","","","Baltimore Club","Scottie B foi curado para ampliar a profundidade de Baltimore Club no catálogo.","underrepresented_subgenre_expansion_v18_20260820","https://music.apple.com/us/album/head-nod/1857704596?i=1857704601&uo=4","https://music.apple.com/us/album/head-nod/1857704596?i=1857704601&uo=4","","","https://is1-ssl.mzstatic.com/image/thumb/Music221/v4/ec/b1/38/ecb138a0-434e-cca5-6e66-d0ff0b3a6b63/199826652019-copy-8f791545.png/600x600bb.jpg","https://music.apple.com/us/playlist/best-of-baltimore-club/pl.945236b5d6854ea6bd4dd4b8f39a4f9a","verified_underrepresented_subgenre_depth","baltimore_club;Baltimore Club;curated_artist;playable_depth;underrepresented_subgenre_expansion_v18_20260820","catalog_depth","underrepresented_style_depth","published","high","Artista curado para Baltimore Club; artista exato, gravação e prévia verificados no Apple Music."
"baltimore_club","Scottie B","I'm Ill Remix","Mr. International","","https://cdnt-preview.dzcdn.net/api/1/1/d/9/5/0/d9524fd9e988bb9a0ede0c511706fc6d.mp3?hdnea=exp=1787242651~acl=/api/1/1/d/9/5/0/d9524fd9e988bb9a0ede0c511706fc6d.mp3*~data=user_id=0,application_id=42~hmac=39104a7d3be041be363e882e30d5eb9777dfd683c3f32e39c9c98e89cb1bec33","","256","","","Baltimore Club","Scottie B foi curado para ampliar a profundidade de Baltimore Club no catálogo.","underrepresented_subgenre_expansion_v18_20260820","https://www.deezer.com/track/930150322","https://www.deezer.com/track/930150322","930150322","https://www.deezer.com/track/930150322","https://cdn-images.dzcdn.net/images/cover/84ea7973f9d9fdd9610eef058e49f436/500x500-000000-80-0-0.jpg","https://music.apple.com/us/playlist/best-of-baltimore-club/pl.945236b5d6854ea6bd4dd4b8f39a4f9a","verified_underrepresented_subgenre_depth","baltimore_club;Baltimore Club;curated_artist;playable_depth;underrepresented_subgenre_expansion_v18_20260820","catalog_depth","underrepresented_style_depth","published","high","Artista curado para Baltimore Club; artista exato, gravação e prévia verificados no Deezer."
"batida","DJ Firmeza","Alma do Meu Pai","Alma do Meu Pai - EP","","https://audio-ssl.itunes.apple.com/itunes-assets/AudioPreview221/v4/35/6a/93/356a93a8-758f-4ca9-c240-eff62d87773e/mzaf_15861656960754078877.plus.aac.p.m4a","2015-09-04","390","","","Batida","DJ Firmeza foi curado para ampliar a profundidade de Batida no catálogo.","underrepresented_subgenre_expansion_v18_20260820","https://music.apple.com/us/album/alma-do-meu-pai/1596163261?i=1596163657&uo=4","https://music.apple.com/us/album/alma-do-meu-pai/1596163261?i=1596163657&uo=4","","","https://is1-ssl.mzstatic.com/image/thumb/Music126/v4/87/26/80/872680b7-ee38-8068-d022-2fcb76b74213/8445162409483.jpg/600x600bb.jpg","https://principediscos.bandcamp.com/album/dj-nervoso","verified_underrepresented_subgenre_depth","batida;Batida;curated_artist;playable_depth;underrepresented_subgenre_expansion_v18_20260820;itunes_verified","catalog_depth","underrepresented_style_depth","published","high","Artista curado para Batida; artista exato, gravação e prévia verificados em Apple Music."
"batida","DJ Firmeza","Os Pddg (feat. Dj Liofox)","Alma do Meu Pai - EP","","https://audio-ssl.itunes.apple.com/itunes-assets/AudioPreview211/v4/47/f3/1f/47f31f1c-9bc6-5029-2a84-488c6777f1c4/mzaf_14020785462464280281.plus.aac.p.m4a","2015-09-04","185","","","Batida","DJ Firmeza foi curado para ampliar a profundidade de Batida no catálogo.","underrepresented_subgenre_expansion_v18_20260820","https://music.apple.com/us/album/os-pddg-feat-dj-liofox/1596163261?i=1596163663&uo=4","https://music.apple.com/us/album/os-pddg-feat-dj-liofox/1596163261?i=1596163663&uo=4","","","https://is1-ssl.mzstatic.com/image/thumb/Music126/v4/87/26/80/872680b7-ee38-8068-d022-2fcb76b74213/8445162409483.jpg/600x600bb.jpg","https://principediscos.bandcamp.com/album/dj-nervoso","verified_underrepresented_subgenre_depth","batida;Batida;curated_artist;playable_depth;underrepresented_subgenre_expansion_v18_20260820;itunes_verified","catalog_depth","underrepresented_style_depth","published","high","Artista curado para Batida; artista exato, gravação e prévia verificados em Apple Music."
"batida","DJ Firmeza","Pula","Pula - Single","","https://audio-ssl.itunes.apple.com/itunes-assets/AudioPreview211/v4/15/c9/c4/15c9c483-42ea-143d-05f8-efbae8b077f3/mzaf_14830686687467340580.plus.aac.p.m4a","2024-06-28","169","","","Batida","DJ Firmeza foi curado para ampliar a profundidade de Batida no catálogo.","underrepresented_subgenre_expansion_v18_20260820","https://music.apple.com/us/album/pula/1752917050?i=1752917053&uo=4","https://music.apple.com/us/album/pula/1752917050?i=1752917053&uo=4","","","https://is1-ssl.mzstatic.com/image/thumb/Music221/v4/8a/76/7a/8a767a41-fb35-1f0c-d832-67ffaa04699e/8447053159354.jpg/600x600bb.jpg","https://principediscos.bandcamp.com/album/dj-nervoso","verified_underrepresented_subgenre_depth","batida;Batida;curated_artist;playable_depth;underrepresented_subgenre_expansion_v18_20260820","catalog_depth","underrepresented_style_depth","published","high","Artista curado para Batida; artista exato, gravação e prévia verificados no Apple Music."
"batida","DJ Firmeza","Somos Todos Malucos (Mixed)","trip: shadowax (DJ Mix)","","https://audio-ssl.itunes.apple.com/itunes-assets/AudioPreview126/v4/39/c4/28/39c428a0-9c4d-bf0b-8146-742d254cb788/mzaf_11701790311014330543.plus.aac.p.m4a","2021-12-17","127","","","Batida","DJ Firmeza foi curado para ampliar a profundidade de Batida no catálogo.","underrepresented_subgenre_expansion_v18_20260820","https://music.apple.com/us/album/somos-todos-malucos-mixed/1599606750?i=1599606760&uo=4","https://music.apple.com/us/album/somos-todos-malucos-mixed/1599606750?i=1599606760&uo=4","","","https://is1-ssl.mzstatic.com/image/thumb/Music126/v4/de/00/27/de002739-cc58-378d-5b36-696c18fbbde6/aqua.png/600x600bb.jpg","https://principediscos.bandcamp.com/album/dj-nervoso","verified_underrepresented_subgenre_depth","batida;Batida;curated_artist;playable_depth;underrepresented_subgenre_expansion_v18_20260820;itunes_verified","catalog_depth","underrepresented_style_depth","published","high","Artista curado para Batida; artista exato, gravação e prévia verificados em Apple Music."
"batida","DJ Lycox","Barbie Girl Remix (feat. DJ Estraga)","Barbie Girl Remix (feat. DJ Estraga)","","https://cdnt-preview.dzcdn.net/api/1/1/c/e/f/0/cef856abfbe83e942fcd8fff153acc17.mp3?hdnea=exp=1787242669~acl=/api/1/1/c/e/f/0/cef856abfbe83e942fcd8fff153acc17.mp3*~data=user_id=0,application_id=42~hmac=717e600d1d18e9ab92409a3f3f2c040b6ead7e5be1599368679bf13e176c7466","","150","","","Batida","DJ Lycox foi curado para ampliar a profundidade de Batida no catálogo.","underrepresented_subgenre_expansion_v18_20260820","https://www.deezer.com/track/3972827451","https://www.deezer.com/track/3972827451","3972827451","https://www.deezer.com/track/3972827451","https://cdn-images.dzcdn.net/images/cover/f9cad713dd318c7d9493ce7ae721a3cc/500x500-000000-80-0-0.jpg","https://principediscos.bandcamp.com/album/dj-nervoso","verified_underrepresented_subgenre_depth","batida;Batida;curated_artist;playable_depth;underrepresented_subgenre_expansion_v18_20260820","catalog_depth","underrepresented_style_depth","published","high","Artista curado para Batida; artista exato, gravação e prévia verificados no Deezer."
"batida","DJ Lycox","DOJILSON CAT","DOJILSON CAT","","https://cdnt-preview.dzcdn.net/api/1/1/6/2/c/0/62ca086c5f789f0a741f93510471cd9e.mp3?hdnea=exp=1787242669~acl=/api/1/1/6/2/c/0/62ca086c5f789f0a741f93510471cd9e.mp3*~data=user_id=0,application_id=42~hmac=a50ce189378043af6cd81ae88db0c040430730e34c8919594556899a31dfacea","","125","","","Batida","DJ Lycox foi curado para ampliar a profundidade de Batida no catálogo.","underrepresented_subgenre_expansion_v18_20260820","https://www.deezer.com/track/1961399687","https://www.deezer.com/track/1961399687","1961399687","https://www.deezer.com/track/1961399687","https://cdn-images.dzcdn.net/images/cover/f01862d7b579a53b426ece3a5a305d19/500x500-000000-80-0-0.jpg","https://principediscos.bandcamp.com/album/dj-nervoso","verified_underrepresented_subgenre_depth","batida;Batida;curated_artist;playable_depth;underrepresented_subgenre_expansion_v18_20260820","catalog_depth","underrepresented_style_depth","published","high","Artista curado para Batida; artista exato, gravação e prévia verificados no Deezer."
"batida","DJ Lycox","Na Conta Dos Bests","Na Conta Dos Bests","","https://cdnt-preview.dzcdn.net/api/1/1/5/e/3/0/5e395618e8911add0ea6024d84e8115f.mp3?hdnea=exp=1787242669~acl=/api/1/1/5/e/3/0/5e395618e8911add0ea6024d84e8115f.mp3*~data=user_id=0,application_id=42~hmac=0a57f883e0b7d909059fcd4e256e5514b3a19c6d32984e8b6cbe7286ce0886de","","160","","","Batida","DJ Lycox foi curado para ampliar a profundidade de Batida no catálogo.","underrepresented_subgenre_expansion_v18_20260820","https://www.deezer.com/track/4039788181","https://www.deezer.com/track/4039788181","4039788181","https://www.deezer.com/track/4039788181","https://cdn-images.dzcdn.net/images/cover/ed608b055196f60c31b016c95c19cb2d/500x500-000000-80-0-0.jpg","https://principediscos.bandcamp.com/album/dj-nervoso","verified_underrepresented_subgenre_depth","batida;Batida;curated_artist;playable_depth;underrepresented_subgenre_expansion_v18_20260820","catalog_depth","underrepresented_style_depth","published","high","Artista curado para Batida; artista exato, gravação e prévia verificados no Deezer."
"batida","DJ Lycox","Yugiro Hanma","Yugiro Hanma - Single","","https://audio-ssl.itunes.apple.com/itunes-assets/AudioPreview124/v4/bf/61/c7/bf61c735-0aa9-99dd-97c3-c62563445e7d/mzaf_11769392404916845130.plus.aac.p.m4a","2021-03-06","126","","","Batida","DJ Lycox foi curado para ampliar a profundidade de Batida no catálogo.","underrepresented_subgenre_expansion_v18_20260820","https://music.apple.com/us/album/yugiro-hanma/1559910848?i=1559910849&uo=4","https://music.apple.com/us/album/yugiro-hanma/1559910848?i=1559910849&uo=4","1284758442","https://www.deezer.com/track/1284758442","https://is1-ssl.mzstatic.com/image/thumb/Music124/v4/cb/c4/4a/cbc44af8-bee0-471e-f098-8efc7ce00ddc/artwork.jpg/600x600bb.jpg","https://principediscos.bandcamp.com/album/dj-nervoso","verified_underrepresented_subgenre_depth","batida;Batida;curated_artist;playable_depth;underrepresented_subgenre_expansion_v18_20260820;itunes_verified;deezer_verified","catalog_depth","underrepresented_style_depth","published","high","Artista curado para Batida; artista exato, gravação e prévia verificados em Apple Music e Deezer."
"batida","DJ Nervoso","27aca","DJ Nervoso - EP","","https://audio-ssl.itunes.apple.com/itunes-assets/AudioPreview211/v4/8f/be/f6/8fbef601-8c67-56c1-b367-62a48bc338ac/mzaf_9779244919282831929.plus.aac.p.m4a","2016-10-28","249","","","Batida","DJ Nervoso foi curado para ampliar a profundidade de Batida no catálogo.","underrepresented_subgenre_expansion_v18_20260820","https://music.apple.com/us/album/27aca/1596155510?i=1596155766&uo=4","https://music.apple.com/us/album/27aca/1596155510?i=1596155766&uo=4","","","https://is1-ssl.mzstatic.com/image/thumb/Music126/v4/0e/f1/6e/0ef16e91-df98-8397-6178-ed2051f2393a/8445162409544.jpg/600x600bb.jpg","https://principediscos.bandcamp.com/album/dj-nervoso","verified_underrepresented_subgenre_depth","batida;Batida;curated_artist;playable_depth;underrepresented_subgenre_expansion_v18_20260820;itunes_verified","catalog_depth","underrepresented_style_depth","published","high","Artista curado para Batida; artista exato, gravação e prévia verificados em Apple Music."
"batida","DJ Nervoso","Ah Ah","DJ Nervoso - EP","","https://audio-ssl.itunes.apple.com/itunes-assets/AudioPreview221/v4/b2/a1/08/b2a108bc-99f6-fada-af40-59d1827a65fb/mzaf_6031770285600356110.plus.aac.p.m4a","2016-10-28","183","","","Batida","DJ Nervoso foi curado para ampliar a profundidade de Batida no catálogo.","underrepresented_subgenre_expansion_v18_20260820","https://music.apple.com/us/album/ah-ah/1596155510?i=1596155518&uo=4","https://music.apple.com/us/album/ah-ah/1596155510?i=1596155518&uo=4","","","https://is1-ssl.mzstatic.com/image/thumb/Music126/v4/0e/f1/6e/0ef16e91-df98-8397-6178-ed2051f2393a/8445162409544.jpg/600x600bb.jpg","https://principediscos.bandcamp.com/album/dj-nervoso","verified_underrepresented_subgenre_depth","batida;Batida;curated_artist;playable_depth;underrepresented_subgenre_expansion_v18_20260820;itunes_verified","catalog_depth","underrepresented_style_depth","published","high","Artista curado para Batida; artista exato, gravação e prévia verificados em Apple Music."
"batida","DJ Nervoso","Avacs","DJ Nervoso - EP","","https://audio-ssl.itunes.apple.com/itunes-assets/AudioPreview211/v4/1a/6f/3b/1a6f3b1a-af5c-717c-7440-8081e78a378f/mzaf_7554519566700100422.plus.aac.p.m4a","2016-10-28","123","","","Batida","DJ Nervoso foi curado para ampliar a profundidade de Batida no catálogo.","underrepresented_subgenre_expansion_v18_20260820","https://music.apple.com/us/album/avacs/1596155510?i=1596155523&uo=4","https://music.apple.com/us/album/avacs/1596155510?i=1596155523&uo=4","","","https://is1-ssl.mzstatic.com/image/thumb/Music126/v4/0e/f1/6e/0ef16e91-df98-8397-6178-ed2051f2393a/8445162409544.jpg/600x600bb.jpg","https://principediscos.bandcamp.com/album/dj-nervoso","verified_underrepresented_subgenre_depth","batida;Batida;curated_artist;playable_depth;underrepresented_subgenre_expansion_v18_20260820;itunes_verified","catalog_depth","underrepresented_style_depth","published","high","Artista curado para Batida; artista exato, gravação e prévia verificados em Apple Music."
"batida","DJ Nervoso","Vuto","DJ Nervoso - EP","","https://audio-ssl.itunes.apple.com/itunes-assets/AudioPreview221/v4/ea/23/31/ea2331f9-cffe-99be-f161-88a4e02346f2/mzaf_3200073887860926368.plus.aac.p.m4a","2016-10-28","200","","","Batida","DJ Nervoso foi curado para ampliar a profundidade de Batida no catálogo.","underrepresented_subgenre_expansion_v18_20260820","https://music.apple.com/us/album/vuto/1596155510?i=1596155513&uo=4","https://music.apple.com/us/album/vuto/1596155510?i=1596155513&uo=4","","","https://is1-ssl.mzstatic.com/image/thumb/Music126/v4/0e/f1/6e/0ef16e91-df98-8397-6178-ed2051f2393a/8445162409544.jpg/600x600bb.jpg","https://principediscos.bandcamp.com/album/dj-nervoso","verified_underrepresented_subgenre_depth","batida;Batida;curated_artist;playable_depth;underrepresented_subgenre_expansion_v18_20260820;itunes_verified","catalog_depth","underrepresented_style_depth","published","high","Artista curado para Batida; artista exato, gravação e prévia verificados em Apple Music."
"batida","Nidia","Biotheke","Nídia É Má, Nídia É Fudida","","https://audio-ssl.itunes.apple.com/itunes-assets/AudioPreview116/v4/6d/53/29/6d5329d1-6889-6c93-4370-8fb05352e446/mzaf_6134048693940994570.plus.aac.p.m4a","2017-06-30","154","","","Batida","Nidia foi curado para ampliar a profundidade de Batida no catálogo.","underrepresented_subgenre_expansion_v18_20260820","https://music.apple.com/us/album/biotheke/1348707280?i=1348707506&uo=4","https://music.apple.com/us/album/biotheke/1348707280?i=1348707506&uo=4","3257255181","https://www.deezer.com/track/3257255181","https://is1-ssl.mzstatic.com/image/thumb/Music126/v4/78/50/55/785055bf-314e-21ce-85dc-e98d300dbf55/634457478688.jpg/600x600bb.jpg","https://principediscos.bandcamp.com/album/dj-nervoso","verified_underrepresented_subgenre_depth","batida;Batida;curated_artist;playable_depth;underrepresented_subgenre_expansion_v18_20260820;itunes_verified;deezer_verified","catalog_depth","underrepresented_style_depth","published","high","Artista curado para Batida; artista exato, gravação e prévia verificados em Apple Music e Deezer."
"batida","Nidia","I Miss My Ghetto","Nídia É Má, Nídia É Fudida","","https://audio-ssl.itunes.apple.com/itunes-assets/AudioPreview126/v4/38/91/3a/38913a3c-84fd-0d06-d8d5-5cebc0e9c486/mzaf_3700114454217084062.plus.aac.p.m4a","2017-06-30","144","","","Batida","Nidia foi curado para ampliar a profundidade de Batida no catálogo.","underrepresented_subgenre_expansion_v18_20260820","https://music.apple.com/us/album/i-miss-my-ghetto/1348707280?i=1348707510&uo=4","https://music.apple.com/us/album/i-miss-my-ghetto/1348707280?i=1348707510&uo=4","3257255221","https://www.deezer.com/track/3257255221","https://is1-ssl.mzstatic.com/image/thumb/Music126/v4/78/50/55/785055bf-314e-21ce-85dc-e98d300dbf55/634457478688.jpg/600x600bb.jpg","https://principediscos.bandcamp.com/album/dj-nervoso","verified_underrepresented_subgenre_depth","batida;Batida;curated_artist;playable_depth;underrepresented_subgenre_expansion_v18_20260820;itunes_verified;deezer_verified","catalog_depth","underrepresented_style_depth","published","high","Artista curado para Batida; artista exato, gravação e prévia verificados em Apple Music e Deezer."
"batida","Nidia","Toma Bailarina","Não Estragou Nada","","https://cdnt-preview.dzcdn.net/api/1/1/a/d/b/0/adb8a21edff767cbe149ce8471434dd4.mp3?hdnea=exp=1787242668~acl=/api/1/1/a/d/b/0/adb8a21edff767cbe149ce8471434dd4.mp3*~data=user_id=0,application_id=42~hmac=d522ad7206c5f19cc4194910b6d5e76ce6675a0a2e585c700a08ec6ba884f50e","","295","","","Batida","Nidia foi curado para ampliar a profundidade de Batida no catálogo.","underrepresented_subgenre_expansion_v18_20260820","https://www.deezer.com/track/3369309301","https://www.deezer.com/track/3369309301","3369309301","https://www.deezer.com/track/3369309301","https://cdn-images.dzcdn.net/images/cover/9839432b20e4bfa51a8c74c8c30f7a83/500x500-000000-80-0-0.jpg","https://principediscos.bandcamp.com/album/dj-nervoso","verified_underrepresented_subgenre_depth","batida;Batida;curated_artist;playable_depth;underrepresented_subgenre_expansion_v18_20260820","catalog_depth","underrepresented_style_depth","published","high","Artista curado para Batida; artista exato, gravação e prévia verificados no Deezer."
"batida","Nidia","Underground","Nídia É Má, Nídia É Fudida","","https://audio-ssl.itunes.apple.com/itunes-assets/AudioPreview116/v4/ee/ab/48/eeab48e2-0db0-78c7-00c3-c17ddf99bf05/mzaf_16406656353071681694.plus.aac.p.m4a","2017-06-30","137","","","Batida","Nidia foi curado para ampliar a profundidade de Batida no catálogo.","underrepresented_subgenre_expansion_v18_20260820","https://music.apple.com/us/album/underground/1348707280?i=1348707507&uo=4","https://music.apple.com/us/album/underground/1348707280?i=1348707507&uo=4","3257255191","https://www.deezer.com/track/3257255191","https://is1-ssl.mzstatic.com/image/thumb/Music126/v4/78/50/55/785055bf-314e-21ce-85dc-e98d300dbf55/634457478688.jpg/600x600bb.jpg","https://principediscos.bandcamp.com/album/dj-nervoso","verified_underrepresented_subgenre_depth","batida;Batida;curated_artist;playable_depth;underrepresented_subgenre_expansion_v18_20260820;itunes_verified;deezer_verified","catalog_depth","underrepresented_style_depth","published","high","Artista curado para Batida; artista exato, gravação e prévia verificados em Apple Music e Deezer."
"batida","Puto Tito","[P**o Tito]","Carregando a Vida Atrás das Costas","","https://audio-ssl.itunes.apple.com/itunes-assets/AudioPreview211/v4/19/75/9a/19759ae1-b498-bb92-b227-8533bbecd443/mzaf_14128630820906168936.plus.aac.p.m4a","2019-05-03","384","","","Batida","Puto Tito foi curado para ampliar a profundidade de Batida no catálogo.","underrepresented_subgenre_expansion_v18_20260820","https://music.apple.com/us/album/p-o-tito/1596157424?i=1596157807&uo=4","https://music.apple.com/us/album/p-o-tito/1596157424?i=1596157807&uo=4","","","https://is1-ssl.mzstatic.com/image/thumb/Music116/v4/7f/e3/a5/7fe3a576-bdb6-3448-56ad-06afd3ac3140/8445162428965.jpg/600x600bb.jpg","https://principediscos.bandcamp.com/album/dj-nervoso","verified_underrepresented_subgenre_depth","batida;Batida;curated_artist;playable_depth;underrepresented_subgenre_expansion_v18_20260820;itunes_verified","catalog_depth","underrepresented_style_depth","published","high","Artista curado para Batida; artista exato, gravação e prévia verificados em Apple Music."
"batida","Puto Tito","Agora Sem Brincadeiras","Carregando a Vida Atrás das Costas","","https://audio-ssl.itunes.apple.com/itunes-assets/AudioPreview221/v4/71/fe/e6/71fee6b4-9ab6-b5f7-4593-968a82ee5557/mzaf_15293865170760257804.plus.aac.p.m4a","2019-05-03","229","","","Batida","Puto Tito foi curado para ampliar a profundidade de Batida no catálogo.","underrepresented_subgenre_expansion_v18_20260820","https://music.apple.com/us/album/agora-sem-brincadeiras/1596157424?i=1596157444&uo=4","https://music.apple.com/us/album/agora-sem-brincadeiras/1596157424?i=1596157444&uo=4","","","https://is1-ssl.mzstatic.com/image/thumb/Music116/v4/7f/e3/a5/7fe3a576-bdb6-3448-56ad-06afd3ac3140/8445162428965.jpg/600x600bb.jpg","https://principediscos.bandcamp.com/album/dj-nervoso","verified_underrepresented_subgenre_depth","batida;Batida;curated_artist;playable_depth;underrepresented_subgenre_expansion_v18_20260820;itunes_verified","catalog_depth","underrepresented_style_depth","published","high","Artista curado para Batida; artista exato, gravação e prévia verificados em Apple Music."
"batida","Puto Tito","Emsima Do Altar","Carregando A Vida Atrás Das Costas","","https://audio-ssl.itunes.apple.com/itunes-assets/AudioPreview125/v4/ca/f0/e8/caf0e8ef-268c-ab9e-dd52-d16c5b672b79/mzaf_1179019176229152298.plus.aac.p.m4a","2019-05-03","119","","","Batida","Puto Tito foi curado para ampliar a profundidade de Batida no catálogo.","underrepresented_subgenre_expansion_v18_20260820","https://music.apple.com/us/album/emsima-do-altar/1462265646?i=1462265664&uo=4","https://music.apple.com/us/album/emsima-do-altar/1462265646?i=1462265664&uo=4","","","https://is1-ssl.mzstatic.com/image/thumb/Music116/v4/b3/6e/92/b36e9226-e728-e0fb-2bb1-4b3b3a62ff66/880918232683.jpg/600x600bb.jpg","https://principediscos.bandcamp.com/album/dj-nervoso","verified_underrepresented_subgenre_depth","batida;Batida;curated_artist;playable_depth;underrepresented_subgenre_expansion_v18_20260820","catalog_depth","underrepresented_style_depth","published","high","Artista curado para Batida; artista exato, gravação e prévia verificados no Apple Music."
"batida","Puto Tito","Locura Tutal Vol 1","Carregando A Vida Atrás Das Costas","","https://audio-ssl.itunes.apple.com/itunes-assets/AudioPreview115/v4/c1/41/24/c14124d0-822e-df8d-9f32-35d23d03fe12/mzaf_17955397542249275290.plus.aac.p.m4a","2019-05-03","197","","","Batida","Puto Tito foi curado para ampliar a profundidade de Batida no catálogo.","underrepresented_subgenre_expansion_v18_20260820","https://music.apple.com/us/album/locura-tutal-vol-1/1462265646?i=1462265662&uo=4","https://music.apple.com/us/album/locura-tutal-vol-1/1462265646?i=1462265662&uo=4","","","https://is1-ssl.mzstatic.com/image/thumb/Music116/v4/b3/6e/92/b36e9226-e728-e0fb-2bb1-4b3b3a62ff66/880918232683.jpg/600x600bb.jpg","https://principediscos.bandcamp.com/album/dj-nervoso","verified_underrepresented_subgenre_depth","batida;Batida;curated_artist;playable_depth;underrepresented_subgenre_expansion_v18_20260820","catalog_depth","underrepresented_style_depth","published","high","Artista curado para Batida; artista exato, gravação e prévia verificados no Apple Music."
"big_beat","Bentley Rhythm Ace","Let There Be Flutes","Bra","","https://audio-ssl.itunes.apple.com/itunes-assets/Music/v4/42/02/72/420272ce-5fee-8ab9-cdd6-ce989aa67775/mzaf_3979821949433642810.plus.aac.p.m4a","1997-09-08","467","","","Big Beat","Bentley Rhythm Ace foi curado para ampliar a profundidade de Big Beat no catálogo.","underrepresented_subgenre_expansion_v18_20260820","https://music.apple.com/us/album/let-there-be-flutes/691484910?i=691484927&uo=4","https://music.apple.com/us/album/let-there-be-flutes/691484910?i=691484927&uo=4","","","https://is1-ssl.mzstatic.com/image/thumb/Music124/v4/17/68/79/17687966-4f65-9244-71cc-a11ab4cfa78a/5099960974655_1772x1772_300dpi.jpg/600x600bb.jpg","https://ninjatune.net/artist/coldcut","verified_underrepresented_subgenre_depth","big_beat;Big Beat;curated_artist;playable_depth;underrepresented_subgenre_expansion_v18_20260820","catalog_depth","underrepresented_style_depth","published","high","Artista curado para Big Beat; artista exato, gravação e prévia verificados no Apple Music."
"big_beat","Bentley Rhythm Ace","Midlander (There Can Only Be One...)","1997","","https://audio-ssl.itunes.apple.com/itunes-assets/AudioPreview115/v4/2a/60/48/2a60487f-7cc8-4cfa-ea5e-d5dc115ac0c3/mzaf_5866151036494727222.plus.aac.p.m4a","1997-09-08","398","","","Big Beat","Bentley Rhythm Ace foi curado para ampliar a profundidade de Big Beat no catálogo.","underrepresented_subgenre_expansion_v18_20260820","https://music.apple.com/us/album/midlander-there-can-only-be-one/1397298807?i=1397300025&uo=4","https://music.apple.com/us/album/midlander-there-can-only-be-one/1397298807?i=1397300025&uo=4","3395058","https://www.deezer.com/track/3395058","https://is1-ssl.mzstatic.com/image/thumb/Music125/v4/0c/52/6f/0c526ff5-7019-edc9-3641-44cafce66b12/084247971637.jpg/600x600bb.jpg","https://ninjatune.net/artist/coldcut","verified_underrepresented_subgenre_depth","big_beat;Big Beat;curated_artist;playable_depth;underrepresented_subgenre_expansion_v18_20260820;itunes_verified;deezer_verified","catalog_depth","underrepresented_style_depth","published","high","Artista curado para Big Beat; artista exato, gravação e prévia verificados em Apple Music e Deezer."
"big_beat","Bentley Rhythm Ace","Spacehopper","Sci-Fi Electronic","","https://audio-ssl.itunes.apple.com/itunes-assets/AudioPreview113/v4/b6/c2/bd/b6c2bd7e-ed82-1778-b6c8-1690bd77b26c/mzaf_2153883718222243268.plus.aac.p.m4a","1997-01-01","323","","","Big Beat","Bentley Rhythm Ace foi curado para ampliar a profundidade de Big Beat no catálogo.","underrepresented_subgenre_expansion_v18_20260820","https://music.apple.com/us/album/spacehopper/1509664092?i=1509664108&uo=4","https://music.apple.com/us/album/spacehopper/1509664092?i=1509664108&uo=4","3395066","https://www.deezer.com/track/3395066","https://is1-ssl.mzstatic.com/image/thumb/Music123/v4/8c/e9/da/8ce9da71-7084-38b9-b8f1-f643cecd0beb/5059460022362.jpg/600x600bb.jpg","https://ninjatune.net/artist/coldcut","verified_underrepresented_subgenre_depth","big_beat;Big Beat;curated_artist;playable_depth;underrepresented_subgenre_expansion_v18_20260820;itunes_verified;deezer_verified","catalog_depth","underrepresented_style_depth","published","high","Artista curado para Big Beat; artista exato, gravação e prévia verificados em Apple Music e Deezer."
"big_beat","Bentley Rhythm Ace","Why Is a Frog Too?","Bra","","https://audio-ssl.itunes.apple.com/itunes-assets/AudioPreview71/v4/0b/11/9f/0b119f8d-b013-5acf-2703-19fa9cad9b58/mzaf_577473589271511771.plus.aac.p.m4a","1997-09-08","323","","","Big Beat","Bentley Rhythm Ace foi curado para ampliar a profundidade de Big Beat no catálogo.","underrepresented_subgenre_expansion_v18_20260820","https://music.apple.com/us/album/why-is-a-frog-too/691484910?i=691484971&uo=4","https://music.apple.com/us/album/why-is-a-frog-too/691484910?i=691484971&uo=4","","","https://is1-ssl.mzstatic.com/image/thumb/Music124/v4/17/68/79/17687966-4f65-9244-71cc-a11ab4cfa78a/5099960974655_1772x1772_300dpi.jpg/600x600bb.jpg","https://ninjatune.net/artist/coldcut","verified_underrepresented_subgenre_depth","big_beat;Big Beat;curated_artist;playable_depth;underrepresented_subgenre_expansion_v18_20260820","catalog_depth","underrepresented_style_depth","published","high","Artista curado para Big Beat; artista exato, gravação e prévia verificados no Apple Music."
"big_beat","Fatboy Slim","Satisfaction Skank","Satisfaction Skank","","https://cdnt-preview.dzcdn.net/api/1/1/f/9/6/0/f96862eb60d5c9e7690f6cb49ce8fe82.mp3?hdnea=exp=1787242629~acl=/api/1/1/f/9/6/0/f96862eb60d5c9e7690f6cb49ce8fe82.mp3*~data=user_id=0,application_id=42~hmac=87a2f44a696c417f7e419f4593b35068b9e344fc4d6378fbc59f9e1c5d3226ec","","199","","","Big Beat","Fatboy Slim foi curado para ampliar a profundidade de Big Beat no catálogo.","underrepresented_subgenre_expansion_v18_20260820","https://www.deezer.com/track/3653300512","https://www.deezer.com/track/3653300512","3653300522","https://www.deezer.com/track/3653300522","https://cdn-images.dzcdn.net/images/cover/d59c812f6ea86613050fd59b9e3307e8/500x500-000000-80-0-0.jpg","https://ninjatune.net/artist/coldcut","verified_underrepresented_subgenre_depth","big_beat;Big Beat;curated_artist;playable_depth;underrepresented_subgenre_expansion_v18_20260820;deezer_verified","catalog_depth","underrepresented_style_depth","published","high","Artista curado para Big Beat; artista exato, gravação e prévia verificados em Deezer."
"big_beat","Fatboy Slim","Star 69","Halfway Between the Gutter and the Stars","","https://cdnt-preview.dzcdn.net/api/1/1/3/9/5/0/3956ee070739ee9cf892d4027ea618fa.mp3?hdnea=exp=1787242629~acl=/api/1/1/3/9/5/0/3956ee070739ee9cf892d4027ea618fa.mp3*~data=user_id=0,application_id=42~hmac=dea8702ae98dd4fa6ce0e895f697cdd6e652f239387fee595d2c47143fe76bba","","343","","","Big Beat","Fatboy Slim foi curado para ampliar a profundidade de Big Beat no catálogo.","underrepresented_subgenre_expansion_v18_20260820","https://www.deezer.com/track/3785962432","https://www.deezer.com/track/3785962432","3785962432","https://www.deezer.com/track/3785962432","https://cdn-images.dzcdn.net/images/cover/c604d98d3810946ed1f3896458f14aff/500x500-000000-80-0-0.jpg","https://ninjatune.net/artist/coldcut","verified_underrepresented_subgenre_depth","big_beat;Big Beat;curated_artist;playable_depth;underrepresented_subgenre_expansion_v18_20260820","catalog_depth","underrepresented_style_depth","published","high","Artista curado para Big Beat; artista exato, gravação e prévia verificados no Deezer."
"big_beat","Fatboy Slim","That Old Pair of Jeans","The Greatest Hits: Why Try Harder","","https://audio-ssl.itunes.apple.com/itunes-assets/AudioPreview125/v4/b9/10/29/b91029c1-ee48-2de7-91c2-5222231261a0/mzaf_11535689412967270139.plus.aac.p.m4a","2006-01-01","284","","","Big Beat","Fatboy Slim foi curado para ampliar a profundidade de Big Beat no catálogo.","underrepresented_subgenre_expansion_v18_20260820","https://music.apple.com/us/album/that-old-pair-of-jeans/714052590?i=714052976&uo=4","https://music.apple.com/us/album/that-old-pair-of-jeans/714052590?i=714052976&uo=4","3808856392","https://www.deezer.com/track/3808856392","https://is1-ssl.mzstatic.com/image/thumb/Music125/v4/6b/64/2c/6b642c8d-2f9a-7c79-5130-f7810eb8033e/00094635681451.rgb.jpg/600x600bb.jpg","https://ninjatune.net/artist/coldcut","verified_underrepresented_subgenre_depth","big_beat;Big Beat;curated_artist;playable_depth;underrepresented_subgenre_expansion_v18_20260820;itunes_verified;deezer_verified","catalog_depth","underrepresented_style_depth","published","high","Artista curado para Big Beat; artista exato, gravação e prévia verificados em Apple Music e Deezer."
"big_beat","Fatboy Slim","Wonderful Night","The Greatest Hits: Why Try Harder","","https://audio-ssl.itunes.apple.com/itunes-assets/AudioPreview125/v4/75/76/77/757677b5-5b35-30f0-e3c0-ec0f97bb817b/mzaf_5553263861038840089.plus.aac.p.m4a","2004-10-01","165","","","Big Beat","Fatboy Slim foi curado para ampliar a profundidade de Big Beat no catálogo.","underrepresented_subgenre_expansion_v18_20260820","https://music.apple.com/us/album/wonderful-night/714052590?i=714052883&uo=4","https://music.apple.com/us/album/wonderful-night/714052590?i=714052883&uo=4","3808861792","https://www.deezer.com/track/3808861792","https://is1-ssl.mzstatic.com/image/thumb/Music125/v4/6b/64/2c/6b642c8d-2f9a-7c79-5130-f7810eb8033e/00094635681451.rgb.jpg/600x600bb.jpg","https://ninjatune.net/artist/coldcut","verified_underrepresented_subgenre_depth","big_beat;Big Beat;curated_artist;playable_depth;underrepresented_subgenre_expansion_v18_20260820;itunes_verified;deezer_verified","catalog_depth","underrepresented_style_depth","published","high","Artista curado para Big Beat; artista exato, gravação e prévia verificados em Apple Music e Deezer."
"big_beat","Lo Fidelity Allstars","Battleflag","Battleflag","","https://cdnt-preview.dzcdn.net/api/1/1/e/8/f/0/e8f6a4b18c213d76dba84a0fb54e5802.mp3?hdnea=exp=1787242632~acl=/api/1/1/e/8/f/0/e8f6a4b18c213d76dba84a0fb54e5802.mp3*~data=user_id=0,application_id=42~hmac=7b93199acc221d7d38ee14281e8dfcdd1c373bc1eee3d084fb8c10d9e4835338","","341","","","Big Beat","Lo Fidelity Allstars foi curado para ampliar a profundidade de Big Beat no catálogo.","underrepresented_subgenre_expansion_v18_20260820","https://www.deezer.com/track/3761060112","https://www.deezer.com/track/3761060112","3761060142","https://www.deezer.com/track/3761060142","https://cdn-images.dzcdn.net/images/cover/2236e2d49d6ec26e1fc5c05371e8da7e/500x500-000000-80-0-0.jpg","https://ninjatune.net/artist/coldcut","verified_underrepresented_subgenre_depth","big_beat;Big Beat;curated_artist;playable_depth;underrepresented_subgenre_expansion_v18_20260820;deezer_verified","catalog_depth","underrepresented_style_depth","published","high","Artista curado para Big Beat; artista exato, gravação e prévia verificados em Deezer."
"big_beat","Lo Fidelity Allstars","Bonus Beats","Battleflag","","https://audio-ssl.itunes.apple.com/itunes-assets/AudioPreview126/v4/71/07/cd/7107cd03-edf1-a1a8-a418-bd9da1e9ffc2/mzaf_16977734947527107267.plus.aac.p.m4a","1997-01-28","326","","","Big Beat","Lo Fidelity Allstars foi curado para ampliar a profundidade de Big Beat no catálogo.","underrepresented_subgenre_expansion_v18_20260820","https://music.apple.com/us/album/bonus-beats/1438879656?i=1438879659&uo=4","https://music.apple.com/us/album/bonus-beats/1438879656?i=1438879659&uo=4","3761060132","https://www.deezer.com/track/3761060132","https://is1-ssl.mzstatic.com/image/thumb/Music118/v4/8a/59/06/8a59066a-ef16-d9c2-63cb-ae8b9f172e75/5025425513831.jpg/600x600bb.jpg","https://ninjatune.net/artist/coldcut","verified_underrepresented_subgenre_depth","big_beat;Big Beat;curated_artist;playable_depth;underrepresented_subgenre_expansion_v18_20260820;itunes_verified;deezer_verified","catalog_depth","underrepresented_style_depth","published","high","Artista curado para Big Beat; artista exato, gravação e prévia verificados em Apple Music e Deezer."
"big_beat","Lo Fidelity Allstars","Kasparov's Revenge","Warming Up the Brain Farm: The Best Of","","https://audio-ssl.itunes.apple.com/itunes-assets/AudioPreview126/v4/19/c6/f7/19c6f7be-e08e-4764-2951-3cf2d2b9e501/mzaf_18309872264974644705.plus.aac.p.m4a","1998-05-20","362","","","Big Beat","Lo Fidelity Allstars foi curado para ampliar a profundidade de Big Beat no catálogo.","underrepresented_subgenre_expansion_v18_20260820","https://music.apple.com/us/album/kasparovs-revenge/1436212100?i=1436212105&uo=4","https://music.apple.com/us/album/kasparovs-revenge/1436212100?i=1436212105&uo=4","3726715152","https://www.deezer.com/track/3726715152","https://is1-ssl.mzstatic.com/image/thumb/Music128/v4/f0/41/1c/f0411c67-5f78-e57e-1d02-806a8c29ba5c/5025425554537.jpg/600x600bb.jpg","https://ninjatune.net/artist/coldcut","verified_underrepresented_subgenre_depth","big_beat;Big Beat;curated_artist;playable_depth;underrepresented_subgenre_expansion_v18_20260820;itunes_verified;deezer_verified","catalog_depth","underrepresented_style_depth","published","high","Artista curado para Big Beat; artista exato, gravação e prévia verificados em Apple Music e Deezer."
"big_beat","Lo Fidelity Allstars","Will I Get Out of Jail","How to Operate With a Blown Mind","","https://audio-ssl.itunes.apple.com/itunes-assets/AudioPreview126/v4/0a/50/b5/0a50b59f-160b-2738-5bec-537eddc1ef91/mzaf_12770966426148074541.plus.aac.p.m4a","1998-01-01","379","","","Big Beat","Lo Fidelity Allstars foi curado para ampliar a profundidade de Big Beat no catálogo.","underrepresented_subgenre_expansion_v18_20260820","https://music.apple.com/us/album/will-i-get-out-of-jail/1436211726?i=1436212157&uo=4","https://music.apple.com/us/album/will-i-get-out-of-jail/1436211726?i=1436212157&uo=4","3726715212","https://www.deezer.com/track/3726715212","https://is1-ssl.mzstatic.com/image/thumb/Music128/v4/0d/6f/1a/0d6f1a84-1729-67da-39ba-311bc3ed1d64/5025425550836.jpg/600x600bb.jpg","https://ninjatune.net/artist/coldcut","verified_underrepresented_subgenre_depth","big_beat;Big Beat;curated_artist;playable_depth;underrepresented_subgenre_expansion_v18_20260820;itunes_verified;deezer_verified","catalog_depth","underrepresented_style_depth","published","high","Artista curado para Big Beat; artista exato, gravação e prévia verificados em Apple Music e Deezer."
"big_beat","Propellerheads","Comingtogetcha","Decksandrumsandrockandroll 20th Anniversary","","https://audio-ssl.itunes.apple.com/itunes-assets/AudioPreview115/v4/ee/02/f5/ee02f581-df2c-d878-24c1-fb122b50b77c/mzaf_287525542412012091.plus.aac.p.m4a","1998-01-01","423","","","Big Beat","Propellerheads foi curado para ampliar a profundidade de Big Beat no catálogo.","underrepresented_subgenre_expansion_v18_20260820","https://music.apple.com/us/album/comingtogetcha/1396678787?i=1396679401&uo=4","https://music.apple.com/us/album/comingtogetcha/1396678787?i=1396679401&uo=4","510659502","https://www.deezer.com/track/510659502","https://is1-ssl.mzstatic.com/image/thumb/Music125/v4/2f/72/31/2f7231ae-1531-4bea-d025-22e13bb7f2ed/cover.jpg/600x600bb.jpg","https://ninjatune.net/artist/coldcut","verified_underrepresented_subgenre_depth","big_beat;Big Beat;curated_artist;playable_depth;underrepresented_subgenre_expansion_v18_20260820;itunes_verified;deezer_verified","catalog_depth","underrepresented_style_depth","published","high","Artista curado para Big Beat; artista exato, gravação e prévia verificados em Apple Music e Deezer."
"big_beat","Propellerheads","Echo & Bounce","Decksandrumsandrockandroll 20th Anniversary","","https://audio-ssl.itunes.apple.com/itunes-assets/AudioPreview115/v4/87/4b/60/874b6006-79af-8519-cfea-f3ae5bee5bfc/mzaf_14498621310041735821.plus.aac.p.m4a","1998-01-01","326","","","Big Beat","Propellerheads foi curado para ampliar a profundidade de Big Beat no catálogo.","underrepresented_subgenre_expansion_v18_20260820","https://music.apple.com/us/album/echo-bounce/1396678787?i=1396678790&uo=4","https://music.apple.com/us/album/echo-bounce/1396678787?i=1396678790&uo=4","510659402","https://www.deezer.com/track/510659402","https://is1-ssl.mzstatic.com/image/thumb/Music125/v4/2f/72/31/2f7231ae-1531-4bea-d025-22e13bb7f2ed/cover.jpg/600x600bb.jpg","https://ninjatune.net/artist/coldcut","verified_underrepresented_subgenre_depth","big_beat;Big Beat;curated_artist;playable_depth;underrepresented_subgenre_expansion_v18_20260820;itunes_verified;deezer_verified","catalog_depth","underrepresented_style_depth","published","high","Artista curado para Big Beat; artista exato, gravação e prévia verificados em Apple Music e Deezer."
"big_beat","Propellerheads","Oh Yeah!","Decksandrumsandrockandroll 20th Anniversary","","https://audio-ssl.itunes.apple.com/itunes-assets/AudioPreview115/v4/81/fe/3c/81fe3c14-0b64-e9ad-2f9d-bff7bb191fbf/mzaf_16321920316129138540.plus.aac.p.m4a","1998-01-01","327","","","Big Beat","Propellerheads foi curado para ampliar a profundidade de Big Beat no catálogo.","underrepresented_subgenre_expansion_v18_20260820","https://music.apple.com/us/album/oh-yeah/1396678787?i=1396678795&uo=4","https://music.apple.com/us/album/oh-yeah/1396678787?i=1396678795&uo=4","510659432","https://www.deezer.com/track/510659432","https://is1-ssl.mzstatic.com/image/thumb/Music125/v4/2f/72/31/2f7231ae-1531-4bea-d025-22e13bb7f2ed/cover.jpg/600x600bb.jpg","https://ninjatune.net/artist/coldcut","verified_underrepresented_subgenre_depth","big_beat;Big Beat;curated_artist;playable_depth;underrepresented_subgenre_expansion_v18_20260820;itunes_verified;deezer_verified","catalog_depth","underrepresented_style_depth","published","high","Artista curado para Big Beat; artista exato, gravação e prévia verificados em Apple Music e Deezer."
"big_beat","Propellerheads","On Her Majesty's Secret Service","Decksandrumsandrockandroll 20th Anniversary","","https://audio-ssl.itunes.apple.com/itunes-assets/AudioPreview125/v4/4d/32/f2/4d32f2c6-dd3b-f0d5-bcd8-6e7f010eb7d5/mzaf_6447779448313189047.plus.aac.p.m4a","1997-10-20","561","","","Big Beat","Propellerheads foi curado para ampliar a profundidade de Big Beat no catálogo.","underrepresented_subgenre_expansion_v18_20260820","https://music.apple.com/us/album/on-her-majestys-secret-service/1396678787?i=1396679399&uo=4","https://music.apple.com/us/album/on-her-majestys-secret-service/1396678787?i=1396679399&uo=4","510659482","https://www.deezer.com/track/510659482","https://is1-ssl.mzstatic.com/image/thumb/Music125/v4/2f/72/31/2f7231ae-1531-4bea-d025-22e13bb7f2ed/cover.jpg/600x600bb.jpg","https://ninjatune.net/artist/coldcut","verified_underrepresented_subgenre_depth","big_beat;Big Beat;curated_artist;playable_depth;underrepresented_subgenre_expansion_v18_20260820;itunes_verified;deezer_verified","catalog_depth","underrepresented_style_depth","published","high","Artista curado para Big Beat; artista exato, gravação e prévia verificados em Apple Music e Deezer."
"big_beat","The Crystal Method","Comin' Back","Vegas","","https://audio-ssl.itunes.apple.com/itunes-assets/AudioPreview115/v4/07/8c/8c/078c8c35-1430-8a23-9fd1-cacb71f3d6d5/mzaf_1207455486168898559.plus.aac.p.m4a","1997-08-26","339","","","Big Beat","The Crystal Method foi curado para ampliar a profundidade de Big Beat no catálogo.","underrepresented_subgenre_expansion_v18_20260820","https://music.apple.com/us/album/comin-back/1440899631?i=1440899869&uo=4","https://music.apple.com/us/album/comin-back/1440899631?i=1440899869&uo=4","108473180","https://www.deezer.com/track/108473180","https://is1-ssl.mzstatic.com/image/thumb/Music124/v4/b2/3a/6f/b23a6f62-1d03-044a-71ab-edb55f385fc5/00607703000322.rgb.jpg/600x600bb.jpg","https://ninjatune.net/artist/coldcut","verified_underrepresented_subgenre_depth","big_beat;Big Beat;curated_artist;playable_depth;underrepresented_subgenre_expansion_v18_20260820;itunes_verified;deezer_verified","catalog_depth","underrepresented_style_depth","published","high","Artista curado para Big Beat; artista exato, gravação e prévia verificados em Apple Music e Deezer."
"big_beat","The Crystal Method","High Roller","Vegas","","https://audio-ssl.itunes.apple.com/itunes-assets/AudioPreview125/v4/58/7e/be/587ebef8-9b64-b383-abef-aa2654749602/mzaf_1662523566946953479.plus.aac.p.m4a","1997-07-17","330","","","Big Beat","The Crystal Method foi curado para ampliar a profundidade de Big Beat no catálogo.","underrepresented_subgenre_expansion_v18_20260820","https://music.apple.com/us/album/high-roller/1440899631?i=1440899862&uo=4","https://music.apple.com/us/album/high-roller/1440899631?i=1440899862&uo=4","2537347","https://www.deezer.com/track/2537347","https://is1-ssl.mzstatic.com/image/thumb/Music124/v4/b2/3a/6f/b23a6f62-1d03-044a-71ab-edb55f385fc5/00607703000322.rgb.jpg/600x600bb.jpg","https://ninjatune.net/artist/coldcut","verified_underrepresented_subgenre_depth","big_beat;Big Beat;curated_artist;playable_depth;underrepresented_subgenre_expansion_v18_20260820;itunes_verified;deezer_verified","catalog_depth","underrepresented_style_depth","published","high","Artista curado para Big Beat; artista exato, gravação e prévia verificados em Apple Music e Deezer."
"big_beat","The Crystal Method","Trip Like I Do","Vegas","","https://audio-ssl.itunes.apple.com/itunes-assets/AudioPreview125/v4/0f/a4/97/0fa4977a-69b1-9161-3713-885e1ead7d27/mzaf_12892137570146995119.plus.aac.p.m4a","1997-08-26","454","","","Big Beat","The Crystal Method foi curado para ampliar a profundidade de Big Beat no catálogo.","underrepresented_subgenre_expansion_v18_20260820","https://music.apple.com/us/album/trip-like-i-do/1440899631?i=1440899646&uo=4","https://music.apple.com/us/album/trip-like-i-do/1440899631?i=1440899646&uo=4","2537344","https://www.deezer.com/track/2537344","https://is1-ssl.mzstatic.com/image/thumb/Music124/v4/b2/3a/6f/b23a6f62-1d03-044a-71ab-edb55f385fc5/00607703000322.rgb.jpg/600x600bb.jpg","https://ninjatune.net/artist/coldcut","verified_underrepresented_subgenre_depth","big_beat;Big Beat;curated_artist;playable_depth;underrepresented_subgenre_expansion_v18_20260820;itunes_verified;deezer_verified","catalog_depth","underrepresented_style_depth","published","high","Artista curado para Big Beat; artista exato, gravação e prévia verificados em Apple Music e Deezer."
"big_beat","The Crystal Method","Vapor Trail","Vegas","","https://audio-ssl.itunes.apple.com/itunes-assets/AudioPreview125/v4/1a/9a/c7/1a9ac75b-dcda-fae6-a865-312d1919f08c/mzaf_3552482488959892582.plus.aac.p.m4a","1997-08-26","392","","","Big Beat","The Crystal Method foi curado para ampliar a profundidade de Big Beat no catálogo.","underrepresented_subgenre_expansion_v18_20260820","https://music.apple.com/us/album/vapor-trail/1440899631?i=1440899882&uo=4","https://music.apple.com/us/album/vapor-trail/1440899631?i=1440899882&uo=4","2537350","https://www.deezer.com/track/2537350","https://is1-ssl.mzstatic.com/image/thumb/Music124/v4/b2/3a/6f/b23a6f62-1d03-044a-71ab-edb55f385fc5/00607703000322.rgb.jpg/600x600bb.jpg","https://ninjatune.net/artist/coldcut","verified_underrepresented_subgenre_depth","big_beat;Big Beat;curated_artist;playable_depth;underrepresented_subgenre_expansion_v18_20260820;itunes_verified;deezer_verified","catalog_depth","underrepresented_style_depth","published","high","Artista curado para Big Beat; artista exato, gravação e prévia verificados em Apple Music e Deezer."
"big_beat","The Prodigy","Baby's Got a Temper","Baby's Got a Temper","","https://cdnt-preview.dzcdn.net/api/1/1/7/f/f/0/7ffeb4072f793cdabb2d3547ca8d5e98.mp3?hdnea=exp=1787242630~acl=/api/1/1/7/f/f/0/7ffeb4072f793cdabb2d3547ca8d5e98.mp3*~data=user_id=0,application_id=42~hmac=6f368866c84799deeb5b2f955c27ab13fd441792d303c5b7cdf98ed4877c32f9","","267","","","Big Beat","The Prodigy foi curado para ampliar a profundidade de Big Beat no catálogo.","underrepresented_subgenre_expansion_v18_20260820","https://www.deezer.com/track/620494732","https://www.deezer.com/track/620494732","620494732","https://www.deezer.com/track/620494732","https://cdn-images.dzcdn.net/images/cover/c2144401fd30e7511095c7234f5139ca/500x500-000000-80-0-0.jpg","https://ninjatune.net/artist/coldcut","verified_underrepresented_subgenre_depth","big_beat;Big Beat;curated_artist;playable_depth;underrepresented_subgenre_expansion_v18_20260820","catalog_depth","underrepresented_style_depth","published","high","Artista curado para Big Beat; artista exato, gravação e prévia verificados no Deezer."
"big_beat","The Prodigy","Funky Shit","The Fat of the Land","","https://cdnt-preview.dzcdn.net/api/1/1/9/b/3/0/9b37c4a5ea097486ed2ee0e2fec361f2.mp3?hdnea=exp=1787242630~acl=/api/1/1/9/b/3/0/9b37c4a5ea097486ed2ee0e2fec361f2.mp3*~data=user_id=0,application_id=42~hmac=6c262dd30a436463ccccf3b89609c2bcfca7cd53a48e5ac30002aa3cf97ced2c","","316","","","Big Beat","The Prodigy foi curado para ampliar a profundidade de Big Beat no catálogo.","underrepresented_subgenre_expansion_v18_20260820","https://www.deezer.com/track/620502372","https://www.deezer.com/track/620502372","620502372","https://www.deezer.com/track/620502372","https://cdn-images.dzcdn.net/images/cover/ca2a015f912887a634e2a0a124acb05a/500x500-000000-80-0-0.jpg","https://ninjatune.net/artist/coldcut","verified_underrepresented_subgenre_depth","big_beat;Big Beat;curated_artist;playable_depth;underrepresented_subgenre_expansion_v18_20260820","catalog_depth","underrepresented_style_depth","published","high","Artista curado para Big Beat; artista exato, gravação e prévia verificados no Deezer."
"big_beat","The Prodigy","Poison","Music for the Jilted Generation","","https://cdnt-preview.dzcdn.net/api/1/1/8/4/6/0/8464a8ad7a6641c7ef2b0f9dd4771878.mp3?hdnea=exp=1787242630~acl=/api/1/1/8/4/6/0/8464a8ad7a6641c7ef2b0f9dd4771878.mp3*~data=user_id=0,application_id=42~hmac=414eb386507d83fedf8f7077649d90e29b589d04e46042e24dc3828934ef7212","","402","","","Big Beat","The Prodigy foi curado para ampliar a profundidade de Big Beat no catálogo.","underrepresented_subgenre_expansion_v18_20260820","https://www.deezer.com/track/620495812","https://www.deezer.com/track/620495812","128973854","https://www.deezer.com/track/128973854","https://cdn-images.dzcdn.net/images/cover/2ddb4f4b778380d913e4a2b9335b5be7/500x500-000000-80-0-0.jpg","https://ninjatune.net/artist/coldcut","verified_underrepresented_subgenre_depth","big_beat;Big Beat;curated_artist;playable_depth;underrepresented_subgenre_expansion_v18_20260820;deezer_verified","catalog_depth","underrepresented_style_depth","published","high","Artista curado para Big Beat; artista exato, gravação e prévia verificados em Deezer."
"big_beat","The Prodigy","Spitfire","Always Outnumbered, Never Outgunned","","https://audio-ssl.itunes.apple.com/itunes-assets/AudioPreview115/v4/01/4f/04/014f048a-d8e0-dab8-5284-b0ec8620a410/mzaf_15019595000115469278.plus.aac.p.m4a","2004-08-11","308","","","Big Beat","The Prodigy foi curado para ampliar a profundidade de Big Beat no catálogo.","underrepresented_subgenre_expansion_v18_20260820","https://music.apple.com/us/album/spitfire/500402694?i=500402701&uo=4","https://music.apple.com/us/album/spitfire/500402694?i=500402701&uo=4","2802848","https://www.deezer.com/track/2802848","https://is1-ssl.mzstatic.com/image/thumb/Music116/v4/15/bf/4c/15bf4c52-dd06-d4b5-5da7-dba02a332857/634904918361.png/600x600bb.jpg","https://ninjatune.net/artist/coldcut","verified_underrepresented_subgenre_depth","big_beat;Big Beat;curated_artist;playable_depth;underrepresented_subgenre_expansion_v18_20260820;itunes_verified;deezer_verified","catalog_depth","underrepresented_style_depth","published","high","Artista curado para Big Beat; artista exato, gravação e prévia verificados em Apple Music e Deezer."
"crossbreed","Cooh","Armeny","Armeny / Monologue - Single","","https://audio-ssl.itunes.apple.com/itunes-assets/AudioPreview125/v4/2c/0d/75/2c0d75c1-8be5-7e29-d777-1f2fe59322bf/mzaf_11173976294413075189.plus.aac.p.m4a","2007-10-29","340","","","Crossbreed","Cooh foi curado para ampliar a profundidade de Crossbreed no catálogo.","underrepresented_subgenre_expansion_v18_20260820","https://music.apple.com/us/album/armeny/1435678932?i=1435678936&uo=4","https://music.apple.com/us/album/armeny/1435678932?i=1435678936&uo=4","","","https://is1-ssl.mzstatic.com/image/thumb/Music128/v4/f2/de/fa/f2defa11-e43b-e773-1262-a1d2f72147db/887158251306.png/600x600bb.jpg","","verified_underrepresented_subgenre_depth","crossbreed;Crossbreed;curated_artist;playable_depth;underrepresented_subgenre_expansion_v18_20260820","catalog_depth","underrepresented_style_depth","published","high","Artista curado para Crossbreed; artista exato, gravação e prévia verificados no Apple Music."
"crossbreed","Cooh","Cript","Technical Itch Presents: You Need Therapy","","https://audio-ssl.itunes.apple.com/itunes-assets/AudioPreview118/v4/5f/e3/f3/5fe3f3f6-4a4d-7915-fce8-5bc710363041/mzaf_2885342884523984955.plus.aac.p.m4a","2008-09-08","131","","","Crossbreed","Cooh foi curado para ampliar a profundidade de Crossbreed no catálogo.","underrepresented_subgenre_expansion_v18_20260820","https://music.apple.com/us/album/cript/1443685442?i=1443685544&uo=4","https://music.apple.com/us/album/cript/1443685442?i=1443685544&uo=4","","","https://is1-ssl.mzstatic.com/image/thumb/Music128/v4/9c/bb/fc/9cbbfc01-f236-44ca-608a-b85144839d16/888002140524_cover.jpg/600x600bb.jpg","","verified_underrepresented_subgenre_depth","crossbreed;Crossbreed;curated_artist;playable_depth;underrepresented_subgenre_expansion_v18_20260820","catalog_depth","underrepresented_style_depth","published","high","Artista curado para Crossbreed; artista exato, gravação e prévia verificados no Apple Music."
"crossbreed","Cooh","Smile","Moth Machine EP","","https://cdnt-preview.dzcdn.net/api/1/1/7/8/d/0/78df381d51c8442916ce30a7ee306744.mp3?hdnea=exp=1787242674~acl=/api/1/1/7/8/d/0/78df381d51c8442916ce30a7ee306744.mp3*~data=user_id=0,application_id=42~hmac=032fb36dd14052769126696b3b18ba4ebb8088db8987abd75672035f8c5a9bb0","","290","","","Crossbreed","Cooh foi curado para ampliar a profundidade de Crossbreed no catálogo.","underrepresented_subgenre_expansion_v18_20260820","https://www.deezer.com/track/87715665","https://www.deezer.com/track/87715665","87715665","https://www.deezer.com/track/87715665","https://cdn-images.dzcdn.net/images/cover/1a002852305a1fc8c4f883207826bac0/500x500-000000-80-0-0.jpg","","verified_underrepresented_subgenre_depth","crossbreed;Crossbreed;curated_artist;playable_depth;underrepresented_subgenre_expansion_v18_20260820","catalog_depth","underrepresented_style_depth","published","high","Artista curado para Crossbreed; artista exato, gravação e prévia verificados no Deezer."
"crossbreed","Cooh","The Origin of All (feat. Angie)","Duality","","https://audio-ssl.itunes.apple.com/itunes-assets/AudioPreview221/v4/e6/8a/7a/e68a7aeb-79a3-8378-af56-1a12de014f42/mzaf_12897545582528326799.plus.aac.p.m4a","2024-10-10","289","","","Crossbreed","Cooh foi curado para ampliar a profundidade de Crossbreed no catálogo.","underrepresented_subgenre_expansion_v18_20260820","https://music.apple.com/us/album/the-origin-of-all-feat-angie/1772628809?i=1772628812&uo=4","https://music.apple.com/us/album/the-origin-of-all-feat-angie/1772628809?i=1772628812&uo=4","3030593521","https://www.deezer.com/track/3030593521","https://is1-ssl.mzstatic.com/image/thumb/Music211/v4/9b/6e/de/9b6ede71-0d31-cf5d-8369-43c35eb790cd/cover.jpg/600x600bb.jpg","","verified_underrepresented_subgenre_depth","crossbreed;Crossbreed;curated_artist;playable_depth;underrepresented_subgenre_expansion_v18_20260820;itunes_verified;deezer_verified","catalog_depth","underrepresented_style_depth","published","high","Artista curado para Crossbreed; artista exato, gravação e prévia verificados em Apple Music e Deezer."
"crossbreed","DJ Hidden","As She Laughed (Remastered Version)","The Later After (Remastered Version)","","https://audio-ssl.itunes.apple.com/itunes-assets/AudioPreview123/v4/9d/5c/19/9d5c1942-7156-65eb-875f-379fc28d6297/mzaf_10079682562580641507.plus.aac.p.m4a","2007-03-20","369","","","Crossbreed","DJ Hidden foi curado para ampliar a profundidade de Crossbreed no catálogo.","underrepresented_subgenre_expansion_v18_20260820","https://music.apple.com/us/album/as-she-laughed-remastered-version/1515830646?i=1515830650&uo=4","https://music.apple.com/us/album/as-she-laughed-remastered-version/1515830646?i=1515830650&uo=4","974201672","https://www.deezer.com/track/974201672","https://is1-ssl.mzstatic.com/image/thumb/Music113/v4/ff/ed/1b/ffed1bdc-32ff-a5e7-4405-f2a10b51e10b/8790001290655.png/600x600bb.jpg","","verified_underrepresented_subgenre_depth","crossbreed;Crossbreed;curated_artist;playable_depth;underrepresented_subgenre_expansion_v18_20260820;itunes_verified;deezer_verified","catalog_depth","underrepresented_style_depth","published","high","Artista curado para Crossbreed; artista exato, gravação e prévia verificados em Apple Music e Deezer."
"crossbreed","DJ Hidden","Chrono (Remastered Version)","The Later After (Remastered Version)","","https://audio-ssl.itunes.apple.com/itunes-assets/AudioPreview123/v4/a1/25/1f/a1251f32-3c75-4127-9760-c56b396c462e/mzaf_12174341876938067923.plus.aac.p.m4a","2007-03-01","318","","","Crossbreed","DJ Hidden foi curado para ampliar a profundidade de Crossbreed no catálogo.","underrepresented_subgenre_expansion_v18_20260820","https://music.apple.com/us/album/chrono-remastered-version/1515830646?i=1515830653&uo=4","https://music.apple.com/us/album/chrono-remastered-version/1515830646?i=1515830653&uo=4","974201702","https://www.deezer.com/track/974201702","https://is1-ssl.mzstatic.com/image/thumb/Music113/v4/ff/ed/1b/ffed1bdc-32ff-a5e7-4405-f2a10b51e10b/8790001290655.png/600x600bb.jpg","","verified_underrepresented_subgenre_depth","crossbreed;Crossbreed;curated_artist;playable_depth;underrepresented_subgenre_expansion_v18_20260820;itunes_verified;deezer_verified","catalog_depth","underrepresented_style_depth","published","high","Artista curado para Crossbreed; artista exato, gravação e prévia verificados em Apple Music e Deezer."
"crossbreed","DJ Hidden","The Later After (Remastered Version)","The Later After (Remastered Version)","","https://audio-ssl.itunes.apple.com/itunes-assets/AudioPreview123/v4/c1/7d/12/c17d1216-7cee-2d00-c3c7-15abc3161644/mzaf_9797784875388031321.plus.aac.p.m4a","2007-03-20","382","","","Crossbreed","DJ Hidden foi curado para ampliar a profundidade de Crossbreed no catálogo.","underrepresented_subgenre_expansion_v18_20260820","https://music.apple.com/us/album/the-later-after-remastered-version/1515830646?i=1515830654&uo=4","https://music.apple.com/us/album/the-later-after-remastered-version/1515830646?i=1515830654&uo=4","","","https://is1-ssl.mzstatic.com/image/thumb/Music113/v4/ff/ed/1b/ffed1bdc-32ff-a5e7-4405-f2a10b51e10b/8790001290655.png/600x600bb.jpg","","verified_underrepresented_subgenre_depth","crossbreed;Crossbreed;curated_artist;playable_depth;underrepresented_subgenre_expansion_v18_20260820","catalog_depth","underrepresented_style_depth","published","high","Artista curado para Crossbreed; artista exato, gravação e prévia verificados no Apple Music."
"crossbreed","DJ Hidden","The Signs","We Are Haunted / The Signs","","https://cdnt-preview.dzcdn.net/api/1/1/0/d/a/0/0da1a11fa4189daa0cb2eb74850bd441.mp3?hdnea=exp=1787242672~acl=/api/1/1/0/d/a/0/0da1a11fa4189daa0cb2eb74850bd441.mp3*~data=user_id=0,application_id=42~hmac=2cbb2d10073642a310079cb9238406fc81281d2193624fc4727e474446829198","","362","","","Crossbreed","DJ Hidden foi curado para ampliar a profundidade de Crossbreed no catálogo.","underrepresented_subgenre_expansion_v18_20260820","https://www.deezer.com/track/391579492","https://www.deezer.com/track/391579492","391579492","https://www.deezer.com/track/391579492","https://cdn-images.dzcdn.net/images/cover/acadb48173dcb03980521f658aba86b6/500x500-000000-80-0-0.jpg","","verified_underrepresented_subgenre_depth","crossbreed;Crossbreed;curated_artist;playable_depth;underrepresented_subgenre_expansion_v18_20260820","catalog_depth","underrepresented_style_depth","published","high","Artista curado para Crossbreed; artista exato, gravação e prévia verificados no Deezer."
"crossbreed","Hallucinator","I Am the Devil","I Am the Devil / Violent Content - Single","","https://audio-ssl.itunes.apple.com/itunes-assets/AudioPreview125/v4/8e/66/22/8e662205-c941-3287-6e80-988dbb33d7ae/mzaf_2677545495901231532.plus.aac.p.m4a","2013-09-23","348","","","Crossbreed","Hallucinator foi curado para ampliar a profundidade de Crossbreed no catálogo.","underrepresented_subgenre_expansion_v18_20260820","https://music.apple.com/us/album/i-am-the-devil/698139664?i=698139665&uo=4","https://music.apple.com/us/album/i-am-the-devil/698139664?i=698139665&uo=4","","","https://is1-ssl.mzstatic.com/image/thumb/Music4/v4/48/71/d9/4871d98e-0c44-f021-5679-5a2df954b05f/8790001161528.jpg/600x600bb.jpg","","verified_underrepresented_subgenre_depth","crossbreed;Crossbreed;curated_artist;playable_depth;underrepresented_subgenre_expansion_v18_20260820","catalog_depth","underrepresented_style_depth","published","high","Artista curado para Crossbreed; artista exato, gravação e prévia verificados no Apple Music."
"crossbreed","Hallucinator","People","People - Single","","https://audio-ssl.itunes.apple.com/itunes-assets/AudioPreview221/v4/3f/9b/ea/3f9bea04-9f86-b501-4192-bb6f17df9f4f/mzaf_15701099747788962914.plus.aac.p.m4a","2026-07-28","292","","","Crossbreed","Hallucinator foi curado para ampliar a profundidade de Crossbreed no catálogo.","underrepresented_subgenre_expansion_v18_20260820","https://music.apple.com/us/album/people/6792048321?i=6792048323&uo=4","https://music.apple.com/us/album/people/6792048321?i=6792048323&uo=4","","","https://is1-ssl.mzstatic.com/image/thumb/Music221/v4/8b/80/fe/8b80feb9-b20b-b18e-3054-5d3a123ff533/cover.jpg/600x600bb.jpg","","verified_underrepresented_subgenre_depth","crossbreed;Crossbreed;curated_artist;playable_depth;underrepresented_subgenre_expansion_v18_20260820","catalog_depth","underrepresented_style_depth","published","high","Artista curado para Crossbreed; artista exato, gravação e prévia verificados no Apple Music."
"crossbreed","Hallucinator","Raise Your Middle Finger Vip","The New World Disorder Lp","","https://audio-ssl.itunes.apple.com/itunes-assets/AudioPreview115/v4/ac/9c/1c/ac9c1cfa-9413-3294-7416-fe69f2200656/mzaf_2958457582893282939.plus.aac.p.m4a","2015-09-21","290","","","Crossbreed","Hallucinator foi curado para ampliar a profundidade de Crossbreed no catálogo.","underrepresented_subgenre_expansion_v18_20260820","https://music.apple.com/us/album/raise-your-middle-finger-vip/1038879722?i=1038880029&uo=4","https://music.apple.com/us/album/raise-your-middle-finger-vip/1038879722?i=1038880029&uo=4","","","https://is1-ssl.mzstatic.com/image/thumb/Music3/v4/c6/96/74/c69674a4-9b0f-8f3b-bc93-7f1063495431/8790001176348.png/600x600bb.jpg","","verified_underrepresented_subgenre_depth","crossbreed;Crossbreed;curated_artist;playable_depth;underrepresented_subgenre_expansion_v18_20260820","catalog_depth","underrepresented_style_depth","published","high","Artista curado para Crossbreed; artista exato, gravação e prévia verificados no Apple Music."
"crossbreed","Hallucinator","Satanism","Satanism - EP","","https://audio-ssl.itunes.apple.com/itunes-assets/AudioPreview125/v4/25/11/ea/2511eab9-644c-d4f9-bff1-a51bd83c96d6/mzaf_15849955995205062243.plus.aac.p.m4a","2016-02-19","312","","","Crossbreed","Hallucinator foi curado para ampliar a profundidade de Crossbreed no catálogo.","underrepresented_subgenre_expansion_v18_20260820","https://music.apple.com/us/album/satanism/1084780076?i=1084780078&uo=4","https://music.apple.com/us/album/satanism/1084780076?i=1084780078&uo=4","","","https://is1-ssl.mzstatic.com/image/thumb/Music69/v4/98/28/9b/98289b02-b079-33a8-f55b-2cfa99c00c6e/8790001183414.png/600x600bb.jpg","","verified_underrepresented_subgenre_depth","crossbreed;Crossbreed;curated_artist;playable_depth;underrepresented_subgenre_expansion_v18_20260820","catalog_depth","underrepresented_style_depth","published","high","Artista curado para Crossbreed; artista exato, gravação e prévia verificados no Apple Music."
"crossbreed","Sinister Souls","Beat the Drum Hard","Beat the Drum Hard","","https://audio-ssl.itunes.apple.com/itunes-assets/AudioPreview115/v4/f7/b8/4c/f7b84cd3-6c40-d261-8680-ae032b776edf/mzaf_2057739560248782556.plus.aac.p.m4a","2012-10-08","288","","","Crossbreed","Sinister Souls foi curado para ampliar a profundidade de Crossbreed no catálogo.","underrepresented_subgenre_expansion_v18_20260820","https://music.apple.com/us/album/beat-the-drum-hard/567142796?i=567142802&uo=4","https://music.apple.com/us/album/beat-the-drum-hard/567142796?i=567142802&uo=4","","","https://is1-ssl.mzstatic.com/image/thumb/Music/v4/78/69/82/7869824d-9111-df52-2517-9c7290a1afae/8790001147607.jpg/600x600bb.jpg","","verified_underrepresented_subgenre_depth","crossbreed;Crossbreed;curated_artist;playable_depth;underrepresented_subgenre_expansion_v18_20260820","catalog_depth","underrepresented_style_depth","published","high","Artista curado para Crossbreed; artista exato, gravação e prévia verificados no Apple Music."
"crossbreed","Sinister Souls","Fight For More","Horns Up","","https://cdnt-preview.dzcdn.net/api/1/1/3/5/b/0/35b288d4d4c86eeb9ba81f12de59a896.mp3?hdnea=exp=1787242673~acl=/api/1/1/3/5/b/0/35b288d4d4c86eeb9ba81f12de59a896.mp3*~data=user_id=0,application_id=42~hmac=d9fdbdcc77c250fdfc50d838b467256a4f916be100e2282b6c9cc8ead2e4dc77","","321","","","Crossbreed","Sinister Souls foi curado para ampliar a profundidade de Crossbreed no catálogo.","underrepresented_subgenre_expansion_v18_20260820","https://www.deezer.com/track/82052702","https://www.deezer.com/track/82052702","82052702","https://www.deezer.com/track/82052702","https://cdn-images.dzcdn.net/images/cover/2dfbaf79a9cdb6a0ad9999419da5d5b2/500x500-000000-80-0-0.jpg","","verified_underrepresented_subgenre_depth","crossbreed;Crossbreed;curated_artist;playable_depth;underrepresented_subgenre_expansion_v18_20260820","catalog_depth","underrepresented_style_depth","published","high","Artista curado para Crossbreed; artista exato, gravação e prévia verificados no Deezer."
"crossbreed","Sinister Souls","Rise Again","Live It Up EP","","https://audio-ssl.itunes.apple.com/itunes-assets/AudioPreview115/v4/87/34/23/87342340-957e-3e44-875e-777a46757f75/mzaf_13222566829767172960.plus.aac.p.m4a","2013-03-04","314","","","Crossbreed","Sinister Souls foi curado para ampliar a profundidade de Crossbreed no catálogo.","underrepresented_subgenre_expansion_v18_20260820","https://music.apple.com/us/album/rise-again/606535282?i=606535413&uo=4","https://music.apple.com/us/album/rise-again/606535282?i=606535413&uo=4","","","https://is1-ssl.mzstatic.com/image/thumb/Music/v4/b2/b0/07/b2b007ad-2481-4ac8-0ad7-1937e2fa9830/887516249570.jpg/600x600bb.jpg","","verified_underrepresented_subgenre_depth","crossbreed;Crossbreed;curated_artist;playable_depth;underrepresented_subgenre_expansion_v18_20260820","catalog_depth","underrepresented_style_depth","published","high","Artista curado para Crossbreed; artista exato, gravação e prévia verificados no Apple Music."
"crossbreed","Sinister Souls","Tuh Tuh Duh (feat. eRRe)","Beat the Drum Hard","","https://audio-ssl.itunes.apple.com/itunes-assets/AudioPreview125/v4/29/e3/fa/29e3faab-8858-2cb7-895a-12ca438fa381/mzaf_4485242021025244819.plus.aac.p.m4a","2012-10-08","307","","","Crossbreed","Sinister Souls foi curado para ampliar a profundidade de Crossbreed no catálogo.","underrepresented_subgenre_expansion_v18_20260820","https://music.apple.com/us/album/tuh-tuh-duh-feat-erre/567142796?i=567142803&uo=4","https://music.apple.com/us/album/tuh-tuh-duh-feat-erre/567142796?i=567142803&uo=4","94187514","https://www.deezer.com/track/94187514","https://is1-ssl.mzstatic.com/image/thumb/Music/v4/78/69/82/7869824d-9111-df52-2517-9c7290a1afae/8790001147607.jpg/600x600bb.jpg","","verified_underrepresented_subgenre_depth","crossbreed;Crossbreed;curated_artist;playable_depth;underrepresented_subgenre_expansion_v18_20260820;itunes_verified;deezer_verified","catalog_depth","underrepresented_style_depth","published","high","Artista curado para Crossbreed; artista exato, gravação e prévia verificados em Apple Music e Deezer."
"crossbreed","Switch Technique","Changes Everything","Altered","","https://audio-ssl.itunes.apple.com/itunes-assets/AudioPreview125/v4/d5/fb/a3/d5fba3fc-206e-1c13-5395-357e8a08c1f6/mzaf_5022689252012426493.plus.aac.p.m4a","2011-12-12","322","","","Crossbreed","Switch Technique foi curado para ampliar a profundidade de Crossbreed no catálogo.","underrepresented_subgenre_expansion_v18_20260820","https://music.apple.com/us/album/changes-everything/478522714?i=478522884&uo=4","https://music.apple.com/us/album/changes-everything/478522714?i=478522884&uo=4","","","https://is1-ssl.mzstatic.com/image/thumb/Music/41/ea/92/mzi.zjdffddk.jpg/600x600bb.jpg","","verified_underrepresented_subgenre_depth","crossbreed;Crossbreed;curated_artist;playable_depth;underrepresented_subgenre_expansion_v18_20260820","catalog_depth","underrepresented_style_depth","published","high","Artista curado para Crossbreed; artista exato, gravação e prévia verificados no Apple Music."
"crossbreed","Switch Technique","Cursed Angel Revisited","Hybrid Series Part 2 - EP - Single","","https://audio-ssl.itunes.apple.com/itunes-assets/Music/v4/08/31/ee/0831eeeb-e50a-8fdd-8394-a1f831654a81/mzaf_8650529909854525339.plus.aac.p.m4a","2011-02-28","374","","","Crossbreed","Switch Technique foi curado para ampliar a profundidade de Crossbreed no catálogo.","underrepresented_subgenre_expansion_v18_20260820","https://music.apple.com/us/album/cursed-angel-revisited/421815580?i=421815593&uo=4","https://music.apple.com/us/album/cursed-angel-revisited/421815580?i=421815593&uo=4","","","https://is1-ssl.mzstatic.com/image/thumb/Music/c4/b5/14/mzi.oxunxpzn.jpg/600x600bb.jpg","","verified_underrepresented_subgenre_depth","crossbreed;Crossbreed;curated_artist;playable_depth;underrepresented_subgenre_expansion_v18_20260820;itunes_verified","catalog_depth","underrepresented_style_depth","published","high","Artista curado para Crossbreed; artista exato, gravação e prévia verificados em Apple Music."
"crossbreed","Switch Technique","Exo","Did / Exo - Single","","https://audio-ssl.itunes.apple.com/itunes-assets/AudioPreview125/v4/57/58/5d/57585d13-2266-a189-c49b-5a3446758dcd/mzaf_1352527683789176507.plus.aac.p.m4a","2011-02-21","385","","","Crossbreed","Switch Technique foi curado para ampliar a profundidade de Crossbreed no catálogo.","underrepresented_subgenre_expansion_v18_20260820","https://music.apple.com/us/album/exo/417437943?i=417437991&uo=4","https://music.apple.com/us/album/exo/417437943?i=417437991&uo=4","","","https://is1-ssl.mzstatic.com/image/thumb/Music/3d/e5/f2/mzi.jcsmkizm.jpg/600x600bb.jpg","","verified_underrepresented_subgenre_depth","crossbreed;Crossbreed;curated_artist;playable_depth;underrepresented_subgenre_expansion_v18_20260820","catalog_depth","underrepresented_style_depth","published","high","Artista curado para Crossbreed; artista exato, gravação e prévia verificados no Apple Music."
"crossbreed","Switch Technique","Kink","Altered","","https://audio-ssl.itunes.apple.com/itunes-assets/Music/v4/bb/fb/06/bbfb0608-3034-683d-4167-34ff4922e27b/mzaf_8109211580583518696.plus.aac.p.m4a","2011-12-12","318","","","Crossbreed","Switch Technique foi curado para ampliar a profundidade de Crossbreed no catálogo.","underrepresented_subgenre_expansion_v18_20260820","https://music.apple.com/us/album/kink/478522714?i=478522864&uo=4","https://music.apple.com/us/album/kink/478522714?i=478522864&uo=4","","","https://is1-ssl.mzstatic.com/image/thumb/Music/41/ea/92/mzi.zjdffddk.jpg/600x600bb.jpg","","verified_underrepresented_subgenre_depth","crossbreed;Crossbreed;curated_artist;playable_depth;underrepresented_subgenre_expansion_v18_20260820","catalog_depth","underrepresented_style_depth","published","high","Artista curado para Crossbreed; artista exato, gravação e prévia verificados no Apple Music."
"dark_ambient","Atrium Carceri","Endless Halls","The Old City (Original Soundtrack)","","https://audio-ssl.itunes.apple.com/itunes-assets/AudioPreview115/v4/25/ae/8a/25ae8a22-8755-d20f-440e-d3e3ca89b337/mzaf_8188026761158309117.plus.aac.p.m4a","2015-02-28","144","","","Dark Ambient","Atrium Carceri foi curado para ampliar a profundidade de Dark Ambient no catálogo.","underrepresented_subgenre_expansion_v18_20260820","https://music.apple.com/us/album/endless-halls/954744356?i=954744364&uo=4","https://music.apple.com/us/album/endless-halls/954744356?i=954744364&uo=4","92889124","https://www.deezer.com/track/92889124","https://is1-ssl.mzstatic.com/image/thumb/Music125/v4/c7/eb/0e/c7eb0e8b-da20-9868-b10a-88889ae4e6a2/889211294046.jpg/600x600bb.jpg","","verified_underrepresented_subgenre_depth","dark_ambient;Dark Ambient;curated_artist;playable_depth;underrepresented_subgenre_expansion_v18_20260820;itunes_verified;deezer_verified","catalog_depth","underrepresented_style_depth","published","high","Artista curado para Dark Ambient; artista exato, gravação e prévia verificados em Apple Music e Deezer."
"dark_ambient","Atrium Carceri","Intro / Menu","The Old City (Original Soundtrack)","","https://audio-ssl.itunes.apple.com/itunes-assets/AudioPreview115/v4/81/7b/85/817b8573-95b5-4837-af5d-77635aeb12fd/mzaf_12159108924094109314.plus.aac.p.m4a","2015-02-28","128","","","Dark Ambient","Atrium Carceri foi curado para ampliar a profundidade de Dark Ambient no catálogo.","underrepresented_subgenre_expansion_v18_20260820","https://music.apple.com/us/album/intro-menu/954744356?i=954744360&uo=4","https://music.apple.com/us/album/intro-menu/954744356?i=954744360&uo=4","","","https://is1-ssl.mzstatic.com/image/thumb/Music125/v4/c7/eb/0e/c7eb0e8b-da20-9868-b10a-88889ae4e6a2/889211294046.jpg/600x600bb.jpg","","verified_underrepresented_subgenre_depth","dark_ambient;Dark Ambient;curated_artist;playable_depth;underrepresented_subgenre_expansion_v18_20260820","catalog_depth","underrepresented_style_depth","published","high","Artista curado para Dark Ambient; artista exato, gravação e prévia verificados no Apple Music."
"dark_ambient","Atrium Carceri","Journey Home","The Old City (Original Soundtrack)","","https://audio-ssl.itunes.apple.com/itunes-assets/AudioPreview115/v4/78/37/a3/7837a3b2-fe00-04b6-cba7-a06969252563/mzaf_17010819436776616720.plus.aac.p.m4a","2015-02-28","261","","","Dark Ambient","Atrium Carceri foi curado para ampliar a profundidade de Dark Ambient no catálogo.","underrepresented_subgenre_expansion_v18_20260820","https://music.apple.com/us/album/journey-home/954744356?i=954744368&uo=4","https://music.apple.com/us/album/journey-home/954744356?i=954744368&uo=4","92889132","https://www.deezer.com/track/92889132","https://is1-ssl.mzstatic.com/image/thumb/Music125/v4/c7/eb/0e/c7eb0e8b-da20-9868-b10a-88889ae4e6a2/889211294046.jpg/600x600bb.jpg","","verified_underrepresented_subgenre_depth","dark_ambient;Dark Ambient;curated_artist;playable_depth;underrepresented_subgenre_expansion_v18_20260820;itunes_verified;deezer_verified","catalog_depth","underrepresented_style_depth","published","high","Artista curado para Dark Ambient; artista exato, gravação e prévia verificados em Apple Music e Deezer."
"dark_ambient","Atrium Carceri","Revelation from the Book of the Flesh","Forgotten Gods","","https://cdnt-preview.dzcdn.net/api/1/1/3/9/a/0/39ade3a6ad571d10bb306357d9c3e3f0.mp3?hdnea=exp=1787242643~acl=/api/1/1/3/9/a/0/39ade3a6ad571d10bb306357d9c3e3f0.mp3*~data=user_id=0,application_id=42~hmac=5b8348ae3693793df1b2d9fef617527045243fc61ea17ddd6316e053755177d7","","252","","","Dark Ambient","Atrium Carceri foi curado para ampliar a profundidade de Dark Ambient no catálogo.","underrepresented_subgenre_expansion_v18_20260820","https://www.deezer.com/track/2328187625","https://www.deezer.com/track/2328187625","2328187625","https://www.deezer.com/track/2328187625","https://cdn-images.dzcdn.net/images/cover/cd3185a7bc7193706da96d6fd2f60a16/500x500-000000-80-0-0.jpg","","verified_underrepresented_subgenre_depth","dark_ambient;Dark Ambient;curated_artist;playable_depth;underrepresented_subgenre_expansion_v18_20260820","catalog_depth","underrepresented_style_depth","published","high","Artista curado para Dark Ambient; artista exato, gravação e prévia verificados no Deezer."
"dark_ambient","Cities Last Broadcast","Antenna","The Cancelled Earth","","https://audio-ssl.itunes.apple.com/itunes-assets/AudioPreview125/v4/6d/6a/ef/6d6aefd6-a6c0-e716-e926-a96685d39742/mzaf_3224820534109148218.plus.aac.p.m4a","2009-05-22","400","","","Dark Ambient","Cities Last Broadcast foi curado para ampliar a profundidade de Dark Ambient no catálogo.","underrepresented_subgenre_expansion_v18_20260820","https://music.apple.com/us/album/antenna/327196721?i=327196917&uo=4","https://music.apple.com/us/album/antenna/327196721?i=327196917&uo=4","","","https://is1-ssl.mzstatic.com/image/thumb/Music/e4/91/c7/mzi.ypypdzco.jpg/600x600bb.jpg","","verified_underrepresented_subgenre_depth","dark_ambient;Dark Ambient;curated_artist;playable_depth;underrepresented_subgenre_expansion_v18_20260820","catalog_depth","underrepresented_style_depth","published","high","Artista curado para Dark Ambient; artista exato, gravação e prévia verificados no Apple Music."
"dark_ambient","Cities Last Broadcast","Bascule Bridge","The Cancelled Earth","","https://audio-ssl.itunes.apple.com/itunes-assets/AudioPreview115/v4/1e/39/1d/1e391df0-7168-5995-ea11-9185a9b47d69/mzaf_5542403766910218063.plus.aac.p.m4a","2009-05-22","353","","","Dark Ambient","Cities Last Broadcast foi curado para ampliar a profundidade de Dark Ambient no catálogo.","underrepresented_subgenre_expansion_v18_20260820","https://music.apple.com/us/album/bascule-bridge/327196721?i=327196994&uo=4","https://music.apple.com/us/album/bascule-bridge/327196721?i=327196994&uo=4","","","https://is1-ssl.mzstatic.com/image/thumb/Music/e4/91/c7/mzi.ypypdzco.jpg/600x600bb.jpg","","verified_underrepresented_subgenre_depth","dark_ambient;Dark Ambient;curated_artist;playable_depth;underrepresented_subgenre_expansion_v18_20260820","catalog_depth","underrepresented_style_depth","published","high","Artista curado para Dark Ambient; artista exato, gravação e prévia verificados no Apple Music."
"dark_ambient","Cities Last Broadcast","Cornerstone","The Cancelled Earth","","https://audio-ssl.itunes.apple.com/itunes-assets/AudioPreview125/v4/2d/94/23/2d942316-360b-903c-5a24-60c08df1ef35/mzaf_2087359181897232302.plus.aac.p.m4a","2009-05-22","355","","","Dark Ambient","Cities Last Broadcast foi curado para ampliar a profundidade de Dark Ambient no catálogo.","underrepresented_subgenre_expansion_v18_20260820","https://music.apple.com/us/album/cornerstone/327196721?i=327196906&uo=4","https://music.apple.com/us/album/cornerstone/327196721?i=327196906&uo=4","","","https://is1-ssl.mzstatic.com/image/thumb/Music/e4/91/c7/mzi.ypypdzco.jpg/600x600bb.jpg","","verified_underrepresented_subgenre_depth","dark_ambient;Dark Ambient;curated_artist;playable_depth;underrepresented_subgenre_expansion_v18_20260820","catalog_depth","underrepresented_style_depth","published","high","Artista curado para Dark Ambient; artista exato, gravação e prévia verificados no Apple Music."
"dark_ambient","Cities Last Broadcast","Lights Out","The Humming Tapes","","https://audio-ssl.itunes.apple.com/itunes-assets/AudioPreview115/v4/63/ad/db/63addb8b-9b2f-d508-773a-6d09ff054ad9/mzaf_1714449156952108355.plus.aac.p.m4a","2016-06-28","112","","","Dark Ambient","Cities Last Broadcast foi curado para ampliar a profundidade de Dark Ambient no catálogo.","underrepresented_subgenre_expansion_v18_20260820","https://music.apple.com/us/album/lights-out/1118614481?i=1118614484&uo=4","https://music.apple.com/us/album/lights-out/1118614481?i=1118614484&uo=4","","","https://is1-ssl.mzstatic.com/image/thumb/Music18/v4/f2/35/ef/f235ef8d-51b6-2566-25ad-34aea62fd251/666449932427.jpg/600x600bb.jpg","","verified_underrepresented_subgenre_depth","dark_ambient;Dark Ambient;curated_artist;playable_depth;underrepresented_subgenre_expansion_v18_20260820","catalog_depth","underrepresented_style_depth","published","high","Artista curado para Dark Ambient; artista exato, gravação e prévia verificados no Apple Music."
"dark_ambient","Desiderii Marginis","Adrift","Procession","","https://audio-ssl.itunes.apple.com/itunes-assets/AudioPreview125/v4/bb/b4/b7/bbb4b78d-fd5d-9d61-fd53-7daa030ea5eb/mzaf_7001552411133634815.plus.aac.p.m4a","2012-05-28","450","","","Dark Ambient","Desiderii Marginis foi curado para ampliar a profundidade de Dark Ambient no catálogo.","underrepresented_subgenre_expansion_v18_20260820","https://music.apple.com/us/album/adrift/1139708015?i=1139708294&uo=4","https://music.apple.com/us/album/adrift/1139708015?i=1139708294&uo=4","","","https://is1-ssl.mzstatic.com/image/thumb/Music18/v4/48/9a/f9/489af990-94c7-16e9-0b3c-0e066e47c0d9/190374998673.jpg/600x600bb.jpg","","verified_underrepresented_subgenre_depth","dark_ambient;Dark Ambient;curated_artist;playable_depth;underrepresented_subgenre_expansion_v18_20260820","catalog_depth","underrepresented_style_depth","published","high","Artista curado para Dark Ambient; artista exato, gravação e prévia verificados no Apple Music."
"dark_ambient","Desiderii Marginis","Capsule","Vita Arkivet","","https://audio-ssl.itunes.apple.com/itunes-assets/AudioPreview115/v4/ba/6d/2b/ba6d2b99-51e0-979f-821d-16cf199f5979/mzaf_12247490210718513554.plus.aac.p.m4a","2018-10-18","613","","","Dark Ambient","Desiderii Marginis foi curado para ampliar a profundidade de Dark Ambient no catálogo.","underrepresented_subgenre_expansion_v18_20260820","https://music.apple.com/us/album/capsule/1436668309?i=1436668322&uo=4","https://music.apple.com/us/album/capsule/1436668309?i=1436668322&uo=4","","","https://is1-ssl.mzstatic.com/image/thumb/Music128/v4/90/31/34/90313454-e042-7a93-8b86-e4ae4a2805d1/192562991886.jpg/600x600bb.jpg","","verified_underrepresented_subgenre_depth","dark_ambient;Dark Ambient;curated_artist;playable_depth;underrepresented_subgenre_expansion_v18_20260820","catalog_depth","underrepresented_style_depth","published","high","Artista curado para Dark Ambient; artista exato, gravação e prévia verificados no Apple Music."
"dark_ambient","Desiderii Marginis","Come Ruin and Rapture","Procession","","https://audio-ssl.itunes.apple.com/itunes-assets/AudioPreview125/v4/46/98/47/469847a2-69a5-c0be-4e67-6d125e86d8c3/mzaf_11642271197355995450.plus.aac.p.m4a","2012-05-28","368","","","Dark Ambient","Desiderii Marginis foi curado para ampliar a profundidade de Dark Ambient no catálogo.","underrepresented_subgenre_expansion_v18_20260820","https://music.apple.com/us/album/come-ruin-and-rapture/1139708015?i=1139708211&uo=4","https://music.apple.com/us/album/come-ruin-and-rapture/1139708015?i=1139708211&uo=4","","","https://is1-ssl.mzstatic.com/image/thumb/Music18/v4/48/9a/f9/489af990-94c7-16e9-0b3c-0e066e47c0d9/190374998673.jpg/600x600bb.jpg","","verified_underrepresented_subgenre_depth","dark_ambient;Dark Ambient;curated_artist;playable_depth;underrepresented_subgenre_expansion_v18_20260820","catalog_depth","underrepresented_style_depth","published","high","Artista curado para Dark Ambient; artista exato, gravação e prévia verificados no Apple Music."
"dark_ambient","Desiderii Marginis","Land of Strangers","Procession","","https://audio-ssl.itunes.apple.com/itunes-assets/AudioPreview125/v4/c0/db/08/c0db0844-8b19-30a4-f295-507cc9a81d9d/mzaf_9746835533903665457.plus.aac.p.m4a","2012-05-28","367","","","Dark Ambient","Desiderii Marginis foi curado para ampliar a profundidade de Dark Ambient no catálogo.","underrepresented_subgenre_expansion_v18_20260820","https://music.apple.com/us/album/land-of-strangers/1139708015?i=1139708239&uo=4","https://music.apple.com/us/album/land-of-strangers/1139708015?i=1139708239&uo=4","","","https://is1-ssl.mzstatic.com/image/thumb/Music18/v4/48/9a/f9/489af990-94c7-16e9-0b3c-0e066e47c0d9/190374998673.jpg/600x600bb.jpg","","verified_underrepresented_subgenre_depth","dark_ambient;Dark Ambient;curated_artist;playable_depth;underrepresented_subgenre_expansion_v18_20260820","catalog_depth","underrepresented_style_depth","published","high","Artista curado para Dark Ambient; artista exato, gravação e prévia verificados no Apple Music."
"dark_ambient","Kammarheit","A Room Between the Rooms","The Starwheel","","https://audio-ssl.itunes.apple.com/itunes-assets/AudioPreview115/v4/76/b1/dc/76b1dcaa-9cc4-7d67-2a53-24dde62bccbe/mzaf_12985261372022407202.plus.aac.p.m4a","2005-01-01","393","","","Dark Ambient","Kammarheit foi curado para ampliar a profundidade de Dark Ambient no catálogo.","underrepresented_subgenre_expansion_v18_20260820","https://music.apple.com/us/album/a-room-between-the-rooms/220399988?i=220400171&uo=4","https://music.apple.com/us/album/a-room-between-the-rooms/220399988?i=220400171&uo=4","","","https://is1-ssl.mzstatic.com/image/thumb/Music124/v4/00/8b/3e/008b3e86-25a0-e064-9a79-8bbc3cbcf063/843041050661.jpg/600x600bb.jpg","","verified_underrepresented_subgenre_depth","dark_ambient;Dark Ambient;curated_artist;playable_depth;underrepresented_subgenre_expansion_v18_20260820","catalog_depth","underrepresented_style_depth","published","high","Artista curado para Dark Ambient; artista exato, gravação e prévia verificados no Apple Music."
"dark_ambient","Kammarheit","Hiding","Asleep and Well Hidden","","https://audio-ssl.itunes.apple.com/itunes-assets/AudioPreview125/v4/ff/1c/ce/ff1cce8b-626f-c464-0b09-e596720d1ac7/mzaf_7626962937516270721.plus.aac.p.m4a","2003-01-01","387","","","Dark Ambient","Kammarheit foi curado para ampliar a profundidade de Dark Ambient no catálogo.","underrepresented_subgenre_expansion_v18_20260820","https://music.apple.com/us/album/hiding/252392835?i=252392840&uo=4","https://music.apple.com/us/album/hiding/252392835?i=252392840&uo=4","","","https://is1-ssl.mzstatic.com/image/thumb/Music125/v4/7a/3d/ee/7a3deead-fd08-248f-fc7a-4e7b6b554e3a/mzi.pvhnzrsd.jpg/600x600bb.jpg","","verified_underrepresented_subgenre_depth","dark_ambient;Dark Ambient;curated_artist;playable_depth;underrepresented_subgenre_expansion_v18_20260820","catalog_depth","underrepresented_style_depth","published","high","Artista curado para Dark Ambient; artista exato, gravação e prévia verificados no Apple Music."
"dark_ambient","Kammarheit","Hypnagoga","The Starwheel","","https://audio-ssl.itunes.apple.com/itunes-assets/AudioPreview125/v4/cc/24/ac/cc24aca9-7d8a-feae-3a19-3b12e52eb567/mzaf_5981063103005060923.plus.aac.p.m4a","2005-01-01","249","","","Dark Ambient","Kammarheit foi curado para ampliar a profundidade de Dark Ambient no catálogo.","underrepresented_subgenre_expansion_v18_20260820","https://music.apple.com/us/album/hypnagoga/220399988?i=220399993&uo=4","https://music.apple.com/us/album/hypnagoga/220399988?i=220399993&uo=4","","","https://is1-ssl.mzstatic.com/image/thumb/Music124/v4/00/8b/3e/008b3e86-25a0-e064-9a79-8bbc3cbcf063/843041050661.jpg/600x600bb.jpg","","verified_underrepresented_subgenre_depth","dark_ambient;Dark Ambient;curated_artist;playable_depth;underrepresented_subgenre_expansion_v18_20260820","catalog_depth","underrepresented_style_depth","published","high","Artista curado para Dark Ambient; artista exato, gravação e prévia verificados no Apple Music."
"dark_ambient","Kammarheit","The Ruins and the Serene","Asleep and Well Hidden","","https://audio-ssl.itunes.apple.com/itunes-assets/AudioPreview125/v4/90/1a/f9/901af91b-dc5c-228b-b4af-54c97ba7b4ef/mzaf_4177331301275622544.plus.aac.p.m4a","2003-01-01","431","","","Dark Ambient","Kammarheit foi curado para ampliar a profundidade de Dark Ambient no catálogo.","underrepresented_subgenre_expansion_v18_20260820","https://music.apple.com/us/album/the-ruins-and-the-serene/252392835?i=252393001&uo=4","https://music.apple.com/us/album/the-ruins-and-the-serene/252392835?i=252393001&uo=4","","","https://is1-ssl.mzstatic.com/image/thumb/Music125/v4/7a/3d/ee/7a3deead-fd08-248f-fc7a-4e7b6b554e3a/mzi.pvhnzrsd.jpg/600x600bb.jpg","","verified_underrepresented_subgenre_depth","dark_ambient;Dark Ambient;curated_artist;playable_depth;underrepresented_subgenre_expansion_v18_20260820","catalog_depth","underrepresented_style_depth","published","high","Artista curado para Dark Ambient; artista exato, gravação e prévia verificados no Apple Music."
"dark_ambient","Northaunt","Istid III, Pt. II","Istid III","","https://audio-ssl.itunes.apple.com/itunes-assets/AudioPreview125/v4/18/84/ad/1884add7-173c-9bc9-870b-94e18467fd81/mzaf_8383604003620967460.plus.aac.p.m4a","2018-01-22","502","","","Dark Ambient","Northaunt foi curado para ampliar a profundidade de Dark Ambient no catálogo.","underrepresented_subgenre_expansion_v18_20260820","https://music.apple.com/us/album/istid-iii-pt-ii/1339075336?i=1339075352&uo=4","https://music.apple.com/us/album/istid-iii-pt-ii/1339075336?i=1339075352&uo=4","","","https://is1-ssl.mzstatic.com/image/thumb/Music62/v4/3d/8b/47/3d8b470e-8678-0a4a-7fd7-9564f6d5647f/5050580686649.png/600x600bb.jpg","","verified_underrepresented_subgenre_depth","dark_ambient;Dark Ambient;curated_artist;playable_depth;underrepresented_subgenre_expansion_v18_20260820","catalog_depth","underrepresented_style_depth","published","high","Artista curado para Dark Ambient; artista exato, gravação e prévia verificados no Apple Music."
"dark_ambient","Northaunt","Night Came to Us","Horizons","","https://audio-ssl.itunes.apple.com/itunes-assets/AudioPreview125/v4/79/d1/16/79d116d4-3a95-c4e4-9d24-9a380f9a4602/mzaf_13171245811655015172.plus.aac.p.m4a","2006-03-17","857","","","Dark Ambient","Northaunt foi curado para ampliar a profundidade de Dark Ambient no catálogo.","underrepresented_subgenre_expansion_v18_20260820","https://music.apple.com/us/album/night-came-to-us/218202532?i=218202649&uo=4","https://music.apple.com/us/album/night-came-to-us/218202532?i=218202649&uo=4","","","https://is1-ssl.mzstatic.com/image/thumb/Music/56/c9/5b/mzi.mmqtncng.jpg/600x600bb.jpg","","verified_underrepresented_subgenre_depth","dark_ambient;Dark Ambient;curated_artist;playable_depth;underrepresented_subgenre_expansion_v18_20260820","catalog_depth","underrepresented_style_depth","published","high","Artista curado para Dark Ambient; artista exato, gravação e prévia verificados no Apple Music."
"dark_ambient","Northaunt","The Autumn Sky","Horizons","","https://audio-ssl.itunes.apple.com/itunes-assets/AudioPreview125/v4/45/bc/0a/45bc0a07-1497-2b78-1db3-9abe222ed69e/mzaf_3409536525195360182.plus.aac.p.m4a","2006-03-17","252","","","Dark Ambient","Northaunt foi curado para ampliar a profundidade de Dark Ambient no catálogo.","underrepresented_subgenre_expansion_v18_20260820","https://music.apple.com/us/album/the-autumn-sky/218202532?i=218202867&uo=4","https://music.apple.com/us/album/the-autumn-sky/218202532?i=218202867&uo=4","10849336","https://www.deezer.com/track/10849336","https://is1-ssl.mzstatic.com/image/thumb/Music/56/c9/5b/mzi.mmqtncng.jpg/600x600bb.jpg","","verified_underrepresented_subgenre_depth","dark_ambient;Dark Ambient;curated_artist;playable_depth;underrepresented_subgenre_expansion_v18_20260820;itunes_verified;deezer_verified","catalog_depth","underrepresented_style_depth","published","high","Artista curado para Dark Ambient; artista exato, gravação e prévia verificados em Apple Music e Deezer."
"dark_ambient","Northaunt","With the Stars As Witness","Horizons","","https://audio-ssl.itunes.apple.com/itunes-assets/AudioPreview125/v4/2f/2a/e4/2f2ae47f-f4c9-9c33-b950-ae2fd0083804/mzaf_8659570687657988586.plus.aac.p.m4a","2006-03-17","545","","","Dark Ambient","Northaunt foi curado para ampliar a profundidade de Dark Ambient no catálogo.","underrepresented_subgenre_expansion_v18_20260820","https://music.apple.com/us/album/with-the-stars-as-witness/218202532?i=218202978&uo=4","https://music.apple.com/us/album/with-the-stars-as-witness/218202532?i=218202978&uo=4","","","https://is1-ssl.mzstatic.com/image/thumb/Music/56/c9/5b/mzi.mmqtncng.jpg/600x600bb.jpg","","verified_underrepresented_subgenre_depth","dark_ambient;Dark Ambient;curated_artist;playable_depth;underrepresented_subgenre_expansion_v18_20260820","catalog_depth","underrepresented_style_depth","published","high","Artista curado para Dark Ambient; artista exato, gravação e prévia verificados no Apple Music."
"dream_trance","DJ Dado","Dreaming","The Films Collection","","https://audio-ssl.itunes.apple.com/itunes-assets/AudioPreview115/v4/0c/38/f3/0c38f3ed-19c1-816d-9a91-673046ef31f1/mzaf_7518679891222065213.plus.aac.p.m4a","2000-10-04","245","","","Dream Trance","DJ Dado foi curado para ampliar a profundidade de Dream Trance no catálogo.","underrepresented_subgenre_expansion_v18_20260820","https://music.apple.com/us/album/dreaming/352989002?i=352989081&uo=4","https://music.apple.com/us/album/dreaming/352989002?i=352989081&uo=4","5385160","https://www.deezer.com/track/5385160","https://is1-ssl.mzstatic.com/image/thumb/Music/f2/4e/33/mzi.qayikdmd.tif/600x600bb.jpg","","verified_underrepresented_subgenre_depth","dream_trance;Dream Trance;curated_artist;playable_depth;underrepresented_subgenre_expansion_v18_20260820;itunes_verified;deezer_verified","catalog_depth","underrepresented_style_depth","published","high","Artista curado para Dream Trance; artista exato, gravação e prévia verificados em Apple Music e Deezer."
"dream_trance","DJ Dado","I'm in love","The best of DJ Dado - New collection 2022","","https://cdnt-preview.dzcdn.net/api/1/1/8/a/1/0/8a1775d39a0f24d7cc6cd6164340f000.mp3?hdnea=exp=1787242675~acl=/api/1/1/8/a/1/0/8a1775d39a0f24d7cc6cd6164340f000.mp3*~data=user_id=0,application_id=42~hmac=4064e43baf18acc8186cc5e34943ead34c80a337f4d5df9d271d424db8a37cbf","","304","","","Dream Trance","DJ Dado foi curado para ampliar a profundidade de Dream Trance no catálogo.","underrepresented_subgenre_expansion_v18_20260820","https://www.deezer.com/track/1780623967","https://www.deezer.com/track/1780623967","1780623967","https://www.deezer.com/track/1780623967","https://cdn-images.dzcdn.net/images/cover/599a8f1eb7d2d7a19436cfdb3541fb3f/500x500-000000-80-0-0.jpg","","verified_underrepresented_subgenre_depth","dream_trance;Dream Trance;curated_artist;playable_depth;underrepresented_subgenre_expansion_v18_20260820","catalog_depth","underrepresented_style_depth","published","high","Artista curado para Dream Trance; artista exato, gravação e prévia verificados no Deezer."
"dream_trance","DJ Dado","Shine on you crazy diamond","The best of DJ Dado - New collection 2022","","https://cdnt-preview.dzcdn.net/api/1/1/8/7/4/0/874fc89774c2570c4d8e18c9415b75a6.mp3?hdnea=exp=1787242675~acl=/api/1/1/8/7/4/0/874fc89774c2570c4d8e18c9415b75a6.mp3*~data=user_id=0,application_id=42~hmac=c28c31b7fe1c69b74b03bde91af43914c2ae58ddaed4996c4093f243e80ef34d","","287","","","Dream Trance","DJ Dado foi curado para ampliar a profundidade de Dream Trance no catálogo.","underrepresented_subgenre_expansion_v18_20260820","https://www.deezer.com/track/1780623987","https://www.deezer.com/track/1780623987","1780623987","https://www.deezer.com/track/1780623987","https://cdn-images.dzcdn.net/images/cover/599a8f1eb7d2d7a19436cfdb3541fb3f/500x500-000000-80-0-0.jpg","","verified_underrepresented_subgenre_depth","dream_trance;Dream Trance;curated_artist;playable_depth;underrepresented_subgenre_expansion_v18_20260820","catalog_depth","underrepresented_style_depth","published","high","Artista curado para Dream Trance; artista exato, gravação e prévia verificados no Deezer."
"dream_trance","DJ Dado","Twin peaks theme","The Films Collection","","https://audio-ssl.itunes.apple.com/itunes-assets/AudioPreview125/v4/18/ac/01/18ac01af-63a5-df12-89bb-0c3200106124/mzaf_14953616256887856337.plus.aac.p.m4a","2000-10-04","261","","","Dream Trance","DJ Dado foi curado para ampliar a profundidade de Dream Trance no catálogo.","underrepresented_subgenre_expansion_v18_20260820","https://music.apple.com/us/album/twin-peaks-theme/352989002?i=352989085&uo=4","https://music.apple.com/us/album/twin-peaks-theme/352989002?i=352989085&uo=4","5385161","https://www.deezer.com/track/5385161","https://is1-ssl.mzstatic.com/image/thumb/Music/f2/4e/33/mzi.qayikdmd.tif/600x600bb.jpg","","verified_underrepresented_subgenre_depth","dream_trance;Dream Trance;curated_artist;playable_depth;underrepresented_subgenre_expansion_v18_20260820;itunes_verified;deezer_verified","catalog_depth","underrepresented_style_depth","published","high","Artista curado para Dream Trance; artista exato, gravação e prévia verificados em Apple Music e Deezer."
"dream_trance","Nylon Moon","800 (Original Version)","Heartage","","https://audio-ssl.itunes.apple.com/itunes-assets/AudioPreview123/v4/90/d0/97/90d097ff-da9e-9213-8aee-7dc194a4c963/mzaf_16796124490195771010.plus.aac.p.m4a","1997-04-09","355","","","Dream Trance","Nylon Moon foi curado para ampliar a profundidade de Dream Trance no catálogo.","underrepresented_subgenre_expansion_v18_20260820","https://music.apple.com/us/album/800-original-version/1510364810?i=1510364832&uo=4","https://music.apple.com/us/album/800-original-version/1510364810?i=1510364832&uo=4","","","https://is1-ssl.mzstatic.com/image/thumb/Music113/v4/e0/c2/47/e0c24754-c009-b9df-91e0-757310543149/DBX004.jpg/600x600bb.jpg","","verified_underrepresented_subgenre_depth","dream_trance;Dream Trance;curated_artist;playable_depth;underrepresented_subgenre_expansion_v18_20260820;itunes_verified","catalog_depth","underrepresented_style_depth","published","high","Artista curado para Dream Trance; artista exato, gravação e prévia verificados em Apple Music."
"dream_trance","Nylon Moon","Angels of Love (Original Version)","Heartage","","https://audio-ssl.itunes.apple.com/itunes-assets/AudioPreview113/v4/e7/23/a8/e723a817-888f-a574-f486-7beb1a869054/mzaf_13879194472523669937.plus.aac.p.m4a","1997-04-09","323","","","Dream Trance","Nylon Moon foi curado para ampliar a profundidade de Dream Trance no catálogo.","underrepresented_subgenre_expansion_v18_20260820","https://music.apple.com/us/album/angels-of-love-original-version/1510364810?i=1510364823&uo=4","https://music.apple.com/us/album/angels-of-love-original-version/1510364810?i=1510364823&uo=4","","","https://is1-ssl.mzstatic.com/image/thumb/Music113/v4/e0/c2/47/e0c24754-c009-b9df-91e0-757310543149/DBX004.jpg/600x600bb.jpg","","verified_underrepresented_subgenre_depth","dream_trance;Dream Trance;curated_artist;playable_depth;underrepresented_subgenre_expansion_v18_20260820;itunes_verified","catalog_depth","underrepresented_style_depth","published","high","Artista curado para Dream Trance; artista exato, gravação e prévia verificados em Apple Music."
"dream_trance","Nylon Moon","Magic Notes","Heartage","","https://audio-ssl.itunes.apple.com/itunes-assets/AudioPreview221/v4/26/17/43/261743d5-efbf-a1a1-2c44-43adcf5adcc3/mzaf_5856877879618225599.plus.aac.p.m4a","1997-04-09","388","","","Dream Trance","Nylon Moon foi curado para ampliar a profundidade de Dream Trance no catálogo.","underrepresented_subgenre_expansion_v18_20260820","https://music.apple.com/us/album/magic-notes/1851274518?i=1851274603&uo=4","https://music.apple.com/us/album/magic-notes/1851274518?i=1851274603&uo=4","","","https://is1-ssl.mzstatic.com/image/thumb/Music221/v4/ee/ff/b4/eeffb441-c327-c5e8-5860-fd7cf289a2d9/8020219024446.jpg/600x600bb.jpg","","verified_underrepresented_subgenre_depth","dream_trance;Dream Trance;curated_artist;playable_depth;underrepresented_subgenre_expansion_v18_20260820;itunes_verified","catalog_depth","underrepresented_style_depth","published","high","Artista curado para Dream Trance; artista exato, gravação e prévia verificados em Apple Music."
"dream_trance","Nylon Moon","Stairs of Life (Secret Generation)","Sky Plus - EP","","https://audio-ssl.itunes.apple.com/itunes-assets/AudioPreview211/v4/82/c6/47/82c6477c-74e6-e10c-e9b8-cd322af84cd3/mzaf_10978707554715299400.plus.aac.p.m4a","1995-03-09","454","","","Dream Trance","Nylon Moon foi curado para ampliar a profundidade de Dream Trance no catálogo.","underrepresented_subgenre_expansion_v18_20260820","https://music.apple.com/us/album/stairs-of-life-secret-generation/1851131618?i=1851131626&uo=4","https://music.apple.com/us/album/stairs-of-life-secret-generation/1851131618?i=1851131626&uo=4","","","https://is1-ssl.mzstatic.com/image/thumb/Music221/v4/7e/99/c2/7e99c242-ea24-bab0-bb80-17a5462121ad/3610154076881.jpg/600x600bb.jpg","","verified_underrepresented_subgenre_depth","dream_trance;Dream Trance;curated_artist;playable_depth;underrepresented_subgenre_expansion_v18_20260820;itunes_verified","catalog_depth","underrepresented_style_depth","published","high","Artista curado para Dream Trance; artista exato, gravação e prévia verificados em Apple Music."
"dream_trance","Roland Brant","Hot Sunrise","Censored Selection","","https://audio-ssl.itunes.apple.com/itunes-assets/AudioPreview115/v4/91/ff/a9/91ffa942-4084-fdba-9e6d-d592ec83099d/mzaf_3314174558725158525.plus.aac.p.m4a","2011-03-22","386","","","Dream Trance","Roland Brant foi curado para ampliar a profundidade de Dream Trance no catálogo.","underrepresented_subgenre_expansion_v18_20260820","https://music.apple.com/us/album/hot-sunrise/427791206?i=427791211&uo=4","https://music.apple.com/us/album/hot-sunrise/427791206?i=427791211&uo=4","","","https://is1-ssl.mzstatic.com/image/thumb/Music/07/fe/93/mzi.mkjhcudr.jpg/600x600bb.jpg","","verified_underrepresented_subgenre_depth","dream_trance;Dream Trance;curated_artist;playable_depth;underrepresented_subgenre_expansion_v18_20260820","catalog_depth","underrepresented_style_depth","published","high","Artista curado para Dream Trance; artista exato, gravação e prévia verificados no Apple Music."
"dream_trance","Roland Brant","New Hurricane","Censored Selection","","https://audio-ssl.itunes.apple.com/itunes-assets/AudioPreview115/v4/f8/d2/74/f8d2741b-7e1a-f36c-d457-f3f652f29e30/mzaf_7745203191959698538.plus.aac.p.m4a","2011-03-22","510","","","Dream Trance","Roland Brant foi curado para ampliar a profundidade de Dream Trance no catálogo.","underrepresented_subgenre_expansion_v18_20260820","https://music.apple.com/us/album/new-hurricane/427791206?i=427791219&uo=4","https://music.apple.com/us/album/new-hurricane/427791206?i=427791219&uo=4","","","https://is1-ssl.mzstatic.com/image/thumb/Music/07/fe/93/mzi.mkjhcudr.jpg/600x600bb.jpg","","verified_underrepresented_subgenre_depth","dream_trance;Dream Trance;curated_artist;playable_depth;underrepresented_subgenre_expansion_v18_20260820","catalog_depth","underrepresented_style_depth","published","high","Artista curado para Dream Trance; artista exato, gravação e prévia verificados no Apple Music."
"dream_trance","Roland Brant","NUCLEAR SUN (MEMORIES)","NUCLEAR SUN (MEMORIES)","","https://cdnt-preview.dzcdn.net/api/1/1/a/e/5/0/ae5a9e85d6e9feb7cedc4f5d651e6f94.mp3?hdnea=exp=1787242677~acl=/api/1/1/a/e/5/0/ae5a9e85d6e9feb7cedc4f5d651e6f94.mp3*~data=user_id=0,application_id=42~hmac=3b028fc24896e21faa1f536cb935c7210b8e4fa8fd68f2887b0cc1fb3270f63f","","202","","","Dream Trance","Roland Brant foi curado para ampliar a profundidade de Dream Trance no catálogo.","underrepresented_subgenre_expansion_v18_20260820","https://www.deezer.com/track/3802138682","https://www.deezer.com/track/3802138682","3802138682","https://www.deezer.com/track/3802138682","https://cdn-images.dzcdn.net/images/cover/521dfe4db1ded52ed102b013ea0fb012/500x500-000000-80-0-0.jpg","","verified_underrepresented_subgenre_depth","dream_trance;Dream Trance;curated_artist;playable_depth;underrepresented_subgenre_expansion_v18_20260820","catalog_depth","underrepresented_style_depth","published","high","Artista curado para Dream Trance; artista exato, gravação e prévia verificados no Deezer."
"dream_trance","Roland Brant","Xpheno","Censored Selection","","https://audio-ssl.itunes.apple.com/itunes-assets/AudioPreview125/v4/e7/d7/99/e7d79971-1b43-12bc-9540-671cdcef95f1/mzaf_12417730676807012975.plus.aac.p.m4a","2011-03-22","393","","","Dream Trance","Roland Brant foi curado para ampliar a profundidade de Dream Trance no catálogo.","underrepresented_subgenre_expansion_v18_20260820","https://music.apple.com/us/album/xpheno/427791206?i=427791207&uo=4","https://music.apple.com/us/album/xpheno/427791206?i=427791207&uo=4","","","https://is1-ssl.mzstatic.com/image/thumb/Music/07/fe/93/mzi.mkjhcudr.jpg/600x600bb.jpg","","verified_underrepresented_subgenre_depth","dream_trance;Dream Trance;curated_artist;playable_depth;underrepresented_subgenre_expansion_v18_20260820","catalog_depth","underrepresented_style_depth","published","high","Artista curado para Dream Trance; artista exato, gravação e prévia verificados no Apple Music."
"dream_trance","Taucher","In your arms","Faces","","https://cdnt-preview.dzcdn.net/api/1/1/5/2/f/0/52fb7ab847e11ba548add22824eb0e4a.mp3?hdnea=exp=1787242678~acl=/api/1/1/5/2/f/0/52fb7ab847e11ba548add22824eb0e4a.mp3*~data=user_id=0,application_id=42~hmac=974063bc10ecb5e9a63adf06c56c4721a9f4e99b64785effa72d7b9cdd543b60","","347","","","Dream Trance","Taucher foi curado para ampliar a profundidade de Dream Trance no catálogo.","underrepresented_subgenre_expansion_v18_20260820","https://www.deezer.com/track/514971872","https://www.deezer.com/track/514971872","514971872","https://www.deezer.com/track/514971872","https://cdn-images.dzcdn.net/images/cover/591be4798e24bd1f8772e4793b2306dd/500x500-000000-80-0-0.jpg","","verified_underrepresented_subgenre_depth","dream_trance;Dream Trance;curated_artist;playable_depth;underrepresented_subgenre_expansion_v18_20260820","catalog_depth","underrepresented_style_depth","published","high","Artista curado para Dream Trance; artista exato, gravação e prévia verificados no Deezer."
"dream_trance","Taucher","Infinity","Return To Atlantis","","https://cdnt-preview.dzcdn.net/api/1/1/d/2/3/0/d238fea670e003c9561e376d2f15c269.mp3?hdnea=exp=1787242678~acl=/api/1/1/d/2/3/0/d238fea670e003c9561e376d2f15c269.mp3*~data=user_id=0,application_id=42~hmac=9068cb994e9869327acda67d58dff1d978d9a4e33cf95f178201ecbf73c1a174","","452","","","Dream Trance","Taucher foi curado para ampliar a profundidade de Dream Trance no catálogo.","underrepresented_subgenre_expansion_v18_20260820","https://www.deezer.com/track/13254679","https://www.deezer.com/track/13254679","13254679","https://www.deezer.com/track/13254679","https://cdn-images.dzcdn.net/images/cover/d4aff973c14454c587f03dfe9f02ece9/500x500-000000-80-0-0.jpg","","verified_underrepresented_subgenre_depth","dream_trance;Dream Trance;curated_artist;playable_depth;underrepresented_subgenre_expansion_v18_20260820","catalog_depth","underrepresented_style_depth","published","high","Artista curado para Dream Trance; artista exato, gravação e prévia verificados no Deezer."
"dream_trance","Taucher","Lava","Synergy II - The Story Continues","","https://cdnt-preview.dzcdn.net/api/1/1/2/1/8/0/218f1d7c2a10e94b53b7be29e982bba2.mp3?hdnea=exp=1787242678~acl=/api/1/1/2/1/8/0/218f1d7c2a10e94b53b7be29e982bba2.mp3*~data=user_id=0,application_id=42~hmac=efd649c76f3432672a3350ef112db2f0962de9ee68a8ced71a078e4298250ce6","","238","","","Dream Trance","Taucher foi curado para ampliar a profundidade de Dream Trance no catálogo.","underrepresented_subgenre_expansion_v18_20260820","https://www.deezer.com/track/7508819","https://www.deezer.com/track/7508819","7508819","https://www.deezer.com/track/7508819","https://cdn-images.dzcdn.net/images/cover/ea0a4efc46213b3bf43c6ec3a6e4481a/500x500-000000-80-0-0.jpg","","verified_underrepresented_subgenre_depth","dream_trance;Dream Trance;curated_artist;playable_depth;underrepresented_subgenre_expansion_v18_20260820","catalog_depth","underrepresented_style_depth","published","high","Artista curado para Dream Trance; artista exato, gravação e prévia verificados no Deezer."
"dream_trance","Taucher","Mental Thing","Return To Atlantis","","https://cdnt-preview.dzcdn.net/api/1/1/0/5/0/0/050532cb98e6e410538603decfeebd0b.mp3?hdnea=exp=1787242678~acl=/api/1/1/0/5/0/0/050532cb98e6e410538603decfeebd0b.mp3*~data=user_id=0,application_id=42~hmac=68b5301711de746241a54c956d525e1c85973a7ba24ffd77e336282d10c826dd","","395","","","Dream Trance","Taucher foi curado para ampliar a profundidade de Dream Trance no catálogo.","underrepresented_subgenre_expansion_v18_20260820","https://www.deezer.com/track/13254687","https://www.deezer.com/track/13254687","13254687","https://www.deezer.com/track/13254687","https://cdn-images.dzcdn.net/images/cover/d4aff973c14454c587f03dfe9f02ece9/500x500-000000-80-0-0.jpg","","verified_underrepresented_subgenre_depth","dream_trance;Dream Trance;curated_artist;playable_depth;underrepresented_subgenre_expansion_v18_20260820","catalog_depth","underrepresented_style_depth","published","high","Artista curado para Dream Trance; artista exato, gravação e prévia verificados no Deezer."
"dream_trance","Zhi-Vago","Celebrate the Love","Nº1 90's Vol. 5","","https://audio-ssl.itunes.apple.com/itunes-assets/AudioPreview221/v4/44/20/49/442049fd-ab08-2b19-8f5d-3d98b93e1216/mzaf_763837693446476043.plus.aac.p.m4a","1996-03-26","250","","","Dream Trance","Zhi-Vago foi curado para ampliar a profundidade de Dream Trance no catálogo.","underrepresented_subgenre_expansion_v18_20260820","https://music.apple.com/us/album/celebrate-the-love/1834932575?i=1834932893&uo=4","https://music.apple.com/us/album/celebrate-the-love/1834932575?i=1834932893&uo=4","3522454251","https://www.deezer.com/track/3522454251","https://is1-ssl.mzstatic.com/image/thumb/Music221/v4/41/92/da/4192dacc-37b1-1975-1fbf-5ec7c4389760/195497222070.jpg/600x600bb.jpg","","verified_underrepresented_subgenre_depth","dream_trance;Dream Trance;curated_artist;playable_depth;underrepresented_subgenre_expansion_v18_20260820;itunes_verified;deezer_verified","catalog_depth","underrepresented_style_depth","published","high","Artista curado para Dream Trance; artista exato, gravação e prévia verificados em Apple Music e Deezer."
"dream_trance","Zhi-Vago","Dreamer","Dreamer","","https://cdnt-preview.dzcdn.net/api/1/1/a/8/3/0/a83778d4fcb563e7778d25b8c46a2fef.mp3?hdnea=exp=1787242677~acl=/api/1/1/a/8/3/0/a83778d4fcb563e7778d25b8c46a2fef.mp3*~data=user_id=0,application_id=42~hmac=74dc862008204ed5024e36b5b1c0eb8e1bee57df095c0a4313a761ce6fc037d4","","243","","","Dream Trance","Zhi-Vago foi curado para ampliar a profundidade de Dream Trance no catálogo.","underrepresented_subgenre_expansion_v18_20260820","https://www.deezer.com/track/3522454311","https://www.deezer.com/track/3522454311","3522454321","https://www.deezer.com/track/3522454321","https://cdn-images.dzcdn.net/images/cover/c1cd07da3341fbb9e652d5f49f3bb93d/500x500-000000-80-0-0.jpg","","verified_underrepresented_subgenre_depth","dream_trance;Dream Trance;curated_artist;playable_depth;underrepresented_subgenre_expansion_v18_20260820;deezer_verified","catalog_depth","underrepresented_style_depth","published","high","Artista curado para Dream Trance; artista exato, gravação e prévia verificados em Deezer."
"dream_trance","Zhi-Vago","High On Wine","Zhivago","","https://audio-ssl.itunes.apple.com/itunes-assets/Music/8c/97/66/mzm.qdiktbfi.aac.p.m4a","2006-01-01","438","","","Dream Trance","Zhi-Vago foi curado para ampliar a profundidade de Dream Trance no catálogo.","underrepresented_subgenre_expansion_v18_20260820","https://music.apple.com/us/album/high-on-wine/378230214?i=378230323&uo=4","https://music.apple.com/us/album/high-on-wine/378230214?i=378230323&uo=4","","","https://is1-ssl.mzstatic.com/image/thumb/Music/78/5c/88/mzi.xbppwlwy.jpg/600x600bb.jpg","","verified_underrepresented_subgenre_depth","dream_trance;Dream Trance;curated_artist;playable_depth;underrepresented_subgenre_expansion_v18_20260820","catalog_depth","underrepresented_style_depth","published","high","Artista curado para Dream Trance; artista exato, gravação e prévia verificados no Apple Music."
"dream_trance","Zhi-Vago","Silueta","Silueta","","https://audio-ssl.itunes.apple.com/itunes-assets/AudioPreview113/v4/26/2d/1e/262d1e1d-6742-73a8-1a29-965fc890c0ee/mzaf_15945734136810344099.plus.aac.p.m4a","2017-07-28","185","","","Dream Trance","Zhi-Vago foi curado para ampliar a profundidade de Dream Trance no catálogo.","underrepresented_subgenre_expansion_v18_20260820","https://music.apple.com/us/album/silueta/1487146711?i=1487146870&uo=4","https://music.apple.com/us/album/silueta/1487146711?i=1487146870&uo=4","","","https://is1-ssl.mzstatic.com/image/thumb/Music123/v4/78/28/96/78289622-1af1-1cbf-22dc-571e1cd19f12/194491541996.jpg/600x600bb.jpg","","verified_underrepresented_subgenre_depth","dream_trance;Dream Trance;curated_artist;playable_depth;underrepresented_subgenre_expansion_v18_20260820","catalog_depth","underrepresented_style_depth","published","high","Artista curado para Dream Trance; artista exato, gravação e prévia verificados no Apple Music."
"electroacoustic","Beatriz Ferreyra","Deux Dents Dehors","Huellas Entreveradas - EP","","https://audio-ssl.itunes.apple.com/itunes-assets/AudioPreview115/v4/93/0b/a1/930ba111-03d8-ea12-9360-62454387d7b2/mzaf_1359143087730931797.plus.aac.p.m4a","2020-05-05","240","","","Electroacoustic","Beatriz Ferreyra foi curado para ampliar a profundidade de Electroacoustic no catálogo.","underrepresented_subgenre_expansion_v18_20260820","https://music.apple.com/us/album/deux-dents-dehors/1501607922?i=1501607930&uo=4","https://music.apple.com/us/album/deux-dents-dehors/1501607922?i=1501607930&uo=4","","","https://is1-ssl.mzstatic.com/image/thumb/Music114/v4/ad/c1/fa/adc1fa1f-f103-08ce-d5fa-25c83d1ff26b/cover.jpg/600x600bb.jpg","","verified_underrepresented_subgenre_depth","electroacoustic;Electroacoustic;curated_artist;playable_depth;underrepresented_subgenre_expansion_v18_20260820","catalog_depth","underrepresented_style_depth","published","high","Artista curado para Electroacoustic; artista exato, gravação e prévia verificados no Apple Music."
"electroacoustic","Beatriz Ferreyra","Huellas Entreveradas","Huellas Entreveradas - EP","","https://audio-ssl.itunes.apple.com/itunes-assets/AudioPreview125/v4/4c/b8/7a/4cb87a8a-f1b1-31be-4e39-bd4c468508ff/mzaf_5750917727915637139.plus.aac.p.m4a","2020-05-05","875","","","Electroacoustic","Beatriz Ferreyra foi curado para ampliar a profundidade de Electroacoustic no catálogo.","underrepresented_subgenre_expansion_v18_20260820","https://music.apple.com/us/album/huellas-entreveradas/1501607922?i=1501607924&uo=4","https://music.apple.com/us/album/huellas-entreveradas/1501607922?i=1501607924&uo=4","","","https://is1-ssl.mzstatic.com/image/thumb/Music114/v4/ad/c1/fa/adc1fa1f-f103-08ce-d5fa-25c83d1ff26b/cover.jpg/600x600bb.jpg","","verified_underrepresented_subgenre_depth","electroacoustic;Electroacoustic;curated_artist;playable_depth;underrepresented_subgenre_expansion_v18_20260820","catalog_depth","underrepresented_style_depth","published","high","Artista curado para Electroacoustic; artista exato, gravação e prévia verificados no Apple Music."
"electroacoustic","Beatriz Ferreyra","L'autre ... Ou Le Chant Des Marecages","Echos+","","https://audio-ssl.itunes.apple.com/itunes-assets/AudioPreview115/v4/01/ce/0b/01ce0bbc-545b-c690-877b-dd626291ede5/mzaf_16928707760496645281.plus.aac.p.m4a","2020-03-20","754","","","Electroacoustic","Beatriz Ferreyra foi curado para ampliar a profundidade de Electroacoustic no catálogo.","underrepresented_subgenre_expansion_v18_20260820","https://music.apple.com/us/album/lautre-ou-le-chant-des-marecages/1495301906?i=1495301911&uo=4","https://music.apple.com/us/album/lautre-ou-le-chant-des-marecages/1495301906?i=1495301911&uo=4","","","https://is1-ssl.mzstatic.com/image/thumb/Music113/v4/fa/ce/ad/facead84-d4ee-4418-7bd2-cbd4a4a2002c/194491877316.jpg/600x600bb.jpg","","verified_underrepresented_subgenre_depth","electroacoustic;Electroacoustic;curated_artist;playable_depth;underrepresented_subgenre_expansion_v18_20260820","catalog_depth","underrepresented_style_depth","published","high","Artista curado para Electroacoustic; artista exato, gravação e prévia verificados no Apple Music."
"electroacoustic","Beatriz Ferreyra","La Ba-Balle du Chien-Chien a la Me-Mere","Huellas Entreveradas - EP","","https://audio-ssl.itunes.apple.com/itunes-assets/AudioPreview125/v4/5e/5e/14/5e5e1474-4abf-2534-2188-0c9e36090d89/mzaf_9560518046328110036.plus.aac.p.m4a","2020-05-05","678","","","Electroacoustic","Beatriz Ferreyra foi curado para ampliar a profundidade de Electroacoustic no catálogo.","underrepresented_subgenre_expansion_v18_20260820","https://music.apple.com/us/album/la-ba-balle-du-chien-chien-a-la-me-mere/1501607922?i=1501607926&uo=4","https://music.apple.com/us/album/la-ba-balle-du-chien-chien-a-la-me-mere/1501607922?i=1501607926&uo=4","","","https://is1-ssl.mzstatic.com/image/thumb/Music114/v4/ad/c1/fa/adc1fa1f-f103-08ce-d5fa-25c83d1ff26b/cover.jpg/600x600bb.jpg","","verified_underrepresented_subgenre_depth","electroacoustic;Electroacoustic;curated_artist;playable_depth;underrepresented_subgenre_expansion_v18_20260820","catalog_depth","underrepresented_style_depth","published","high","Artista curado para Electroacoustic; artista exato, gravação e prévia verificados no Apple Music."
"electroacoustic","Hildegard Westerkamp","Gently Penetrating","Harangue II","","https://audio-ssl.itunes.apple.com/itunes-assets/Music/v4/ef/9f/b5/ef9fb5bc-b9e0-4f63-462b-355046bd96f0/mzaf_6482529276339603895.plus.aac.p.m4a","1998-01-01","846","","","Electroacoustic","Hildegard Westerkamp foi curado para ampliar a profundidade de Electroacoustic no catálogo.","underrepresented_subgenre_expansion_v18_20260820","https://music.apple.com/us/album/gently-penetrating/576957817?i=576957822&uo=4","https://music.apple.com/us/album/gently-penetrating/576957817?i=576957822&uo=4","","","https://is1-ssl.mzstatic.com/image/thumb/Music/v4/28/3e/56/283e56de-3057-ff0f-56a7-3826926bf962/773833964077.jpg/600x600bb.jpg","","verified_underrepresented_subgenre_depth","electroacoustic;Electroacoustic;curated_artist;playable_depth;underrepresented_subgenre_expansion_v18_20260820","catalog_depth","underrepresented_style_depth","published","high","Artista curado para Electroacoustic; artista exato, gravação e prévia verificados no Apple Music."
"electroacoustic","Hildegard Westerkamp","Gently Penetrating Beneath the Sounding Surfaces of Another Place","Into India","","https://audio-ssl.itunes.apple.com/itunes-assets/Music/v4/d4/9b/33/d49b3365-d6e2-9a19-c249-823b8b9a316a/mzaf_9096188971264149391.plus.aac.p.m4a","1998-01-01","842","","","Electroacoustic","Hildegard Westerkamp foi curado para ampliar a profundidade de Electroacoustic no catálogo.","underrepresented_subgenre_expansion_v18_20260820","https://music.apple.com/us/album/gently-penetrating-beneath-the-sounding-surfaces/576961910?i=576962002&uo=4","https://music.apple.com/us/album/gently-penetrating-beneath-the-sounding-surfaces/576961910?i=576962002&uo=4","","","https://is1-ssl.mzstatic.com/image/thumb/Music/v4/d9/58/f0/d958f087-8f67-ba46-7d53-985862ab25fb/777215104181.jpg/600x600bb.jpg","","verified_underrepresented_subgenre_depth","electroacoustic;Electroacoustic;curated_artist;playable_depth;underrepresented_subgenre_expansion_v18_20260820","catalog_depth","underrepresented_style_depth","published","high","Artista curado para Electroacoustic; artista exato, gravação e prévia verificados no Apple Music."
"electroacoustic","Hildegard Westerkamp","Into the Labyrinth","Into India","","https://audio-ssl.itunes.apple.com/itunes-assets/Music/v4/ed/74/e8/ed74e8a7-c976-0a36-ba60-4995319e5adb/mzaf_7768327036688285374.plus.aac.p.m4a","2002-01-01","901","","","Electroacoustic","Hildegard Westerkamp foi curado para ampliar a profundidade de Electroacoustic no catálogo.","underrepresented_subgenre_expansion_v18_20260820","https://music.apple.com/us/album/into-the-labyrinth/576961910?i=576962003&uo=4","https://music.apple.com/us/album/into-the-labyrinth/576961910?i=576962003&uo=4","","","https://is1-ssl.mzstatic.com/image/thumb/Music/v4/d9/58/f0/d958f087-8f67-ba46-7d53-985862ab25fb/777215104181.jpg/600x600bb.jpg","","verified_underrepresented_subgenre_depth","electroacoustic;Electroacoustic;curated_artist;playable_depth;underrepresented_subgenre_expansion_v18_20260820","catalog_depth","underrepresented_style_depth","published","high","Artista curado para Electroacoustic; artista exato, gravação e prévia verificados no Apple Music."
"electroacoustic","Hildegard Westerkamp","Talking Rain","Harangue I","","https://audio-ssl.itunes.apple.com/itunes-assets/AudioPreview62/v4/93/a9/9a/93a99a75-e574-dd7b-fcd4-4e6354c4e9ff/mzaf_8070861148769659041.plus.aac.p.m4a","1998-01-01","1051","","","Electroacoustic","Hildegard Westerkamp foi curado para ampliar a profundidade de Electroacoustic no catálogo.","underrepresented_subgenre_expansion_v18_20260820","https://music.apple.com/us/album/talking-rain/589024074?i=589024085&uo=4","https://music.apple.com/us/album/talking-rain/589024074?i=589024085&uo=4","","","https://is1-ssl.mzstatic.com/image/thumb/Music/v4/61/e9/83/61e98391-4c34-23ee-978e-7e80d3f177bd/ES-98001.jpg/600x600bb.jpg","","verified_underrepresented_subgenre_depth","electroacoustic;Electroacoustic;curated_artist;playable_depth;underrepresented_subgenre_expansion_v18_20260820","catalog_depth","underrepresented_style_depth","published","high","Artista curado para Electroacoustic; artista exato, gravação e prévia verificados no Apple Music."
"electroacoustic","Iannis Xenakis","Persepolis #1","Persepolis","","https://audio-ssl.itunes.apple.com/itunes-assets/AudioPreview125/v4/8f/c7/27/8fc7277d-b3d5-04cc-8540-cd34ecc1b452/mzaf_17174051114557146748.plus.aac.p.m4a","2018-03-02","298","","","Electroacoustic","Iannis Xenakis foi curado para ampliar a profundidade de Electroacoustic no catálogo.","underrepresented_subgenre_expansion_v18_20260820","https://music.apple.com/us/album/persepolis-1/1339761491?i=1339761509&uo=4","https://music.apple.com/us/album/persepolis-1/1339761491?i=1339761509&uo=4","","","https://is1-ssl.mzstatic.com/image/thumb/Music124/v4/00/7c/20/007c20e0-e436-7424-7e58-566abfd2c785/5050580680937.png/600x600bb.jpg","","verified_underrepresented_subgenre_depth","electroacoustic;Electroacoustic;curated_artist;playable_depth;underrepresented_subgenre_expansion_v18_20260820","catalog_depth","underrepresented_style_depth","published","high","Artista curado para Electroacoustic; artista exato, gravação e prévia verificados no Apple Music."
"electroacoustic","Iannis Xenakis","Persepolis #2","Persepolis","","https://audio-ssl.itunes.apple.com/itunes-assets/AudioPreview125/v4/0e/44/17/0e4417be-3db1-71e2-5942-5e43790a3a05/mzaf_17548281084578704751.plus.aac.p.m4a","2018-03-02","401","","","Electroacoustic","Iannis Xenakis foi curado para ampliar a profundidade de Electroacoustic no catálogo.","underrepresented_subgenre_expansion_v18_20260820","https://music.apple.com/us/album/persepolis-2/1339761491?i=1339761510&uo=4","https://music.apple.com/us/album/persepolis-2/1339761491?i=1339761510&uo=4","","","https://is1-ssl.mzstatic.com/image/thumb/Music124/v4/00/7c/20/007c20e0-e436-7424-7e58-566abfd2c785/5050580680937.png/600x600bb.jpg","","verified_underrepresented_subgenre_depth","electroacoustic;Electroacoustic;curated_artist;playable_depth;underrepresented_subgenre_expansion_v18_20260820","catalog_depth","underrepresented_style_depth","published","high","Artista curado para Electroacoustic; artista exato, gravação e prévia verificados no Apple Music."
"electroacoustic","Iannis Xenakis","Persepolis #3","Persepolis","","https://audio-ssl.itunes.apple.com/itunes-assets/AudioPreview125/v4/28/26/f4/2826f445-8af6-2272-9b99-c92bd1fe6ee0/mzaf_1165551381258785798.plus.aac.p.m4a","2018-03-02","302","","","Electroacoustic","Iannis Xenakis foi curado para ampliar a profundidade de Electroacoustic no catálogo.","underrepresented_subgenre_expansion_v18_20260820","https://music.apple.com/us/album/persepolis-3/1339761491?i=1339761511&uo=4","https://music.apple.com/us/album/persepolis-3/1339761491?i=1339761511&uo=4","","","https://is1-ssl.mzstatic.com/image/thumb/Music124/v4/00/7c/20/007c20e0-e436-7424-7e58-566abfd2c785/5050580680937.png/600x600bb.jpg","","verified_underrepresented_subgenre_depth","electroacoustic;Electroacoustic;curated_artist;playable_depth;underrepresented_subgenre_expansion_v18_20260820","catalog_depth","underrepresented_style_depth","published","high","Artista curado para Electroacoustic; artista exato, gravação e prévia verificados no Apple Music."
"electroacoustic","Iannis Xenakis","Persepolis #5","Persepolis","","https://audio-ssl.itunes.apple.com/itunes-assets/AudioPreview125/v4/96/8c/b4/968cb41d-cea1-533d-cb7e-5be48cd07ab1/mzaf_15370406892229147362.plus.aac.p.m4a","2018-03-02","337","","","Electroacoustic","Iannis Xenakis foi curado para ampliar a profundidade de Electroacoustic no catálogo.","underrepresented_subgenre_expansion_v18_20260820","https://music.apple.com/us/album/persepolis-5/1339761491?i=1339761513&uo=4","https://music.apple.com/us/album/persepolis-5/1339761491?i=1339761513&uo=4","","","https://is1-ssl.mzstatic.com/image/thumb/Music124/v4/00/7c/20/007c20e0-e436-7424-7e58-566abfd2c785/5050580680937.png/600x600bb.jpg","","verified_underrepresented_subgenre_depth","electroacoustic;Electroacoustic;curated_artist;playable_depth;underrepresented_subgenre_expansion_v18_20260820","catalog_depth","underrepresented_style_depth","published","high","Artista curado para Electroacoustic; artista exato, gravação e prévia verificados no Apple Music."
"electroacoustic","Luc Ferrari","Didascalies","Didascalies","","https://audio-ssl.itunes.apple.com/itunes-assets/AudioPreview125/v4/57/46/a2/5746a260-1950-9293-e9d7-8470b5395879/mzaf_14283162639256827985.plus.aac.p.m4a","2007-05-16","908","","","Electroacoustic","Luc Ferrari foi curado para ampliar a profundidade de Electroacoustic no catálogo.","underrepresented_subgenre_expansion_v18_20260820","https://music.apple.com/us/album/didascalies/259117189?i=259117685&uo=4","https://music.apple.com/us/album/didascalies/259117189?i=259117685&uo=4","","","https://is1-ssl.mzstatic.com/image/thumb/Music/c1/95/94/mzi.igfhdwom.jpg/600x600bb.jpg","","verified_underrepresented_subgenre_depth","electroacoustic;Electroacoustic;curated_artist;playable_depth;underrepresented_subgenre_expansion_v18_20260820","catalog_depth","underrepresented_style_depth","published","high","Artista curado para Electroacoustic; artista exato, gravação e prévia verificados no Apple Music."
"electroacoustic","Luc Ferrari","Presque rien avec files","Acousmatrix - The History of Electronic Music III","","https://audio-ssl.itunes.apple.com/itunes-assets/AudioPreview115/v4/4b/84/74/4b847425-8ae4-6d14-d7a5-09591a6aa154/mzaf_3956699507643732391.plus.aac.p.m4a","1998-01-01","848","","","Electroacoustic","Luc Ferrari foi curado para ampliar a profundidade de Electroacoustic no catálogo.","underrepresented_subgenre_expansion_v18_20260820","https://music.apple.com/us/album/presque-rien-avec-files/835112441?i=835112542&uo=4","https://music.apple.com/us/album/presque-rien-avec-files/835112441?i=835112542&uo=4","","","https://is1-ssl.mzstatic.com/image/thumb/Music/v4/bf/82/e0/bf82e0d2-8e77-70ef-4e52-79fbf300cfec/786497543724.jpg/600x600bb.jpg","","verified_underrepresented_subgenre_depth","electroacoustic;Electroacoustic;curated_artist;playable_depth;underrepresented_subgenre_expansion_v18_20260820","catalog_depth","underrepresented_style_depth","published","high","Artista curado para Electroacoustic; artista exato, gravação e prévia verificados no Apple Music."
"electroacoustic","Luc Ferrari","Strathoven","Acousmatrix - The History of Electronic Music III","","https://audio-ssl.itunes.apple.com/itunes-assets/Music/v4/82/dc/09/82dc0991-2b46-f7e7-8242-622763b80486/mzaf_669591358912298346.plus.aac.p.m4a","2002-10-19","210","","","Electroacoustic","Luc Ferrari foi curado para ampliar a profundidade de Electroacoustic no catálogo.","underrepresented_subgenre_expansion_v18_20260820","https://music.apple.com/us/album/strathoven/835112441?i=835112539&uo=4","https://music.apple.com/us/album/strathoven/835112441?i=835112539&uo=4","","","https://is1-ssl.mzstatic.com/image/thumb/Music/v4/bf/82/e0/bf82e0d2-8e77-70ef-4e52-79fbf300cfec/786497543724.jpg/600x600bb.jpg","","verified_underrepresented_subgenre_depth","electroacoustic;Electroacoustic;curated_artist;playable_depth;underrepresented_subgenre_expansion_v18_20260820","catalog_depth","underrepresented_style_depth","published","high","Artista curado para Electroacoustic; artista exato, gravação e prévia verificados no Apple Music."
"electroacoustic","Luc Ferrari","Tu m'écoutes (1977)","Photophonie","","https://audio-ssl.itunes.apple.com/itunes-assets/AudioPreview124/v4/67/59/04/675904b8-58a4-5fde-ef76-bdc10ad0bdfa/mzaf_860188292179043146.plus.aac.p.m4a","2020-10-02","281","","","Electroacoustic","Luc Ferrari foi curado para ampliar a profundidade de Electroacoustic no catálogo.","underrepresented_subgenre_expansion_v18_20260820","https://music.apple.com/us/album/tu-m%C3%A9coutes-1977/1533805038?i=1533805357&uo=4","https://music.apple.com/us/album/tu-m%C3%A9coutes-1977/1533805038?i=1533805357&uo=4","","","https://is1-ssl.mzstatic.com/image/thumb/Music114/v4/a8/9c/15/a89c1586-dad5-d196-9cea-5aa9b4ccd5e0/195497238446.jpg/600x600bb.jpg","","verified_underrepresented_subgenre_depth","electroacoustic;Electroacoustic;curated_artist;playable_depth;underrepresented_subgenre_expansion_v18_20260820","catalog_depth","underrepresented_style_depth","published","high","Artista curado para Electroacoustic; artista exato, gravação e prévia verificados no Apple Music."
"electroacoustic","Trevor Wishart","Arrival","Arrival - EP","","https://audio-ssl.itunes.apple.com/itunes-assets/AudioPreview118/v4/5e/ec/fd/5eecfdee-b639-7653-9b55-178eeb053fd7/mzaf_807569033334739455.plus.aac.p.m4a","2018-06-07","1100","","","Electroacoustic","Trevor Wishart foi curado para ampliar a profundidade de Electroacoustic no catálogo.","underrepresented_subgenre_expansion_v18_20260820","https://music.apple.com/us/album/arrival/1418156565?i=1418156574&uo=4","https://music.apple.com/us/album/arrival/1418156565?i=1418156574&uo=4","","","https://is1-ssl.mzstatic.com/image/thumb/Music128/v4/a0/86/3b/a0863b61-800d-1c2c-1b60-6bc5d72c5c32/cover.jpg/600x600bb.jpg","","verified_underrepresented_subgenre_depth","electroacoustic;Electroacoustic;curated_artist;playable_depth;underrepresented_subgenre_expansion_v18_20260820","catalog_depth","underrepresented_style_depth","published","high","Artista curado para Electroacoustic; artista exato, gravação e prévia verificados no Apple Music."
"electroacoustic","Trevor Wishart","Contrapunctus","Fanfare and Contrapunctus / Imago","","https://audio-ssl.itunes.apple.com/itunes-assets/AudioPreview114/v4/f1/99/57/f19957c4-725e-0771-c9fd-1941cab83873/mzaf_5377148733540155313.plus.aac.p.m4a","2010-06-01","223","","","Electroacoustic","Trevor Wishart foi curado para ampliar a profundidade de Electroacoustic no catálogo.","underrepresented_subgenre_expansion_v18_20260820","https://music.apple.com/us/album/contrapunctus/1501590476?i=1501590520&uo=4","https://music.apple.com/us/album/contrapunctus/1501590476?i=1501590520&uo=4","","","https://is1-ssl.mzstatic.com/image/thumb/Music114/v4/77/ac/58/77ac580e-b785-ca03-5c70-331b712bee38/cover.jpg/600x600bb.jpg","","verified_underrepresented_subgenre_depth","electroacoustic;Electroacoustic;curated_artist;playable_depth;underrepresented_subgenre_expansion_v18_20260820","catalog_depth","underrepresented_style_depth","published","high","Artista curado para Electroacoustic; artista exato, gravação e prévia verificados no Apple Music."
"electroacoustic","Trevor Wishart","Fanfare","Fanfare and Contrapunctus / Imago","","https://audio-ssl.itunes.apple.com/itunes-assets/AudioPreview125/v4/fb/c2/a5/fbc2a585-541d-2767-a1c6-22430344f7f4/mzaf_15425163911365729428.plus.aac.p.m4a","2010-06-01","412","","","Electroacoustic","Trevor Wishart foi curado para ampliar a profundidade de Electroacoustic no catálogo.","underrepresented_subgenre_expansion_v18_20260820","https://music.apple.com/us/album/fanfare/1501590476?i=1501590483&uo=4","https://music.apple.com/us/album/fanfare/1501590476?i=1501590483&uo=4","","","https://is1-ssl.mzstatic.com/image/thumb/Music114/v4/77/ac/58/77ac580e-b785-ca03-5c70-331b712bee38/cover.jpg/600x600bb.jpg","","verified_underrepresented_subgenre_depth","electroacoustic;Electroacoustic;curated_artist;playable_depth;underrepresented_subgenre_expansion_v18_20260820","catalog_depth","underrepresented_style_depth","published","high","Artista curado para Electroacoustic; artista exato, gravação e prévia verificados no Apple Music."
"electroacoustic","Trevor Wishart","Two Women: Stentor","Arrival - EP","","https://audio-ssl.itunes.apple.com/itunes-assets/AudioPreview128/v4/64/f4/c1/64f4c1eb-7b1d-4286-e311-f4c95caf8cb1/mzaf_3148157286283743966.plus.aac.p.m4a","2018-06-07","148","","","Electroacoustic","Trevor Wishart foi curado para ampliar a profundidade de Electroacoustic no catálogo.","underrepresented_subgenre_expansion_v18_20260820","https://music.apple.com/us/album/two-women-stentor/1418156565?i=1418156575&uo=4","https://music.apple.com/us/album/two-women-stentor/1418156565?i=1418156575&uo=4","","","https://is1-ssl.mzstatic.com/image/thumb/Music128/v4/a0/86/3b/a0863b61-800d-1c2c-1b60-6bc5d72c5c32/cover.jpg/600x600bb.jpg","","verified_underrepresented_subgenre_depth","electroacoustic;Electroacoustic;curated_artist;playable_depth;underrepresented_subgenre_expansion_v18_20260820","catalog_depth","underrepresented_style_depth","published","high","Artista curado para Electroacoustic; artista exato, gravação e prévia verificados no Apple Music."
"extratone","Aekhloria","Fate Is Sealed","Fate Is Sealed - Single","","https://audio-ssl.itunes.apple.com/itunes-assets/AudioPreview123/v4/e5/bd/62/e5bd6247-ff56-a743-7ae3-4c5af70a0949/mzaf_915318385095963464.plus.aac.p.m4a","2020-04-26","196","","","Extratone","Aekhloria foi curado para ampliar a profundidade de Extratone no catálogo.","underrepresented_subgenre_expansion_v18_20260820","https://music.apple.com/us/album/fate-is-sealed/1511287500?i=1511287501&uo=4","https://music.apple.com/us/album/fate-is-sealed/1511287500?i=1511287501&uo=4","","","https://is1-ssl.mzstatic.com/image/thumb/Music113/v4/8e/df/e6/8edfe65b-4070-9463-ce20-fa20295bfdc7/artwork.jpg/600x600bb.jpg","https://sunhiausa.bandcamp.com/track/extratone-is-your-destiny-aekhlori-edit","verified_underrepresented_subgenre_depth","extratone;Extratone;curated_artist;playable_depth;underrepresented_subgenre_expansion_v18_20260820","catalog_depth","underrepresented_style_depth","published","high","Artista curado para Extratone; artista exato, gravação e prévia verificados no Apple Music."
"extratone","Aekhloria","Stars Can't Shine","Stars Can't Shine - Single","","https://audio-ssl.itunes.apple.com/itunes-assets/AudioPreview124/v4/07/99/8d/07998df6-efb1-9830-0e97-a06b859c89a5/mzaf_8244800106133097699.plus.aac.p.m4a","2020-11-14","181","","","Extratone","Aekhloria foi curado para ampliar a profundidade de Extratone no catálogo.","underrepresented_subgenre_expansion_v18_20260820","https://music.apple.com/us/album/stars-cant-shine/1540425116?i=1540425117&uo=4","https://music.apple.com/us/album/stars-cant-shine/1540425116?i=1540425117&uo=4","1142793262","https://www.deezer.com/track/1142793262","https://is1-ssl.mzstatic.com/image/thumb/Music114/v4/e5/4b/50/e54b5096-02ba-e52c-4461-2f4f459575de/artwork.jpg/600x600bb.jpg","https://sunhiausa.bandcamp.com/track/extratone-is-your-destiny-aekhlori-edit","verified_underrepresented_subgenre_depth","extratone;Extratone;curated_artist;playable_depth;underrepresented_subgenre_expansion_v18_20260820;itunes_verified;deezer_verified","catalog_depth","underrepresented_style_depth","published","high","Artista curado para Extratone; artista exato, gravação e prévia verificados em Apple Music e Deezer."
"extratone","Aekhloria","The Dark Field","The Dark Field - Single","","https://audio-ssl.itunes.apple.com/itunes-assets/AudioPreview122/v4/76/5d/63/765d6301-1dfd-1e0d-7fd0-17fd2fe2958e/mzaf_6278561777825813044.plus.aac.p.m4a","2022-10-08","198","","","Extratone","Aekhloria foi curado para ampliar a profundidade de Extratone no catálogo.","underrepresented_subgenre_expansion_v18_20260820","https://music.apple.com/us/album/the-dark-field/1648053948?i=1648053949&uo=4","https://music.apple.com/us/album/the-dark-field/1648053948?i=1648053949&uo=4","","","https://is1-ssl.mzstatic.com/image/thumb/Music122/v4/7d/51/38/7d51380a-87c0-b9ca-3aba-bb837e23c938/artwork.jpg/600x600bb.jpg","https://sunhiausa.bandcamp.com/track/extratone-is-your-destiny-aekhlori-edit","verified_underrepresented_subgenre_depth","extratone;Extratone;curated_artist;playable_depth;underrepresented_subgenre_expansion_v18_20260820","catalog_depth","underrepresented_style_depth","published","high","Artista curado para Extratone; artista exato, gravação e prévia verificados no Apple Music."
"extratone","Aekhloria","Timeless Heresy","Timeless Heresy - Single","","https://audio-ssl.itunes.apple.com/itunes-assets/AudioPreview116/v4/b4/03/5d/b4035d77-f614-eaf4-fc6f-efaba7b72f4d/mzaf_14246601409694902857.plus.aac.p.m4a","2023-05-04","139","","","Extratone","Aekhloria foi curado para ampliar a profundidade de Extratone no catálogo.","underrepresented_subgenre_expansion_v18_20260820","https://music.apple.com/us/album/timeless-heresy/1685716280?i=1685716281&uo=4","https://music.apple.com/us/album/timeless-heresy/1685716280?i=1685716281&uo=4","","","https://is1-ssl.mzstatic.com/image/thumb/Music116/v4/25/cd/52/25cd5243-b0c4-966f-ba87-b075306486c7/artwork.jpg/600x600bb.jpg","https://sunhiausa.bandcamp.com/track/extratone-is-your-destiny-aekhlori-edit","verified_underrepresented_subgenre_depth","extratone;Extratone;curated_artist;playable_depth;underrepresented_subgenre_expansion_v18_20260820","catalog_depth","underrepresented_style_depth","published","high","Artista curado para Extratone; artista exato, gravação e prévia verificados no Apple Music."
"extratone","DJ Skull Vomit","Antigoon (Stazma Illegaly Violent Remix)","Chaos Propaganda - EP","","https://audio-ssl.itunes.apple.com/itunes-assets/Music/v4/d3/e6/cb/d3e6cbe7-9947-56c4-a7ba-afc5ec8c990b/mzaf_5751150974986461246.plus.aac.p.m4a","2012-08-31","249","","","Extratone","DJ Skull Vomit foi curado para ampliar a profundidade de Extratone no catálogo.","underrepresented_subgenre_expansion_v18_20260820","https://music.apple.com/us/album/antigoon-stazma-illegaly-violent-remix/634497000?i=634497334&uo=4","https://music.apple.com/us/album/antigoon-stazma-illegaly-violent-remix/634497000?i=634497334&uo=4","","","https://is1-ssl.mzstatic.com/image/thumb/Music2/v4/91/9c/dd/919cdd43-f4f1-48a3-c6d7-3e7259b2c247/cover.jpg/600x600bb.jpg","https://sunhiausa.bandcamp.com/track/extratone-is-your-destiny-aekhlori-edit","verified_underrepresented_subgenre_depth","extratone;Extratone;curated_artist;playable_depth;underrepresented_subgenre_expansion_v18_20260820;itunes_verified","catalog_depth","underrepresented_style_depth","published","high","Artista curado para Extratone; artista exato, gravação e prévia verificados em Apple Music."
"extratone","DJ Skull Vomit","Funeral Class [feat. Speedranch]","Welter Skelter","","https://audio-ssl.itunes.apple.com/itunes-assets/Music/88/39/a7/mzi.jamiqvuw.aac.p.m4a","2012-08-31","338","","","Extratone","DJ Skull Vomit foi curado para ampliar a profundidade de Extratone no catálogo.","underrepresented_subgenre_expansion_v18_20260820","https://music.apple.com/us/album/funeral-class-feat-speedranch/551902908?i=551902933&uo=4","https://music.apple.com/us/album/funeral-class-feat-speedranch/551902908?i=551902933&uo=4","","","https://is1-ssl.mzstatic.com/image/thumb/Music124/v4/c9/13/61/c91361da-35c5-78e6-c253-0ec38e336674/cover.jpg/600x600bb.jpg","https://sunhiausa.bandcamp.com/track/extratone-is-your-destiny-aekhlori-edit","verified_underrepresented_subgenre_depth","extratone;Extratone;curated_artist;playable_depth;underrepresented_subgenre_expansion_v18_20260820","catalog_depth","underrepresented_style_depth","published","high","Artista curado para Extratone; artista exato, gravação e prévia verificados no Apple Music."
"extratone","DJ Skull Vomit","Internet Exploder (Passenger of Shit Remix)","Deadly Observation","","https://audio-ssl.itunes.apple.com/itunes-assets/AudioPreview118/v4/27/5e/74/275e7482-d88d-4069-8893-05e92e371c82/mzaf_5020392068417328547.plus.aac.p.m4a","2017-12-01","225","","","Extratone","DJ Skull Vomit foi curado para ampliar a profundidade de Extratone no catálogo.","underrepresented_subgenre_expansion_v18_20260820","https://music.apple.com/us/album/internet-exploder-passenger-of-shit-remix/1319337225?i=1319338062&uo=4","https://music.apple.com/us/album/internet-exploder-passenger-of-shit-remix/1319337225?i=1319338062&uo=4","","","https://is1-ssl.mzstatic.com/image/thumb/Music118/v4/23/39/56/23395692-9f2d-0b3d-a59a-dd0f848d4e42/8790001225312.png/600x600bb.jpg","https://sunhiausa.bandcamp.com/track/extratone-is-your-destiny-aekhlori-edit","verified_underrepresented_subgenre_depth","extratone;Extratone;curated_artist;playable_depth;underrepresented_subgenre_expansion_v18_20260820;itunes_verified","catalog_depth","underrepresented_style_depth","published","high","Artista curado para Extratone; artista exato, gravação e prévia verificados em Apple Music."
"extratone","DJ Skull Vomit","The Parietal Extinction","Haemorrhage - EP","","https://audio-ssl.itunes.apple.com/itunes-assets/AudioPreview211/v4/27/d6/8d/27d68dec-1ec9-4521-1aba-49ab981dc797/mzaf_7086093706662593561.plus.aac.p.m4a","2025-03-18","268","","","Extratone","DJ Skull Vomit foi curado para ampliar a profundidade de Extratone no catálogo.","underrepresented_subgenre_expansion_v18_20260820","https://music.apple.com/us/album/the-parietal-extinction/1802233038?i=1802233039&uo=4","https://music.apple.com/us/album/the-parietal-extinction/1802233038?i=1802233039&uo=4","","","https://is1-ssl.mzstatic.com/image/thumb/Music221/v4/e3/de/df/e3dedf58-a808-ed29-2714-132bf0520c55/8721215000495.png/600x600bb.jpg","https://sunhiausa.bandcamp.com/track/extratone-is-your-destiny-aekhlori-edit","verified_underrepresented_subgenre_depth","extratone;Extratone;curated_artist;playable_depth;underrepresented_subgenre_expansion_v18_20260820","catalog_depth","underrepresented_style_depth","published","high","Artista curado para Extratone; artista exato, gravação e prévia verificados no Apple Music."
"extratone","Kobaryo","Bookmaker","Fionaredica - Single","","https://audio-ssl.itunes.apple.com/itunes-assets/AudioPreview125/v4/92/1f/a2/921fa216-94c1-efdc-e633-c3b69628f249/mzaf_10165805722083679652.plus.aac.p.m4a","2019-04-19","263","","","Extratone","Kobaryo foi curado para ampliar a profundidade de Extratone no catálogo.","underrepresented_subgenre_expansion_v18_20260820","https://music.apple.com/us/album/bookmaker/1461971423?i=1461971457&uo=4","https://music.apple.com/us/album/bookmaker/1461971423?i=1461971457&uo=4","666216432","https://www.deezer.com/track/666216432","https://is1-ssl.mzstatic.com/image/thumb/Music123/v4/25/36/fa/2536fa76-856a-36e1-2eb5-c9f15c2ed082/0753215261581.png/600x600bb.jpg","https://sunhiausa.bandcamp.com/track/extratone-is-your-destiny-aekhlori-edit","verified_underrepresented_subgenre_depth","extratone;Extratone;curated_artist;playable_depth;underrepresented_subgenre_expansion_v18_20260820;itunes_verified;deezer_verified","catalog_depth","underrepresented_style_depth","published","high","Artista curado para Extratone; artista exato, gravação e prévia verificados em Apple Music e Deezer."
"extratone","Kobaryo","Orbital Laser","Orbital Laser - Single","","https://audio-ssl.itunes.apple.com/itunes-assets/AudioPreview211/v4/3e/6a/ff/3e6affa3-64cb-d7fb-807b-110b5982a6c4/mzaf_4058032141988710532.plus.aac.p.m4a","2025-07-04","176","","","Extratone","Kobaryo foi curado para ampliar a profundidade de Extratone no catálogo.","underrepresented_subgenre_expansion_v18_20260820","https://music.apple.com/us/album/orbital-laser/1823239382?i=1823239384&uo=4","https://music.apple.com/us/album/orbital-laser/1823239382?i=1823239384&uo=4","3434376691","https://www.deezer.com/track/3434376691","https://is1-ssl.mzstatic.com/image/thumb/Music221/v4/32/1a/cf/321acf53-39b7-66b7-be8c-004478f66839/4550710366713_cover.png/600x600bb.jpg","https://sunhiausa.bandcamp.com/track/extratone-is-your-destiny-aekhlori-edit","verified_underrepresented_subgenre_depth","extratone;Extratone;curated_artist;playable_depth;underrepresented_subgenre_expansion_v18_20260820;itunes_verified;deezer_verified","catalog_depth","underrepresented_style_depth","published","high","Artista curado para Extratone; artista exato, gravação e prévia verificados em Apple Music e Deezer."
"extratone","Kobaryo","Social Networking Speedcore","MEGATON KICK 3","","https://cdnt-preview.dzcdn.net/api/1/1/3/8/5/0/3854589a11f5a4c5683d9d5b37a6b8c7.mp3?hdnea=exp=1787242636~acl=/api/1/1/3/8/5/0/3854589a11f5a4c5683d9d5b37a6b8c7.mp3*~data=user_id=0,application_id=42~hmac=ed2545bb71ff7eac24cc349a4bd1b80ae043131d39e41e957deb1300e6e4f1d2","","206","","","Extratone","Kobaryo foi curado para ampliar a profundidade de Extratone no catálogo.","underrepresented_subgenre_expansion_v18_20260820","https://www.deezer.com/track/1595240471","https://www.deezer.com/track/1595240471","1595240471","https://www.deezer.com/track/1595240471","https://cdn-images.dzcdn.net/images/cover/4905b0e4bf9b6757c3e72ca014fedfa2/500x500-000000-80-0-0.jpg","https://sunhiausa.bandcamp.com/track/extratone-is-your-destiny-aekhlori-edit","verified_underrepresented_subgenre_depth","extratone;Extratone;curated_artist;playable_depth;underrepresented_subgenre_expansion_v18_20260820","catalog_depth","underrepresented_style_depth","published","high","Artista curado para Extratone; artista exato, gravação e prévia verificados no Deezer."
"extratone","Kobaryo","True Hero","Super Dream Zone","","https://audio-ssl.itunes.apple.com/itunes-assets/AudioPreview125/v4/eb/d8/3d/ebd83d4d-4e54-b633-c663-65b19f5fb38f/mzaf_6404122738950929273.plus.aac.p.m4a","2021-01-04","137","","","Extratone","Kobaryo foi curado para ampliar a profundidade de Extratone no catálogo.","underrepresented_subgenre_expansion_v18_20260820","https://music.apple.com/us/album/true-hero/1546093565?i=1546093837&uo=4","https://music.apple.com/us/album/true-hero/1546093565?i=1546093837&uo=4","1187126372","https://www.deezer.com/track/1187126372","https://is1-ssl.mzstatic.com/image/thumb/Music114/v4/c3/ff/ba/c3ffba02-22c5-2f61-8de0-f4c0a216f6cd/62ebf8de-0888-4125-bab9-c33ca3883fe8.jpg/600x600bb.jpg","https://sunhiausa.bandcamp.com/track/extratone-is-your-destiny-aekhlori-edit","verified_underrepresented_subgenre_depth","extratone;Extratone;curated_artist;playable_depth;underrepresented_subgenre_expansion_v18_20260820;itunes_verified;deezer_verified","catalog_depth","underrepresented_style_depth","published","high","Artista curado para Extratone; artista exato, gravação e prévia verificados em Apple Music e Deezer."
"extratone","Kurwastyle Project","Passenger Of Shit (feat. Passenger of Shit)","Noisekick Records 022: Kurwastyle Project - Fight To Survive - EP","","https://audio-ssl.itunes.apple.com/itunes-assets/AudioPreview125/v4/e0/3b/ca/e03bca06-327e-901f-f95e-bc4fbc326e9f/mzaf_11392155173066267599.plus.aac.p.m4a","2016-08-31","244","","","Extratone","Kurwastyle Project foi curado para ampliar a profundidade de Extratone no catálogo.","underrepresented_subgenre_expansion_v18_20260820","https://music.apple.com/us/album/passenger-of-shit-feat-passenger-of-shit/1149797415?i=1149797427&uo=4","https://music.apple.com/us/album/passenger-of-shit-feat-passenger-of-shit/1149797415?i=1149797427&uo=4","","","https://is1-ssl.mzstatic.com/image/thumb/Music124/v4/f0/12/8f/f0128f77-3dfc-94d0-04df-3610a7f10051/113022125.jpg/600x600bb.jpg","https://sunhiausa.bandcamp.com/track/extratone-is-your-destiny-aekhlori-edit","verified_underrepresented_subgenre_depth","extratone;Extratone;curated_artist;playable_depth;underrepresented_subgenre_expansion_v18_20260820","catalog_depth","underrepresented_style_depth","published","high","Artista curado para Extratone; artista exato, gravação e prévia verificados no Apple Music."
"extratone","Kurwastyle Project","Rock 2 da Beat","Not Forgiven - EP","","https://audio-ssl.itunes.apple.com/itunes-assets/AudioPreview115/v4/48/a4/b2/48a4b299-e2f3-b0e2-73d1-b1090619aa2d/mzaf_12060865121653415090.plus.aac.p.m4a","2019-06-11","227","","","Extratone","Kurwastyle Project foi curado para ampliar a profundidade de Extratone no catálogo.","underrepresented_subgenre_expansion_v18_20260820","https://music.apple.com/us/album/rock-2-da-beat/1467379193?i=1467379377&uo=4","https://music.apple.com/us/album/rock-2-da-beat/1467379193?i=1467379377&uo=4","","","https://is1-ssl.mzstatic.com/image/thumb/Music123/v4/24/b0/3a/24b03a07-c0c9-8f2a-ff07-156747dc9b71/cover.jpg/600x600bb.jpg","https://sunhiausa.bandcamp.com/track/extratone-is-your-destiny-aekhlori-edit","verified_underrepresented_subgenre_depth","extratone;Extratone;curated_artist;playable_depth;underrepresented_subgenre_expansion_v18_20260820","catalog_depth","underrepresented_style_depth","published","high","Artista curado para Extratone; artista exato, gravação e prévia verificados no Apple Music."
"extratone","Kurwastyle Project","The World of LSD User","Tanoshi Torture","","https://audio-ssl.itunes.apple.com/itunes-assets/AudioPreview221/v4/b7/96/75/b7967507-251e-5f37-6def-7959b51140da/mzaf_4778692917150383277.plus.aac.p.m4a","2014-04-22","141","","","Extratone","Kurwastyle Project foi curado para ampliar a profundidade de Extratone no catálogo.","underrepresented_subgenre_expansion_v18_20260820","https://music.apple.com/us/album/the-world-of-lsd-user/1546099338?i=1546099347&uo=4","https://music.apple.com/us/album/the-world-of-lsd-user/1546099338?i=1546099347&uo=4","","","https://is1-ssl.mzstatic.com/image/thumb/Music221/v4/3f/67/80/3f678081-740a-9ea2-787e-b679bda46bd2/cover.jpg/600x600bb.jpg","https://sunhiausa.bandcamp.com/track/extratone-is-your-destiny-aekhlori-edit","verified_underrepresented_subgenre_depth","extratone;Extratone;curated_artist;playable_depth;underrepresented_subgenre_expansion_v18_20260820","catalog_depth","underrepresented_style_depth","published","high","Artista curado para Extratone; artista exato, gravação e prévia verificados no Apple Music."
"extratone","Kurwastyle Project","This Is Who the F*ck I Am (feat. MC Komplex)","Not Forgiven - EP","","https://audio-ssl.itunes.apple.com/itunes-assets/AudioPreview115/v4/c1/c6/31/c1c6317b-15ae-28ce-c16f-a15c923f87f4/mzaf_2492108277907893739.plus.aac.p.m4a","2019-06-11","265","","","Extratone","Kurwastyle Project foi curado para ampliar a profundidade de Extratone no catálogo.","underrepresented_subgenre_expansion_v18_20260820","https://music.apple.com/us/album/this-is-who-the-f-ck-i-am-feat-mc-komplex/1467379193?i=1467379378&uo=4","https://music.apple.com/us/album/this-is-who-the-f-ck-i-am-feat-mc-komplex/1467379193?i=1467379378&uo=4","","","https://is1-ssl.mzstatic.com/image/thumb/Music123/v4/24/b0/3a/24b03a07-c0c9-8f2a-ff07-156747dc9b71/cover.jpg/600x600bb.jpg","https://sunhiausa.bandcamp.com/track/extratone-is-your-destiny-aekhlori-edit","verified_underrepresented_subgenre_depth","extratone;Extratone;curated_artist;playable_depth;underrepresented_subgenre_expansion_v18_20260820","catalog_depth","underrepresented_style_depth","published","high","Artista curado para Extratone; artista exato, gravação e prévia verificados no Apple Music."
"extratone","Pressterror","Bitte Töte Mich","Psychotronic Genotype","","https://audio-ssl.itunes.apple.com/itunes-assets/AudioPreview124/v4/24/23/b3/2423b3f0-1cec-49cb-9ea1-3ed6613c51bb/mzaf_17614117932111432214.plus.aac.p.m4a","2017-05-01","277","","","Extratone","Pressterror foi curado para ampliar a profundidade de Extratone no catálogo.","underrepresented_subgenre_expansion_v18_20260820","https://music.apple.com/us/album/bitte-t%C3%B6te-mich/1530936699?i=1530936703&uo=4","https://music.apple.com/us/album/bitte-t%C3%B6te-mich/1530936699?i=1530936703&uo=4","","","https://is1-ssl.mzstatic.com/image/thumb/Music114/v4/d5/91/5f/d5915fd0-29aa-2c9c-ef22-1b7992424064/195497103195.jpg/600x600bb.jpg","https://sunhiausa.bandcamp.com/track/extratone-is-your-destiny-aekhlori-edit","verified_underrepresented_subgenre_depth","extratone;Extratone;curated_artist;playable_depth;underrepresented_subgenre_expansion_v18_20260820","catalog_depth","underrepresented_style_depth","published","high","Artista curado para Extratone; artista exato, gravação e prévia verificados no Apple Music."
"extratone","Pressterror","Permanent Psychosis","Psychotronic Genotype","","https://audio-ssl.itunes.apple.com/itunes-assets/AudioPreview124/v4/fd/b8/51/fdb85129-3124-3263-7856-e11719aaed4b/mzaf_262052416041999805.plus.aac.p.m4a","2017-05-01","290","","","Extratone","Pressterror foi curado para ampliar a profundidade de Extratone no catálogo.","underrepresented_subgenre_expansion_v18_20260820","https://music.apple.com/us/album/permanent-psychosis/1530936699?i=1530936704&uo=4","https://music.apple.com/us/album/permanent-psychosis/1530936699?i=1530936704&uo=4","","","https://is1-ssl.mzstatic.com/image/thumb/Music114/v4/d5/91/5f/d5915fd0-29aa-2c9c-ef22-1b7992424064/195497103195.jpg/600x600bb.jpg","https://sunhiausa.bandcamp.com/track/extratone-is-your-destiny-aekhlori-edit","verified_underrepresented_subgenre_depth","extratone;Extratone;curated_artist;playable_depth;underrepresented_subgenre_expansion_v18_20260820","catalog_depth","underrepresented_style_depth","published","high","Artista curado para Extratone; artista exato, gravação e prévia verificados no Apple Music."
"extratone","Pressterror","WORLDWIDE DESTRRRRRRUCTION","Homicide Vol.3","","https://audio-ssl.itunes.apple.com/itunes-assets/AudioPreview125/v4/ee/99/51/ee995153-0bb7-4633-2404-1098d34be3d0/mzaf_8428728372967649661.plus.aac.p.m4a","2021-08-05","366","","","Extratone","Pressterror foi curado para ampliar a profundidade de Extratone no catálogo.","underrepresented_subgenre_expansion_v18_20260820","https://music.apple.com/us/album/worldwide-destrrrrrruction/1577150891?i=1577150910&uo=4","https://music.apple.com/us/album/worldwide-destrrrrrruction/1577150891?i=1577150910&uo=4","","","https://is1-ssl.mzstatic.com/image/thumb/Music115/v4/9e/8b/3e/9e8b3ef4-0f8b-2a83-ce3f-6962ddbb34b3/FIR110_artwork.jpg/600x600bb.jpg","https://sunhiausa.bandcamp.com/track/extratone-is-your-destiny-aekhlori-edit","verified_underrepresented_subgenre_depth","extratone;Extratone;curated_artist;playable_depth;underrepresented_subgenre_expansion_v18_20260820","catalog_depth","underrepresented_style_depth","published","high","Artista curado para Extratone; artista exato, gravação e prévia verificados no Apple Music."
"florida_breaks","Dynamix II","Don't Touch That Dial","Dynamix II - The Album","","https://audio-ssl.itunes.apple.com/itunes-assets/AudioPreview115/v4/1e/27/62/1e276249-3014-4072-36ae-4529e6b38187/mzaf_5369999112132792466.plus.aac.p.m4a","1990-09-15","331","","","Florida Breaks","Dynamix II foi curado para ampliar a profundidade de Florida Breaks no catálogo.","underrepresented_subgenre_expansion_v18_20260820","https://music.apple.com/us/album/dont-touch-that-dial/291451756?i=291451769&uo=4","https://music.apple.com/us/album/dont-touch-that-dial/291451756?i=291451769&uo=4","","","https://is1-ssl.mzstatic.com/image/thumb/Music124/v4/70/78/2b/70782b37-b50e-514c-f2ff-6f4533c6631e/mzi.nqqmryut.jpg/600x600bb.jpg","","verified_underrepresented_subgenre_depth","florida_breaks;Florida Breaks;curated_artist;playable_depth;underrepresented_subgenre_expansion_v18_20260820","catalog_depth","underrepresented_style_depth","published","high","Artista curado para Florida Breaks; artista exato, gravação e prévia verificados no Apple Music."
"florida_breaks","Dynamix II","Feel the Groove","Bass Planet","","https://audio-ssl.itunes.apple.com/itunes-assets/AudioPreview125/v4/bd/a7/0d/bda70dc4-0ac6-c77a-4638-8a63509d4172/mzaf_6231388240084221573.plus.aac.p.m4a","1993-04-10","345","","","Florida Breaks","Dynamix II foi curado para ampliar a profundidade de Florida Breaks no catálogo.","underrepresented_subgenre_expansion_v18_20260820","https://music.apple.com/us/album/feel-the-groove/291461793?i=291461827&uo=4","https://music.apple.com/us/album/feel-the-groove/291461793?i=291461827&uo=4","","","https://is1-ssl.mzstatic.com/image/thumb/Music114/v4/43/45/9d/43459d8c-137a-0424-c5bc-6b4d5fe5781f/mzi.btnmcbsc.jpg/600x600bb.jpg","","verified_underrepresented_subgenre_depth","florida_breaks;Florida Breaks;curated_artist;playable_depth;underrepresented_subgenre_expansion_v18_20260820","catalog_depth","underrepresented_style_depth","published","high","Artista curado para Florida Breaks; artista exato, gravação e prévia verificados no Apple Music."
"florida_breaks","Dynamix II","Give It to Em","Dynamix II - The Album","","https://audio-ssl.itunes.apple.com/itunes-assets/AudioPreview125/v4/58/85/3d/58853dec-204a-9bf3-fba3-682934c64ad2/mzaf_11230121505758058883.plus.aac.p.m4a","1990-09-15","217","","","Florida Breaks","Dynamix II foi curado para ampliar a profundidade de Florida Breaks no catálogo.","underrepresented_subgenre_expansion_v18_20260820","https://music.apple.com/us/album/give-it-to-em/291451756?i=291451855&uo=4","https://music.apple.com/us/album/give-it-to-em/291451756?i=291451855&uo=4","","","https://is1-ssl.mzstatic.com/image/thumb/Music124/v4/70/78/2b/70782b37-b50e-514c-f2ff-6f4533c6631e/mzi.nqqmryut.jpg/600x600bb.jpg","","verified_underrepresented_subgenre_depth","florida_breaks;Florida Breaks;curated_artist;playable_depth;underrepresented_subgenre_expansion_v18_20260820","catalog_depth","underrepresented_style_depth","published","high","Artista curado para Florida Breaks; artista exato, gravação e prévia verificados no Apple Music."
"florida_breaks","Dynamix II","Ignition (Remix) [V2.0]","Bass Planet","","https://audio-ssl.itunes.apple.com/itunes-assets/AudioPreview115/v4/48/71/99/487199a8-59fe-1b1e-c77b-4530bbb74d73/mzaf_3999668023000358870.plus.aac.p.m4a","1993-04-10","316","","","Florida Breaks","Dynamix II foi curado para ampliar a profundidade de Florida Breaks no catálogo.","underrepresented_subgenre_expansion_v18_20260820","https://music.apple.com/us/album/ignition-remix-v2-0/291461793?i=291461802&uo=4","https://music.apple.com/us/album/ignition-remix-v2-0/291461793?i=291461802&uo=4","","","https://is1-ssl.mzstatic.com/image/thumb/Music114/v4/43/45/9d/43459d8c-137a-0424-c5bc-6b4d5fe5781f/mzi.btnmcbsc.jpg/600x600bb.jpg","","verified_underrepresented_subgenre_depth","florida_breaks;Florida Breaks;curated_artist;playable_depth;underrepresented_subgenre_expansion_v18_20260820","catalog_depth","underrepresented_style_depth","published","high","Artista curado para Florida Breaks; artista exato, gravação e prévia verificados no Apple Music."
"florida_breaks","Friction & Spice","Groove Me (Mixed)","Boiler Room: Job Jobse, Streaming From Isolation, May 16, 2020 (DJ Mix)","","https://audio-ssl.itunes.apple.com/itunes-assets/AudioPreview125/v4/53/e3/9b/53e39b8d-aa9d-42ac-bddf-4b7336e263cc/mzaf_334396566734614241.plus.aac.p.m4a","2020-05-16","235","","","Florida Breaks","Friction & Spice foi curado para ampliar a profundidade de Florida Breaks no catálogo.","underrepresented_subgenre_expansion_v18_20260820","https://music.apple.com/us/album/groove-me-mixed/1524724549?i=1524724776&uo=4","https://music.apple.com/us/album/groove-me-mixed/1524724549?i=1524724776&uo=4","","","https://is1-ssl.mzstatic.com/image/thumb/Music124/v4/5b/be/a2/5bbea238-a373-03d3-7ee5-4a27e027771a/job-jobse-apple-cover-ayiwszosuk.jpg/600x600bb.jpg","","verified_underrepresented_subgenre_depth","florida_breaks;Florida Breaks;curated_artist;playable_depth;underrepresented_subgenre_expansion_v18_20260820","catalog_depth","underrepresented_style_depth","published","high","Artista curado para Florida Breaks; artista exato, gravação e prévia verificados no Apple Music."
"florida_breaks","Huda Hudia","Clearly","Clearly - Single","","https://audio-ssl.itunes.apple.com/itunes-assets/AudioPreview115/v4/09/63/b5/0963b5c8-03c1-3d35-21b3-cf8df126968a/mzaf_472408947315563942.plus.aac.p.m4a","2019-12-16","281","","","Florida Breaks","Huda Hudia foi curado para ampliar a profundidade de Florida Breaks no catálogo.","underrepresented_subgenre_expansion_v18_20260820","https://music.apple.com/us/album/clearly/1490961729?i=1490961730&uo=4","https://music.apple.com/us/album/clearly/1490961729?i=1490961730&uo=4","828465852","https://www.deezer.com/track/828465852","https://is1-ssl.mzstatic.com/image/thumb/Music113/v4/4a/c2/89/4ac28907-86c5-43a5-41cf-1f38058c8301/193872945460_cover.jpg/600x600bb.jpg","","verified_underrepresented_subgenre_depth","florida_breaks;Florida Breaks;curated_artist;playable_depth;underrepresented_subgenre_expansion_v18_20260820;itunes_verified;deezer_verified","catalog_depth","underrepresented_style_depth","published","high","Artista curado para Florida Breaks; artista exato, gravação e prévia verificados em Apple Music e Deezer."
"florida_breaks","Huda Hudia","Feel Your Love","Feel your Love","","https://cdnt-preview.dzcdn.net/api/1/1/c/9/9/0/c999254140ae610ac3ace30856977f5e.mp3?hdnea=exp=1787242679~acl=/api/1/1/c/9/9/0/c999254140ae610ac3ace30856977f5e.mp3*~data=user_id=0,application_id=42~hmac=317fef3142d48bedb0261fc1d5336ba95fb6494965a1ee971ad0c39cd4b92342","","235","","","Florida Breaks","Huda Hudia foi curado para ampliar a profundidade de Florida Breaks no catálogo.","underrepresented_subgenre_expansion_v18_20260820","https://www.deezer.com/track/3923183691","https://www.deezer.com/track/3923183691","3923183691","https://www.deezer.com/track/3923183691","https://cdn-images.dzcdn.net/images/cover/1ed1b99b25c735e0ed27fd32446b211f/500x500-000000-80-0-0.jpg","","verified_underrepresented_subgenre_depth","florida_breaks;Florida Breaks;curated_artist;playable_depth;underrepresented_subgenre_expansion_v18_20260820","catalog_depth","underrepresented_style_depth","published","high","Artista curado para Florida Breaks; artista exato, gravação e prévia verificados no Deezer."
"florida_breaks","Huda Hudia","Keep It Rockin","Keep It Rockin","","https://cdnt-preview.dzcdn.net/api/1/1/1/f/8/0/1f89e6064127280d2813d1cde129f884.mp3?hdnea=exp=1787242679~acl=/api/1/1/1/f/8/0/1f89e6064127280d2813d1cde129f884.mp3*~data=user_id=0,application_id=42~hmac=acc3c3101410535726642153cb7705ad29b09dcaf862e482e5e841c8db812b20","","277","","","Florida Breaks","Huda Hudia foi curado para ampliar a profundidade de Florida Breaks no catálogo.","underrepresented_subgenre_expansion_v18_20260820","https://www.deezer.com/track/3663926332","https://www.deezer.com/track/3663926332","3663926332","https://www.deezer.com/track/3663926332","https://cdn-images.dzcdn.net/images/cover/52ddc0e382255dddc16a800625127c75/500x500-000000-80-0-0.jpg","","verified_underrepresented_subgenre_depth","florida_breaks;Florida Breaks;curated_artist;playable_depth;underrepresented_subgenre_expansion_v18_20260820","catalog_depth","underrepresented_style_depth","published","high","Artista curado para Florida Breaks; artista exato, gravação e prévia verificados no Deezer."
"florida_breaks","Huda Hudia","LEGGOOO!","LEGGOOO!","","https://cdnt-preview.dzcdn.net/api/1/1/c/1/4/0/c14c4f10e15d123949f0f9a5c4de3f3d.mp3?hdnea=exp=1787242679~acl=/api/1/1/c/1/4/0/c14c4f10e15d123949f0f9a5c4de3f3d.mp3*~data=user_id=0,application_id=42~hmac=6c35a3ac4b5d0a434ca837f9efdd4b2d7a8f0653671eb0646aea46602ae50cd9","","273","","","Florida Breaks","Huda Hudia foi curado para ampliar a profundidade de Florida Breaks no catálogo.","underrepresented_subgenre_expansion_v18_20260820","https://www.deezer.com/track/4026270311","https://www.deezer.com/track/4026270311","4026270311","https://www.deezer.com/track/4026270311","https://cdn-images.dzcdn.net/images/cover/05ed9beb68ff14f8eb81913669a9a09e/500x500-000000-80-0-0.jpg","","verified_underrepresented_subgenre_depth","florida_breaks;Florida Breaks;curated_artist;playable_depth;underrepresented_subgenre_expansion_v18_20260820","catalog_depth","underrepresented_style_depth","published","high","Artista curado para Florida Breaks; artista exato, gravação e prévia verificados no Deezer."
"florida_breaks","Jackal & Hyde","Anywhere in the Galaxy","Anywhere in the Galaxy - EP","","https://audio-ssl.itunes.apple.com/itunes-assets/AudioPreview115/v4/ae/2d/93/ae2d939d-a4cc-5b35-12e4-4d79811eabae/mzaf_3929929750255659728.plus.aac.p.m4a","2019-08-09","305","","","Florida Breaks","Jackal & Hyde foi curado para ampliar a profundidade de Florida Breaks no catálogo.","underrepresented_subgenre_expansion_v18_20260820","https://music.apple.com/us/album/anywhere-in-the-galaxy/1474015101?i=1474015102&uo=4","https://music.apple.com/us/album/anywhere-in-the-galaxy/1474015101?i=1474015102&uo=4","","","https://is1-ssl.mzstatic.com/image/thumb/Music113/v4/04/f5/9b/04f59be7-00f0-f163-3a39-32c39177bf58/193872500812_cover.jpg/600x600bb.jpg","","verified_underrepresented_subgenre_depth","florida_breaks;Florida Breaks;curated_artist;playable_depth;underrepresented_subgenre_expansion_v18_20260820","catalog_depth","underrepresented_style_depth","published","high","Artista curado para Florida Breaks; artista exato, gravação e prévia verificados no Apple Music."
"florida_breaks","Jackal & Hyde","Dark Star (VIP Mix)","Bad Robot - Single","","https://audio-ssl.itunes.apple.com/itunes-assets/AudioPreview125/v4/47/b2/4f/47b24f1f-6aee-5435-0548-6d3a623bec53/mzaf_8387830441620873625.plus.aac.p.m4a","2016-03-18","334","","","Florida Breaks","Jackal & Hyde foi curado para ampliar a profundidade de Florida Breaks no catálogo.","underrepresented_subgenre_expansion_v18_20260820","https://music.apple.com/us/album/dark-star-vip-mix/1084339344?i=1084339350&uo=4","https://music.apple.com/us/album/dark-star-vip-mix/1084339344?i=1084339350&uo=4","","","https://is1-ssl.mzstatic.com/image/thumb/Music69/v4/1d/73/e9/1d73e990-5e7e-0e09-0df8-a65cebb249e1/4050486956786_cover.jpg/600x600bb.jpg","","verified_underrepresented_subgenre_depth","florida_breaks;Florida Breaks;curated_artist;playable_depth;underrepresented_subgenre_expansion_v18_20260820","catalog_depth","underrepresented_style_depth","published","high","Artista curado para Florida Breaks; artista exato, gravação e prévia verificados no Apple Music."
"florida_breaks","Jackal & Hyde","Give It All You Got 2000","The Badlands","","https://cdnt-preview.dzcdn.net/api/1/1/f/5/e/0/f5e9695729f1efbefa277e197c0a8edc.mp3?hdnea=exp=1787242681~acl=/api/1/1/f/5/e/0/f5e9695729f1efbefa277e197c0a8edc.mp3*~data=user_id=0,application_id=42~hmac=131701ea18f079bc1a3f12424424c5ed840a5dd93c9585ba9782da54ac283956","","290","","","Florida Breaks","Jackal & Hyde foi curado para ampliar a profundidade de Florida Breaks no catálogo.","underrepresented_subgenre_expansion_v18_20260820","https://www.deezer.com/track/377578661","https://www.deezer.com/track/377578661","377578661","https://www.deezer.com/track/377578661","https://cdn-images.dzcdn.net/images/cover/afa223b2357d1a7841ee4288746a83fa/500x500-000000-80-0-0.jpg","","verified_underrepresented_subgenre_depth","florida_breaks;Florida Breaks;curated_artist;playable_depth;underrepresented_subgenre_expansion_v18_20260820","catalog_depth","underrepresented_style_depth","published","high","Artista curado para Florida Breaks; artista exato, gravação e prévia verificados no Deezer."
"florida_breaks","Jackal & Hyde","MalFunKtion","Pleasure Model - EP","","https://audio-ssl.itunes.apple.com/itunes-assets/Music/v4/53/da/70/53da7071-33d1-5aba-ede7-811b726ff7b2/mzaf_1932496662549055686.plus.aac.p.m4a","2011-12-24","420","","","Florida Breaks","Jackal & Hyde foi curado para ampliar a profundidade de Florida Breaks no catálogo.","underrepresented_subgenre_expansion_v18_20260820","https://music.apple.com/us/album/malfunktion/489324633?i=489324642&uo=4","https://music.apple.com/us/album/malfunktion/489324633?i=489324642&uo=4","","","https://is1-ssl.mzstatic.com/image/thumb/Music/01/f8/81/mzi.mmidmbwo.jpg/600x600bb.jpg","","verified_underrepresented_subgenre_depth","florida_breaks;Florida Breaks;curated_artist;playable_depth;underrepresented_subgenre_expansion_v18_20260820","catalog_depth","underrepresented_style_depth","published","high","Artista curado para Florida Breaks; artista exato, gravação e prévia verificados no Apple Music."
"florida_breaks","Sharaz","Always On Time","Always On Time - Single","","https://audio-ssl.itunes.apple.com/itunes-assets/AudioPreview221/v4/eb/86/4d/eb864d8d-973a-7360-8c07-87951314d968/mzaf_14618265789852729167.plus.aac.p.m4a","2025-05-16","263","","","Florida Breaks","Sharaz foi curado para ampliar a profundidade de Florida Breaks no catálogo.","underrepresented_subgenre_expansion_v18_20260820","https://music.apple.com/us/album/always-on-time/1812490207?i=1812490208&uo=4","https://music.apple.com/us/album/always-on-time/1812490207?i=1812490208&uo=4","","","https://is1-ssl.mzstatic.com/image/thumb/Music221/v4/7c/75/bb/7c75bbca-4752-4cbd-10ce-802fe5c5a7b3/199348151403_cover.jpg/600x600bb.jpg","","verified_underrepresented_subgenre_depth","florida_breaks;Florida Breaks;curated_artist;playable_depth;underrepresented_subgenre_expansion_v18_20260820","catalog_depth","underrepresented_style_depth","published","high","Artista curado para Florida Breaks; artista exato, gravação e prévia verificados no Apple Music."
"florida_breaks","Sharaz","Circuit Breaker","Circuit Breaker / Enemy - Single","","https://audio-ssl.itunes.apple.com/itunes-assets/AudioPreview115/v4/0c/cc/4f/0ccc4fef-fc9e-4ea5-a419-f756beecb15c/mzaf_14514909210694288745.plus.aac.p.m4a","2001-04-01","505","","","Florida Breaks","Sharaz foi curado para ampliar a profundidade de Florida Breaks no catálogo.","underrepresented_subgenre_expansion_v18_20260820","https://music.apple.com/us/album/circuit-breaker/329424454?i=329424475&uo=4","https://music.apple.com/us/album/circuit-breaker/329424454?i=329424475&uo=4","","","https://is1-ssl.mzstatic.com/image/thumb/Music/16/bd/fd/mzi.jnyrfjkj.jpg/600x600bb.jpg","","verified_underrepresented_subgenre_depth","florida_breaks;Florida Breaks;curated_artist;playable_depth;underrepresented_subgenre_expansion_v18_20260820","catalog_depth","underrepresented_style_depth","published","high","Artista curado para Florida Breaks; artista exato, gravação e prévia verificados no Apple Music."
"florida_breaks","Sharaz","Freakout","Freakout - Single","","https://audio-ssl.itunes.apple.com/itunes-assets/AudioPreview125/v4/a4/73/37/a473377a-1a38-946a-df4c-7b5f6a5b7509/mzaf_12369367423619290047.plus.aac.p.m4a","2014-03-10","323","","","Florida Breaks","Sharaz foi curado para ampliar a profundidade de Florida Breaks no catálogo.","underrepresented_subgenre_expansion_v18_20260820","https://music.apple.com/us/album/freakout/829195912?i=829196005&uo=4","https://music.apple.com/us/album/freakout/829195912?i=829196005&uo=4","","","https://is1-ssl.mzstatic.com/image/thumb/Music114/v4/74/d2/b8/74d2b894-a3be-e061-7c68-696b76728741/SHZ004.jpg/600x600bb.jpg","","verified_underrepresented_subgenre_depth","florida_breaks;Florida Breaks;curated_artist;playable_depth;underrepresented_subgenre_expansion_v18_20260820","catalog_depth","underrepresented_style_depth","published","high","Artista curado para Florida Breaks; artista exato, gravação e prévia verificados no Apple Music."
"florida_breaks","Sharaz","Shake Dat Thang (Radio Edit)","The Boogie Monster","","https://audio-ssl.itunes.apple.com/itunes-assets/AudioPreview115/v4/97/e1/c9/97e1c9b2-d0d1-4c60-7dd5-909fc3f523c9/mzaf_15256555210656895623.plus.aac.p.m4a","2014-10-31","198","","","Florida Breaks","Sharaz foi curado para ampliar a profundidade de Florida Breaks no catálogo.","underrepresented_subgenre_expansion_v18_20260820","https://music.apple.com/us/album/shake-dat-thang-radio-edit/929619432?i=929619437&uo=4","https://music.apple.com/us/album/shake-dat-thang-radio-edit/929619432?i=929619437&uo=4","","","https://is1-ssl.mzstatic.com/image/thumb/Music124/v4/5e/e2/45/5ee245c2-7238-f30f-cbda-14da369f239e/889211105274.jpg/600x600bb.jpg","","verified_underrepresented_subgenre_depth","florida_breaks;Florida Breaks;curated_artist;playable_depth;underrepresented_subgenre_expansion_v18_20260820","catalog_depth","underrepresented_style_depth","published","high","Artista curado para Florida Breaks; artista exato, gravação e prévia verificados no Apple Music."
"french_house","Alan Braxe","Intro","Running","","https://cdnt-preview.dzcdn.net/api/1/1/4/1/c/0/41c4a7d111076f7ff1744ce0a85085f7.mp3?hdnea=exp=1787242658~acl=/api/1/1/4/1/c/0/41c4a7d111076f7ff1744ce0a85085f7.mp3*~data=user_id=0,application_id=42~hmac=a9a618bbb58df2c469e6870bcd004cdb2b23c931cee2e4684df030830a3223dd","","294","","","French House","Alan Braxe foi curado para ampliar a profundidade de French House no catálogo.","underrepresented_subgenre_expansion_v18_20260820","https://www.deezer.com/track/1702170497","https://www.deezer.com/track/1702170497","3717419682","https://www.deezer.com/track/3717419682","https://cdn-images.dzcdn.net/images/cover/29a7905a4272b39702b0b2e278aad563/500x500-000000-80-0-0.jpg","","verified_underrepresented_subgenre_depth","french_house;French House;curated_artist;playable_depth;underrepresented_subgenre_expansion_v18_20260820;deezer_verified","catalog_depth","underrepresented_style_depth","published","high","Artista curado para French House; artista exato, gravação e prévia verificados em Deezer."
"french_house","Alan Braxe","Palladium","Palladium","","https://cdnt-preview.dzcdn.net/api/1/1/4/a/0/0/4a065ae883dd6ed55ef4821133e72f84.mp3?hdnea=exp=1787242658~acl=/api/1/1/4/a/0/0/4a065ae883dd6ed55ef4821133e72f84.mp3*~data=user_id=0,application_id=42~hmac=b0edea9de38423fafd91367efefeef3b38a2293d7af0e0f196d347072b8c3ece","","373","","","French House","Alan Braxe foi curado para ampliar a profundidade de French House no catálogo.","underrepresented_subgenre_expansion_v18_20260820","https://www.deezer.com/track/1702170377","https://www.deezer.com/track/1702170377","1702170377","https://www.deezer.com/track/1702170377","https://cdn-images.dzcdn.net/images/cover/67c8bfe6f2d5598ab242a994c76bb6a2/500x500-000000-80-0-0.jpg","","verified_underrepresented_subgenre_depth","french_house;French House;curated_artist;playable_depth;underrepresented_subgenre_expansion_v18_20260820","catalog_depth","underrepresented_style_depth","published","high","Artista curado para French House; artista exato, gravação e prévia verificados no Deezer."
"french_house","Alan Braxe","Rubicon","The Upper Cuts (2023 Edition)","","https://cdnt-preview.dzcdn.net/api/1/1/f/d/b/0/fdb3cb944dd8a97839fcb91fb7728b7a.mp3?hdnea=exp=1787242658~acl=/api/1/1/f/d/b/0/fdb3cb944dd8a97839fcb91fb7728b7a.mp3*~data=user_id=0,application_id=42~hmac=7a1e0952ba371d4009232de0cf4d819ce020dda45a8d993040a86470af77ea24","","375","","","French House","Alan Braxe foi curado para ampliar a profundidade de French House no catálogo.","underrepresented_subgenre_expansion_v18_20260820","https://www.deezer.com/track/2145084897","https://www.deezer.com/track/2145084897","3962735531","https://www.deezer.com/track/3962735531","https://cdn-images.dzcdn.net/images/cover/ad8d984bd24edd45a23c418f5b6eabd2/500x500-000000-80-0-0.jpg","","verified_underrepresented_subgenre_depth","french_house;French House;curated_artist;playable_depth;underrepresented_subgenre_expansion_v18_20260820;deezer_verified","catalog_depth","underrepresented_style_depth","published","high","Artista curado para French House; artista exato, gravação e prévia verificados em Deezer."
"french_house","Alan Braxe","Voices (Remastered 2023)","The Upper Cuts (2023 Edition)","","https://audio-ssl.itunes.apple.com/itunes-assets/AudioPreview221/v4/5b/dc/78/5bdc78a4-5527-808d-a64e-7e5ad2d0e5f0/mzaf_10021800542544717502.plus.aac.p.m4a","2013-03-01","220","","","French House","Alan Braxe foi curado para ampliar a profundidade de French House no catálogo.","underrepresented_subgenre_expansion_v18_20260820","https://music.apple.com/us/album/voices-remastered-2023/1671455522?i=1671455748&uo=4","https://music.apple.com/us/album/voices-remastered-2023/1671455522?i=1671455748&uo=4","2145084927","https://www.deezer.com/track/2145084927","https://is1-ssl.mzstatic.com/image/thumb/Music221/v4/7c/e2/49/7ce24984-dcaf-bb36-6945-97fa660cb4cb/192152050467.png/600x600bb.jpg","","verified_underrepresented_subgenre_depth","french_house;French House;curated_artist;playable_depth;underrepresented_subgenre_expansion_v18_20260820;itunes_verified;deezer_verified","catalog_depth","underrepresented_style_depth","published","high","Artista curado para French House; artista exato, gravação e prévia verificados em Apple Music e Deezer."
"french_house","Cassius","Cassius 1999","1999 (Deluxe Edition)","","https://audio-ssl.itunes.apple.com/itunes-assets/AudioPreview126/v4/fe/17/37/fe1737dc-4ec7-4041-cb50-df17fc6d120e/mzaf_6698404620327696527.plus.aac.p.m4a","1999-07-26","225","","","French House","Cassius foi curado para ampliar a profundidade de French House no catálogo.","underrepresented_subgenre_expansion_v18_20260820","https://music.apple.com/us/album/cassius-1999/1090980191?i=1090980201&uo=4","https://music.apple.com/us/album/cassius-1999/1090980191?i=1090980201&uo=4","","","https://is1-ssl.mzstatic.com/image/thumb/Music115/v4/fe/c7/29/fec7296d-dab3-6869-f912-4e85fe0f7f76/5060421564876_cover.jpg/600x600bb.jpg","","verified_underrepresented_subgenre_depth","french_house;French House;curated_artist;playable_depth;underrepresented_subgenre_expansion_v18_20260820;itunes_verified","catalog_depth","underrepresented_style_depth","published","high","Artista curado para French House; artista exato, gravação e prévia verificados em Apple Music."
"french_house","Cassius","Feeling for You","1999 (Deluxe Edition)","","https://audio-ssl.itunes.apple.com/itunes-assets/AudioPreview122/v4/e4/4c/64/e44c6436-3d68-b054-0a64-6038120c0b4d/mzaf_73190896549368871.plus.aac.p.m4a","1999-01-01","278","","","French House","Cassius foi curado para ampliar a profundidade de French House no catálogo.","underrepresented_subgenre_expansion_v18_20260820","https://music.apple.com/us/album/feeling-for-you/1090980191?i=1090980206&uo=4","https://music.apple.com/us/album/feeling-for-you/1090980191?i=1090980206&uo=4","","","https://is1-ssl.mzstatic.com/image/thumb/Music115/v4/fe/c7/29/fec7296d-dab3-6869-f912-4e85fe0f7f76/5060421564876_cover.jpg/600x600bb.jpg","","verified_underrepresented_subgenre_depth","french_house;French House;curated_artist;playable_depth;underrepresented_subgenre_expansion_v18_20260820","catalog_depth","underrepresented_style_depth","published","high","Artista curado para French House; artista exato, gravação e prévia verificados no Apple Music."
"french_house","Cassius","Million Dollar Walk","Millon Dollar Walk (Explicit)","","https://cdnt-preview.dzcdn.net/api/1/1/0/6/d/0/06d66ce85e2e0485e92a214762ce24fb.mp3?hdnea=exp=1787242657~acl=/api/1/1/0/6/d/0/06d66ce85e2e0485e92a214762ce24fb.mp3*~data=user_id=0,application_id=42~hmac=8231d39a4bca018b5dbf2de920608ca66ed7af93da9d2abb9728fb65d2e42768","","195","","","French House","Cassius foi curado para ampliar a profundidade de French House no catálogo.","underrepresented_subgenre_expansion_v18_20260820","https://www.deezer.com/track/123490540","https://www.deezer.com/track/123490540","123490540","https://www.deezer.com/track/123490540","https://cdn-images.dzcdn.net/images/cover/1d249f5ac2dcf082e4c9fc25ba9f7f72/500x500-000000-80-0-0.jpg","","verified_underrepresented_subgenre_depth","french_house;French House;curated_artist;playable_depth;underrepresented_subgenre_expansion_v18_20260820","catalog_depth","underrepresented_style_depth","published","high","Artista curado para French House; artista exato, gravação e prévia verificados no Deezer."
"french_house","Cassius","The Sounds of Violence","Au Rêve (Deluxe Edition)","","https://audio-ssl.itunes.apple.com/itunes-assets/AudioPreview125/v4/59/9b/f7/599bf7e9-1474-4996-fa1e-21a893da5554/mzaf_14218244234127324160.plus.aac.p.m4a","1999-01-25","433","","","French House","Cassius foi curado para ampliar a profundidade de French House no catálogo.","underrepresented_subgenre_expansion_v18_20260820","https://music.apple.com/us/album/the-sounds-of-violence/1090982090?i=1090982449&uo=4","https://music.apple.com/us/album/the-sounds-of-violence/1090982090?i=1090982449&uo=4","","","https://is1-ssl.mzstatic.com/image/thumb/Music69/v4/42/a7/34/42a734d3-fdef-049b-c932-81b7840e5058/5060421564852_cover.jpg/600x600bb.jpg","","verified_underrepresented_subgenre_depth","french_house;French House;curated_artist;playable_depth;underrepresented_subgenre_expansion_v18_20260820","catalog_depth","underrepresented_style_depth","published","high","Artista curado para French House; artista exato, gravação e prévia verificados no Apple Music."
"french_house","Daft Punk","Digital Love","Discovery","","https://audio-ssl.itunes.apple.com/itunes-assets/AudioPreview122/v4/9a/10/16/9a101659-7e2b-2af5-47ca-2399aa11d41d/mzaf_2308252532029859970.plus.aac.p.m4a","2001-02-26","301","","","French House","Daft Punk foi curado para ampliar a profundidade de French House no catálogo.","underrepresented_subgenre_expansion_v18_20260820","https://music.apple.com/us/album/digital-love/697194953?i=697195633&uo=4","https://music.apple.com/us/album/digital-love/697194953?i=697195633&uo=4","3135555","https://www.deezer.com/track/3135555","https://is1-ssl.mzstatic.com/image/thumb/Music221/v4/fd/4a/77/fd4a77db-0ebc-d043-41a2-f32fa1bb0fb4/dj.qrikkdwj.jpg/600x600bb.jpg","","verified_underrepresented_subgenre_depth","french_house;French House;curated_artist;playable_depth;underrepresented_subgenre_expansion_v18_20260820;itunes_verified;deezer_verified","catalog_depth","underrepresented_style_depth","published","high","Artista curado para French House; artista exato, gravação e prévia verificados em Apple Music e Deezer."
"french_house","Daft Punk","Face to Face","Discovery","","https://audio-ssl.itunes.apple.com/itunes-assets/AudioPreview112/v4/b4/ca/18/b4ca1857-d0f4-8818-d7bc-cbe567361143/mzaf_16338450435535811929.plus.aac.p.m4a","2001-02-26","240","","","French House","Daft Punk foi curado para ampliar a profundidade de French House no catálogo.","underrepresented_subgenre_expansion_v18_20260820","https://music.apple.com/us/album/face-to-face/697194953?i=697196420&uo=4","https://music.apple.com/us/album/face-to-face/697194953?i=697196420&uo=4","3135565","https://www.deezer.com/track/3135565","https://is1-ssl.mzstatic.com/image/thumb/Music221/v4/fd/4a/77/fd4a77db-0ebc-d043-41a2-f32fa1bb0fb4/dj.qrikkdwj.jpg/600x600bb.jpg","","verified_underrepresented_subgenre_depth","french_house;French House;curated_artist;playable_depth;underrepresented_subgenre_expansion_v18_20260820;itunes_verified;deezer_verified","catalog_depth","underrepresented_style_depth","published","high","Artista curado para French House; artista exato, gravação e prévia verificados em Apple Music e Deezer."
"french_house","Daft Punk","Robot Rock","Human After All","","https://audio-ssl.itunes.apple.com/itunes-assets/AudioPreview211/v4/a1/9a/17/a19a1730-a9e0-eb2b-8557-4efa82edd62c/mzaf_3440885853228362162.plus.aac.p.m4a","2005-03-09","288","","","French House","Daft Punk foi curado para ampliar a profundidade de French House no catálogo.","underrepresented_subgenre_expansion_v18_20260820","https://music.apple.com/us/album/robot-rock/693748807?i=693751191&uo=4","https://music.apple.com/us/album/robot-rock/693748807?i=693751191&uo=4","3155977","https://www.deezer.com/track/3155977","https://is1-ssl.mzstatic.com/image/thumb/Music221/v4/4e/03/13/4e03130f-918e-cbd2-e99f-26ed67480411/724386091956.jpg/600x600bb.jpg","","verified_underrepresented_subgenre_depth","french_house;French House;curated_artist;playable_depth;underrepresented_subgenre_expansion_v18_20260820;itunes_verified;deezer_verified","catalog_depth","underrepresented_style_depth","published","high","Artista curado para French House; artista exato, gravação e prévia verificados em Apple Music e Deezer."
"french_house","Daft Punk","Technologic","Human After All","","https://audio-ssl.itunes.apple.com/itunes-assets/AudioPreview221/v4/d9/d7/72/d9d7726c-edc5-687a-2429-6dffa4a38496/mzaf_17942222817121564427.plus.aac.p.m4a","2005-03-09","284","","","French House","Daft Punk foi curado para ampliar a profundidade de French House no catálogo.","underrepresented_subgenre_expansion_v18_20260820","https://music.apple.com/us/album/technologic/693748807?i=693751201&uo=4","https://music.apple.com/us/album/technologic/693748807?i=693751201&uo=4","3155983","https://www.deezer.com/track/3155983","https://is1-ssl.mzstatic.com/image/thumb/Music221/v4/4e/03/13/4e03130f-918e-cbd2-e99f-26ed67480411/724386091956.jpg/600x600bb.jpg","","verified_underrepresented_subgenre_depth","french_house;French House;curated_artist;playable_depth;underrepresented_subgenre_expansion_v18_20260820;itunes_verified;deezer_verified","catalog_depth","underrepresented_style_depth","published","high","Artista curado para French House; artista exato, gravação e prévia verificados em Apple Music e Deezer."
"french_house","Etienne de Crecy","Fast Track Live vs. We Are Your Friends","Live On Neptune","","https://audio-ssl.itunes.apple.com/itunes-assets/AudioPreview115/v4/5c/fb/29/5cfb29c9-e229-e4bb-b6bd-ceddf73516e4/mzaf_7346466592005259039.plus.aac.p.m4a","2007-12-03","531","","","French House","Etienne de Crecy foi curado para ampliar a profundidade de French House no catálogo.","underrepresented_subgenre_expansion_v18_20260820","https://music.apple.com/us/album/fast-track-live-vs-we-are-your-friends/268578433?i=268578895&uo=4","https://music.apple.com/us/album/fast-track-live-vs-we-are-your-friends/268578433?i=268578895&uo=4","2554554","https://www.deezer.com/track/2554554","https://is1-ssl.mzstatic.com/image/thumb/Music115/v4/5d/e3/a4/5de3a42f-918f-9f3d-44b6-9809ae6ee0e0/3760153642591_cover.jpg/600x600bb.jpg","","verified_underrepresented_subgenre_depth","french_house;French House;curated_artist;playable_depth;underrepresented_subgenre_expansion_v18_20260820;itunes_verified;deezer_verified","catalog_depth","underrepresented_style_depth","published","high","Artista curado para French House; artista exato, gravação e prévia verificados em Apple Music e Deezer."
"french_house","Etienne de Crecy","Someone Like You","Someone Like You","","https://cdnt-preview.dzcdn.net/api/1/1/2/9/1/0/29174c114e6e2bbbd940f50c0507a161.mp3?hdnea=exp=1787242658~acl=/api/1/1/2/9/1/0/29174c114e6e2bbbd940f50c0507a161.mp3*~data=user_id=0,application_id=42~hmac=ff08762c61bc203927375a48e5c89bd52fbb366f42d60512d175a6d617311787","","197","","","French House","Etienne de Crecy foi curado para ampliar a profundidade de French House no catálogo.","underrepresented_subgenre_expansion_v18_20260820","https://www.deezer.com/track/2553674","https://www.deezer.com/track/2553674","2553674","https://www.deezer.com/track/2553674","https://cdn-images.dzcdn.net/images/cover/f77a3c918693cbcc71d777d5cfdf1d6d/500x500-000000-80-0-0.jpg","","verified_underrepresented_subgenre_depth","french_house;French House;curated_artist;playable_depth;underrepresented_subgenre_expansion_v18_20260820","catalog_depth","underrepresented_style_depth","published","high","Artista curado para French House; artista exato, gravação e prévia verificados no Deezer."
"french_house","Etienne de Crecy","Tempovision","Tempovision","","https://cdnt-preview.dzcdn.net/api/1/1/5/0/9/0/509698afc4f5c5facd2cd14b8f6f936d.mp3?hdnea=exp=1787242658~acl=/api/1/1/5/0/9/0/509698afc4f5c5facd2cd14b8f6f936d.mp3*~data=user_id=0,application_id=42~hmac=507168d4077205cf8abdcb9b6f4740355544bb20974c6d80c61b4e6cc62479bc","","371","","","French House","Etienne de Crecy foi curado para ampliar a profundidade de French House no catálogo.","underrepresented_subgenre_expansion_v18_20260820","https://www.deezer.com/track/2752469","https://www.deezer.com/track/2752469","2752469","https://www.deezer.com/track/2752469","https://cdn-images.dzcdn.net/images/cover/873d0015c677cfb188868a727de7d188/500x500-000000-80-0-0.jpg","","verified_underrepresented_subgenre_depth","french_house;French House;curated_artist;playable_depth;underrepresented_subgenre_expansion_v18_20260820","catalog_depth","underrepresented_style_depth","published","high","Artista curado para French House; artista exato, gravação e prévia verificados no Deezer."
"french_house","Etienne de Crecy","When Jack Met Jill","Tempovision","","https://cdnt-preview.dzcdn.net/api/1/1/3/c/a/0/3caeabce11e387d46cec10e6cfce374a.mp3?hdnea=exp=1787242658~acl=/api/1/1/3/c/a/0/3caeabce11e387d46cec10e6cfce374a.mp3*~data=user_id=0,application_id=42~hmac=d130f6a394852ef08ed85f696e27a605a7ba6276e45293dc202eefe35236f5d8","","335","","","French House","Etienne de Crecy foi curado para ampliar a profundidade de French House no catálogo.","underrepresented_subgenre_expansion_v18_20260820","https://www.deezer.com/track/2752468","https://www.deezer.com/track/2752468","2752468","https://www.deezer.com/track/2752468","https://cdn-images.dzcdn.net/images/cover/873d0015c677cfb188868a727de7d188/500x500-000000-80-0-0.jpg","","verified_underrepresented_subgenre_depth","french_house;French House;curated_artist;playable_depth;underrepresented_subgenre_expansion_v18_20260820","catalog_depth","underrepresented_style_depth","published","high","Artista curado para French House; artista exato, gravação e prévia verificados no Deezer."
"french_house","Fred Falke","Crepuscule","Alpha - EP","","https://audio-ssl.itunes.apple.com/itunes-assets/AudioPreview126/v4/fd/1e/1e/fd1e1e2c-b93d-712e-a2d0-2ab71a14e29a/mzaf_9551689421741875574.plus.aac.p.m4a","2015-12-04","280","","","French House","Fred Falke foi curado para ampliar a profundidade de French House no catálogo.","underrepresented_subgenre_expansion_v18_20260820","https://music.apple.com/us/album/crepuscule/1444892555?i=1444892889&uo=4","https://music.apple.com/us/album/crepuscule/1444892555?i=1444892889&uo=4","114393916","https://www.deezer.com/track/114393916","https://is1-ssl.mzstatic.com/image/thumb/Music128/v4/a1/d9/f6/a1d9f6f6-14f9-50a2-24f5-c990ecb0b4ba/00602547644664.rgb.jpg/600x600bb.jpg","","verified_underrepresented_subgenre_depth","french_house;French House;curated_artist;playable_depth;underrepresented_subgenre_expansion_v18_20260820;itunes_verified;deezer_verified","catalog_depth","underrepresented_style_depth","published","high","Artista curado para French House; artista exato, gravação e prévia verificados em Apple Music e Deezer."
"french_house","Fred Falke","I'm In Love With You","I'm In Love With You","","https://cdnt-preview.dzcdn.net/api/1/1/6/0/6/0/606634cd6ba10348e3b48ec421147e42.mp3?hdnea=exp=1787242660~acl=/api/1/1/6/0/6/0/606634cd6ba10348e3b48ec421147e42.mp3*~data=user_id=0,application_id=42~hmac=0018b1e6c0532c3d63f67267eebdb420e1c146070beaf2e465acb90069be6b69","","217","","","French House","Fred Falke foi curado para ampliar a profundidade de French House no catálogo.","underrepresented_subgenre_expansion_v18_20260820","https://www.deezer.com/track/2584121002","https://www.deezer.com/track/2584121002","2584121002","https://www.deezer.com/track/2584121002","https://cdn-images.dzcdn.net/images/cover/b008521d16a6d53995ea0820929db8e4/500x500-000000-80-0-0.jpg","","verified_underrepresented_subgenre_depth","french_house;French House;curated_artist;playable_depth;underrepresented_subgenre_expansion_v18_20260820","catalog_depth","underrepresented_style_depth","published","high","Artista curado para French House; artista exato, gravação e prévia verificados no Deezer."
"french_house","Fred Falke","Personal Jesus","Personal Jesus","","https://cdnt-preview.dzcdn.net/api/1/1/f/3/b/0/f3be4c87977e2845cc001328249c4c42.mp3?hdnea=exp=1787242660~acl=/api/1/1/f/3/b/0/f3be4c87977e2845cc001328249c4c42.mp3*~data=user_id=0,application_id=42~hmac=7ffb66e042c9793fe542b16f15818154e439378c905caa65838265c74c6fad00","","258","","","French House","Fred Falke foi curado para ampliar a profundidade de French House no catálogo.","underrepresented_subgenre_expansion_v18_20260820","https://www.deezer.com/track/2095895417","https://www.deezer.com/track/2095895417","2095895417","https://www.deezer.com/track/2095895417","https://cdn-images.dzcdn.net/images/cover/23d86fa9d61daace9dfcb021a9a15b83/500x500-000000-80-0-0.jpg","","verified_underrepresented_subgenre_depth","french_house;French House;curated_artist;playable_depth;underrepresented_subgenre_expansion_v18_20260820","catalog_depth","underrepresented_style_depth","published","high","Artista curado para French House; artista exato, gravação e prévia verificados no Deezer."
"french_house","Fred Falke","So Good","So Good","","https://cdnt-preview.dzcdn.net/api/1/1/6/4/5/0/6450ca0b06ed1ef3ef7c31b403befc44.mp3?hdnea=exp=1787242660~acl=/api/1/1/6/4/5/0/6450ca0b06ed1ef3ef7c31b403befc44.mp3*~data=user_id=0,application_id=42~hmac=be6ec6f1c5c5b4222e1ad88f916ac36755afc9e7a6af584f31724cca696f8cb6","","234","","","French House","Fred Falke foi curado para ampliar a profundidade de French House no catálogo.","underrepresented_subgenre_expansion_v18_20260820","https://www.deezer.com/track/1272332362","https://www.deezer.com/track/1272332362","1272332362","https://www.deezer.com/track/1272332362","https://cdn-images.dzcdn.net/images/cover/c861106e0fab022c8736e7a7d1d3954f/500x500-000000-80-0-0.jpg","","verified_underrepresented_subgenre_depth","french_house;French House;curated_artist;playable_depth;underrepresented_subgenre_expansion_v18_20260820","catalog_depth","underrepresented_style_depth","published","high","Artista curado para French House; artista exato, gravação e prévia verificados no Deezer."
"french_house","Modjo","Acknowledgement","Modjo (Remastered)","","https://audio-ssl.itunes.apple.com/itunes-assets/AudioPreview114/v4/4e/fc/fa/4efcfaa9-b188-bd2d-9b13-37af78580468/mzaf_7865430444403421000.plus.aac.p.m4a","2001-09-18","187","","","French House","Modjo foi curado para ampliar a profundidade de French House no catálogo.","underrepresented_subgenre_expansion_v18_20260820","https://music.apple.com/us/album/acknowledgement/1454022509?i=1454022529&uo=4","https://music.apple.com/us/album/acknowledgement/1454022509?i=1454022529&uo=4","","","https://is1-ssl.mzstatic.com/image/thumb/Music211/v4/14/09/57/1409572d-bff1-7794-c679-a73ed2d3e619/cover.jpg/600x600bb.jpg","","verified_underrepresented_subgenre_depth","french_house;French House;curated_artist;playable_depth;underrepresented_subgenre_expansion_v18_20260820;itunes_verified","catalog_depth","underrepresented_style_depth","published","high","Artista curado para French House; artista exato, gravação e prévia verificados em Apple Music."
"french_house","Modjo","Chillin'","Modjo (Remastered)","","https://audio-ssl.itunes.apple.com/itunes-assets/AudioPreview211/v4/68/9c/3a/689c3a19-c8e5-a255-d14d-91d196eee1c7/mzaf_809362854539200338.plus.aac.p.m4a","2001-05-01","294","","","French House","Modjo foi curado para ampliar a profundidade de French House no catálogo.","underrepresented_subgenre_expansion_v18_20260820","https://music.apple.com/us/album/chillin/692624255?i=692624263&uo=4","https://music.apple.com/us/album/chillin/692624255?i=692624263&uo=4","70232973","https://www.deezer.com/track/70232973","https://is1-ssl.mzstatic.com/image/thumb/Music115/v4/f5/25/2b/f5252b6e-0659-890b-7e9d-0e691944b95b/cover.jpg/600x600bb.jpg","","verified_underrepresented_subgenre_depth","french_house;French House;curated_artist;playable_depth;underrepresented_subgenre_expansion_v18_20260820;itunes_verified;deezer_verified","catalog_depth","underrepresented_style_depth","published","high","Artista curado para French House; artista exato, gravação e prévia verificados em Apple Music e Deezer."
"french_house","Modjo","Music Takes You Back","Modjo (Remastered)","","https://audio-ssl.itunes.apple.com/itunes-assets/AudioPreview114/v4/03/76/a5/0376a5fa-63d4-b26e-5d21-125907832616/mzaf_4223132089120609284.plus.aac.p.m4a","2001-09-18","254","","","French House","Modjo foi curado para ampliar a profundidade de French House no catálogo.","underrepresented_subgenre_expansion_v18_20260820","https://music.apple.com/us/album/music-takes-you-back/1454022509?i=1454022697&uo=4","https://music.apple.com/us/album/music-takes-you-back/1454022509?i=1454022697&uo=4","","","https://is1-ssl.mzstatic.com/image/thumb/Music211/v4/14/09/57/1409572d-bff1-7794-c679-a73ed2d3e619/cover.jpg/600x600bb.jpg","","verified_underrepresented_subgenre_depth","french_house;French House;curated_artist;playable_depth;underrepresented_subgenre_expansion_v18_20260820;itunes_verified","catalog_depth","underrepresented_style_depth","published","high","Artista curado para French House; artista exato, gravação e prévia verificados em Apple Music."
"french_house","Modjo","Rollercoaster","Modjo (Remastered)","","https://audio-ssl.itunes.apple.com/itunes-assets/AudioPreview221/v4/1f/2f/e9/1f2fe94d-a410-19df-0cd9-c5e239b70430/mzaf_15898823756450506060.plus.aac.p.m4a","2001-09-18","252","","","French House","Modjo foi curado para ampliar a profundidade de French House no catálogo.","underrepresented_subgenre_expansion_v18_20260820","https://music.apple.com/us/album/rollercoaster/692624255?i=692624756&uo=4","https://music.apple.com/us/album/rollercoaster/692624255?i=692624756&uo=4","70179726","https://www.deezer.com/track/70179726","https://is1-ssl.mzstatic.com/image/thumb/Music115/v4/f5/25/2b/f5252b6e-0659-890b-7e9d-0e691944b95b/cover.jpg/600x600bb.jpg","","verified_underrepresented_subgenre_depth","french_house;French House;curated_artist;playable_depth;underrepresented_subgenre_expansion_v18_20260820;itunes_verified;deezer_verified","catalog_depth","underrepresented_style_depth","published","high","Artista curado para French House; artista exato, gravação e prévia verificados em Apple Music e Deezer."
"italo_disco","Gazebo","Coincidence","Rainbow Tales","","https://audio-ssl.itunes.apple.com/itunes-assets/AudioPreview125/v4/0b/04/e6/0b04e68f-e85a-a63f-ff6c-75ca26e7fe33/mzaf_2433486835717844342.plus.aac.p.m4a","1987-06-01","288","","","Italo Disco","Gazebo foi curado para ampliar a profundidade de Italo Disco no catálogo.","underrepresented_subgenre_expansion_v18_20260820","https://music.apple.com/us/album/coincidence/200138158?i=200138278&uo=4","https://music.apple.com/us/album/coincidence/200138158?i=200138278&uo=4","1709431","https://www.deezer.com/track/1709431","https://is1-ssl.mzstatic.com/image/thumb/Music1/v4/98/20/76/982076a4-f620-c99c-aa75-34b0b8f1c29c/dj.coqtwumb.jpg/600x600bb.jpg","","verified_underrepresented_subgenre_depth","italo_disco;Italo Disco;curated_artist;playable_depth;underrepresented_subgenre_expansion_v18_20260820;itunes_verified;deezer_verified","catalog_depth","underrepresented_style_depth","published","high","Artista curado para Italo Disco; artista exato, gravação e prévia verificados em Apple Music e Deezer."
"italo_disco","Gazebo","I Like Chopin 2020 (Radio Edit)","I Like Chopin 2020 (Radio Coronaversion) - Single","","https://audio-ssl.itunes.apple.com/itunes-assets/AudioPreview115/v4/98/9a/7f/989a7fdc-7441-c015-9c9e-22f16cd72325/mzaf_13568020819077175744.plus.aac.p.m4a","2020-05-25","241","","","Italo Disco","Gazebo foi curado para ampliar a profundidade de Italo Disco no catálogo.","underrepresented_subgenre_expansion_v18_20260820","https://music.apple.com/us/album/i-like-chopin-2020-radio-edit/1516819771?i=1516820086&uo=4","https://music.apple.com/us/album/i-like-chopin-2020-radio-edit/1516819771?i=1516820086&uo=4","980982792","https://www.deezer.com/track/980982792","https://is1-ssl.mzstatic.com/image/thumb/Music123/v4/b4/7b/86/b47b86bb-4f40-1454-fad6-3d237033bc65/195081730691.jpg/600x600bb.jpg","","verified_underrepresented_subgenre_depth","italo_disco;Italo Disco;curated_artist;playable_depth;underrepresented_subgenre_expansion_v18_20260820;itunes_verified;deezer_verified","catalog_depth","underrepresented_style_depth","published","high","Artista curado para Italo Disco; artista exato, gravação e prévia verificados em Apple Music e Deezer."
"italo_disco","Gazebo","Lunatic","The Collection","","https://audio-ssl.itunes.apple.com/itunes-assets/AudioPreview125/v4/80/7b/69/807b69d7-7ae9-f4ad-aa74-11a26fca6807/mzaf_4898448049406905581.plus.aac.p.m4a","1998-07-13","237","","","Italo Disco","Gazebo foi curado para ampliar a profundidade de Italo Disco no catálogo.","underrepresented_subgenre_expansion_v18_20260820","https://music.apple.com/us/album/lunatic/313303445?i=313303642&uo=4","https://music.apple.com/us/album/lunatic/313303445?i=313303642&uo=4","69521993","https://www.deezer.com/track/69521993","https://is1-ssl.mzstatic.com/image/thumb/Features114/v4/35/89/7a/35897a62-9184-f8cd-18db-b90c897d9175/dj.joxdqdwa.jpg/600x600bb.jpg","","verified_underrepresented_subgenre_depth","italo_disco;Italo Disco;curated_artist;playable_depth;underrepresented_subgenre_expansion_v18_20260820;itunes_verified;deezer_verified","catalog_depth","underrepresented_style_depth","published","high","Artista curado para Italo Disco; artista exato, gravação e prévia verificados em Apple Music e Deezer."
"italo_disco","Gazebo","The Fourteenth of July","The Fourteenth of July","","https://cdnt-preview.dzcdn.net/api/1/1/8/1/5/0/81563f545282acc67f210218b97624b9.mp3?hdnea=exp=1787242660~acl=/api/1/1/8/1/5/0/81563f545282acc67f210218b97624b9.mp3*~data=user_id=0,application_id=42~hmac=7ce65644de88ccceaebfb5d8d13af60c67baaefca2e4fd13785d7671c048aa9d","","390","","","Italo Disco","Gazebo foi curado para ampliar a profundidade de Italo Disco no catálogo.","underrepresented_subgenre_expansion_v18_20260820","https://www.deezer.com/track/526106662","https://www.deezer.com/track/526106662","1841370","https://www.deezer.com/track/1841370","https://cdn-images.dzcdn.net/images/cover/29e73a6879cf290fb39a934e19ec92f5/500x500-000000-80-0-0.jpg","","verified_underrepresented_subgenre_depth","italo_disco;Italo Disco;curated_artist;playable_depth;underrepresented_subgenre_expansion_v18_20260820;deezer_verified","catalog_depth","underrepresented_style_depth","published","high","Artista curado para Italo Disco; artista exato, gravação e prévia verificados em Deezer."
"italo_disco","Ken Laszlo","Glasses Man VOCAL","Glasses Man / Everybody Is Dan","","https://cdnt-preview.dzcdn.net/api/1/1/f/c/e/0/fcebf9cf8f174bd219bf296ff424f1c3.mp3?hdnea=exp=1787242663~acl=/api/1/1/f/c/e/0/fcebf9cf8f174bd219bf296ff424f1c3.mp3*~data=user_id=0,application_id=42~hmac=5f18655bb3b1359be42df2bae1eb62e8450e18714bfbe13475beef982fed5daa","","365","","","Italo Disco","Ken Laszlo foi curado para ampliar a profundidade de Italo Disco no catálogo.","underrepresented_subgenre_expansion_v18_20260820","https://www.deezer.com/track/127442879","https://www.deezer.com/track/127442879","127442879","https://www.deezer.com/track/127442879","https://cdn-images.dzcdn.net/images/cover/be9183a13e92623b4d0a4360866fb75b/500x500-000000-80-0-0.jpg","","verified_underrepresented_subgenre_depth","italo_disco;Italo Disco;curated_artist;playable_depth;underrepresented_subgenre_expansion_v18_20260820","catalog_depth","underrepresented_style_depth","published","high","Artista curado para Italo Disco; artista exato, gravação e prévia verificados no Deezer."
"italo_disco","Ken Laszlo","Love Things","The Best of Ken Laszlo","","https://cdnt-preview.dzcdn.net/api/1/1/a/4/c/0/a4c4541a16038a48e8346ec7e111bcfd.mp3?hdnea=exp=1787242663~acl=/api/1/1/a/4/c/0/a4c4541a16038a48e8346ec7e111bcfd.mp3*~data=user_id=0,application_id=42~hmac=4c1208e6b069a57be9a1013d63bac49a993830dfe17c8dbbe36f3ce4564e15a2","","325","","","Italo Disco","Ken Laszlo foi curado para ampliar a profundidade de Italo Disco no catálogo.","underrepresented_subgenre_expansion_v18_20260820","https://www.deezer.com/track/137022114","https://www.deezer.com/track/137022114","137022114","https://www.deezer.com/track/137022114","https://cdn-images.dzcdn.net/images/cover/86f7ea739fbeed6d278c78dd791a5cac/500x500-000000-80-0-0.jpg","","verified_underrepresented_subgenre_depth","italo_disco;Italo Disco;curated_artist;playable_depth;underrepresented_subgenre_expansion_v18_20260820","catalog_depth","underrepresented_style_depth","published","high","Artista curado para Italo Disco; artista exato, gravação e prévia verificados no Deezer."
"italo_disco","Ken Laszlo","S.O.S.","S.O.S. - Single","","https://audio-ssl.itunes.apple.com/itunes-assets/AudioPreview125/v4/fe/28/d2/fe28d26c-76bc-e6e0-e39c-2248d6b5bd92/mzaf_2641450358914619138.plus.aac.p.m4a","2013-09-01","388","","","Italo Disco","Ken Laszlo foi curado para ampliar a profundidade de Italo Disco no catálogo.","underrepresented_subgenre_expansion_v18_20260820","https://music.apple.com/us/album/s-o-s/1443961432?i=1443961444&uo=4","https://music.apple.com/us/album/s-o-s/1443961432?i=1443961444&uo=4","131084606","https://www.deezer.com/track/131084606","https://is1-ssl.mzstatic.com/image/thumb/Music118/v4/4a/0f/d8/4a0fd8cd-a04b-1f68-6494-ab752df459a8/8421597108306.jpg/600x600bb.jpg","","verified_underrepresented_subgenre_depth","italo_disco;Italo Disco;curated_artist;playable_depth;underrepresented_subgenre_expansion_v18_20260820;itunes_verified;deezer_verified","catalog_depth","underrepresented_style_depth","published","high","Artista curado para Italo Disco; artista exato, gravação e prévia verificados em Apple Music e Deezer."
"italo_disco","Ken Laszlo","We Together","Hey Hey Guy Don't Cry Tonight","","https://cdnt-preview.dzcdn.net/api/1/1/4/f/f/0/4ff264157b5c72402813e9ce8facc534.mp3?hdnea=exp=1787242663~acl=/api/1/1/4/f/f/0/4ff264157b5c72402813e9ce8facc534.mp3*~data=user_id=0,application_id=42~hmac=9f0fccd491693d0f9cc5049e83c261a28d395e8e4a73188e1402190860f2a7ff","","256","","","Italo Disco","Ken Laszlo foi curado para ampliar a profundidade de Italo Disco no catálogo.","underrepresented_subgenre_expansion_v18_20260820","https://www.deezer.com/track/3152493771","https://www.deezer.com/track/3152493771","3152493771","https://www.deezer.com/track/3152493771","https://cdn-images.dzcdn.net/images/cover/79d146ef135428f1cd0dd3a480c376a8/500x500-000000-80-0-0.jpg","","verified_underrepresented_subgenre_depth","italo_disco;Italo Disco;curated_artist;playable_depth;underrepresented_subgenre_expansion_v18_20260820","catalog_depth","underrepresented_style_depth","published","high","Artista curado para Italo Disco; artista exato, gravação e prévia verificados no Deezer."
"italo_disco","P. Lion","A Song For You","Springtime","","https://audio-ssl.itunes.apple.com/itunes-assets/AudioPreview125/v4/47/b1/7f/47b17f27-02be-0a19-340a-aec19296fb76/mzaf_9314382264938321356.plus.aac.p.m4a","1984-01-01","303","","","Italo Disco","P. Lion foi curado para ampliar a profundidade de Italo Disco no catálogo.","underrepresented_subgenre_expansion_v18_20260820","https://music.apple.com/us/album/a-song-for-you/365004774?i=365004817&uo=4","https://music.apple.com/us/album/a-song-for-you/365004774?i=365004817&uo=4","1084589232","https://www.deezer.com/track/1084589232","https://is1-ssl.mzstatic.com/image/thumb/Features114/v4/fd/db/59/fddb59de-4467-8760-9247-e6024afc685b/dj.oziiqulb.jpg/600x600bb.jpg","","verified_underrepresented_subgenre_depth","italo_disco;Italo Disco;curated_artist;playable_depth;underrepresented_subgenre_expansion_v18_20260820;itunes_verified;deezer_verified","catalog_depth","underrepresented_style_depth","published","high","Artista curado para Italo Disco; artista exato, gravação e prévia verificados em Apple Music e Deezer."
"italo_disco","P. Lion","Flemming Dalum Megamix","Greatest Hits & Remixes","","https://cdnt-preview.dzcdn.net/api/1/1/b/1/5/0/b157743c503f841c6ac9215a90e04077.mp3?hdnea=exp=1787242662~acl=/api/1/1/b/1/5/0/b157743c503f841c6ac9215a90e04077.mp3*~data=user_id=0,application_id=42~hmac=846d036baae5a7a0edc40ae0f8ea5c83f4ed9e578b7525b976145b64d1143929","","401","","","Italo Disco","P. Lion foi curado para ampliar a profundidade de Italo Disco no catálogo.","underrepresented_subgenre_expansion_v18_20260820","https://www.deezer.com/track/1084589352","https://www.deezer.com/track/1084589352","1084589252","https://www.deezer.com/track/1084589252","https://cdn-images.dzcdn.net/images/cover/2d844a1267443d096580385c70a23056/500x500-000000-80-0-0.jpg","","verified_underrepresented_subgenre_depth","italo_disco;Italo Disco;curated_artist;playable_depth;underrepresented_subgenre_expansion_v18_20260820;deezer_verified","catalog_depth","underrepresented_style_depth","published","high","Artista curado para Italo Disco; artista exato, gravação e prévia verificados em Deezer."
"italo_disco","P. Lion","Tell Me","Tell Me","","https://cdnt-preview.dzcdn.net/api/1/1/9/d/a/0/9dad77af982fdc7e83aceab9e863d579.mp3?hdnea=exp=1787242662~acl=/api/1/1/9/d/a/0/9dad77af982fdc7e83aceab9e863d579.mp3*~data=user_id=0,application_id=42~hmac=82fe42a48c3efb7435dab0ffed1546d2a7621aaec32feb8b6fe75c5cf4478844","","193","","","Italo Disco","P. Lion foi curado para ampliar a profundidade de Italo Disco no catálogo.","underrepresented_subgenre_expansion_v18_20260820","https://www.deezer.com/track/3375792671","https://www.deezer.com/track/3375792671","3375792671","https://www.deezer.com/track/3375792671","https://cdn-images.dzcdn.net/images/cover/5b42cdb01f79b6218a00555cd2942c38/500x500-000000-80-0-0.jpg","","verified_underrepresented_subgenre_depth","italo_disco;Italo Disco;curated_artist;playable_depth;underrepresented_subgenre_expansion_v18_20260820","catalog_depth","underrepresented_style_depth","published","high","Artista curado para Italo Disco; artista exato, gravação e prévia verificados no Deezer."
"italo_disco","P. Lion","Under the Moon","Under the Moon - Single","","https://audio-ssl.itunes.apple.com/itunes-assets/AudioPreview115/v4/ff/01/70/ff01702d-c7d0-9af1-1a12-2d9e72646ff2/mzaf_776804128226749441.plus.aac.p.m4a","2008-11-14","430","","","Italo Disco","P. Lion foi curado para ampliar a profundidade de Italo Disco no catálogo.","underrepresented_subgenre_expansion_v18_20260820","https://music.apple.com/us/album/under-the-moon/295808254?i=295808260&uo=4","https://music.apple.com/us/album/under-the-moon/295808254?i=295808260&uo=4","1084589172","https://www.deezer.com/track/1084589172","https://is1-ssl.mzstatic.com/image/thumb/Music/9d/65/cd/mzi.orrcypgm.jpg/600x600bb.jpg","","verified_underrepresented_subgenre_depth","italo_disco;Italo Disco;curated_artist;playable_depth;underrepresented_subgenre_expansion_v18_20260820;itunes_verified;deezer_verified","catalog_depth","underrepresented_style_depth","published","high","Artista curado para Italo Disco; artista exato, gravação e prévia verificados em Apple Music e Deezer."
"italo_disco","Ryan Paris","Around My Dream Medley How Old Are You","Italo Megamix","","https://audio-ssl.itunes.apple.com/itunes-assets/AudioPreview115/v4/c0/0a/a1/c00aa112-ed5c-6a18-c6a8-0d9407106acf/mzaf_15746895578745658963.plus.aac.p.m4a","2006-05-02","322","","","Italo Disco","Ryan Paris foi curado para ampliar a profundidade de Italo Disco no catálogo.","underrepresented_subgenre_expansion_v18_20260820","https://music.apple.com/us/album/around-my-dream-medley-how-old-are-you/261467632?i=261467684&uo=4","https://music.apple.com/us/album/around-my-dream-medley-how-old-are-you/261467632?i=261467684&uo=4","","","https://is1-ssl.mzstatic.com/image/thumb/Music3/v4/5e/ee/e2/5eeee2a1-fc3f-c22b-3b4e-165beb2ad2a6/dj.sfasulwf.jpg/600x600bb.jpg","","verified_underrepresented_subgenre_depth","italo_disco;Italo Disco;curated_artist;playable_depth;underrepresented_subgenre_expansion_v18_20260820","catalog_depth","underrepresented_style_depth","published","high","Artista curado para Italo Disco; artista exato, gravação e prévia verificados no Apple Music."
"italo_disco","Ryan Paris","Light in the Dark","Light in the Dark - Single","","https://audio-ssl.itunes.apple.com/itunes-assets/AudioPreview115/v4/e6/05/71/e605711d-e03e-0933-5de3-3548160f31c3/mzaf_4638438254146658350.plus.aac.p.m4a","2015-07-03","356","","","Italo Disco","Ryan Paris foi curado para ampliar a profundidade de Italo Disco no catálogo.","underrepresented_subgenre_expansion_v18_20260820","https://music.apple.com/us/album/light-in-the-dark/1002275955?i=1002275957&uo=4","https://music.apple.com/us/album/light-in-the-dark/1002275955?i=1002275957&uo=4","","","https://is1-ssl.mzstatic.com/image/thumb/Music7/v4/de/f8/fd/def8fd37-30ba-eded-ebd0-149509eadd7b/cover.jpg/600x600bb.jpg","","verified_underrepresented_subgenre_depth","italo_disco;Italo Disco;curated_artist;playable_depth;underrepresented_subgenre_expansion_v18_20260820","catalog_depth","underrepresented_style_depth","published","high","Artista curado para Italo Disco; artista exato, gravação e prévia verificados no Apple Music."
"italo_disco","Ryan Paris","Paris On My Mind","Ryan Paris","","https://audio-ssl.itunes.apple.com/itunes-assets/AudioPreview124/v4/99/99/07/99990786-b945-3560-0bff-f20f94d83ba3/mzaf_15565119279748755604.plus.aac.p.m4a","1984-01-01","338","","","Italo Disco","Ryan Paris foi curado para ampliar a profundidade de Italo Disco no catálogo.","underrepresented_subgenre_expansion_v18_20260820","https://music.apple.com/us/album/paris-on-my-mind/1554458432?i=1554458676&uo=4","https://music.apple.com/us/album/paris-on-my-mind/1554458432?i=1554458676&uo=4","","","https://is1-ssl.mzstatic.com/image/thumb/Music114/v4/62/13/1c/62131c17-fe4a-c835-6110-bda1c6e4d677/886449103478.jpg/600x600bb.jpg","","verified_underrepresented_subgenre_depth","italo_disco;Italo Disco;curated_artist;playable_depth;underrepresented_subgenre_expansion_v18_20260820","catalog_depth","underrepresented_style_depth","published","high","Artista curado para Italo Disco; artista exato, gravação e prévia verificados no Apple Music."
"italo_disco","Ryan Paris","Toghether Again","Toghether Again - Single","","https://audio-ssl.itunes.apple.com/itunes-assets/AudioPreview115/v4/24/76/dd/2476ddd9-8ff9-3441-2ba0-15df063a3720/mzaf_10305104179736855449.plus.aac.p.m4a","2015-07-08","400","","","Italo Disco","Ryan Paris foi curado para ampliar a profundidade de Italo Disco no catálogo.","underrepresented_subgenre_expansion_v18_20260820","https://music.apple.com/us/album/toghether-again/1001623265?i=1001623272&uo=4","https://music.apple.com/us/album/toghether-again/1001623265?i=1001623272&uo=4","","","https://is1-ssl.mzstatic.com/image/thumb/Music7/v4/28/1e/2c/281e2c1e-5d13-6695-2bcb-242573de13cd/cover.jpg/600x600bb.jpg","","verified_underrepresented_subgenre_depth","italo_disco;Italo Disco;curated_artist;playable_depth;underrepresented_subgenre_expansion_v18_20260820","catalog_depth","underrepresented_style_depth","published","high","Artista curado para Italo Disco; artista exato, gravação e prévia verificados no Apple Music."
"italo_disco","Valerie Dore","It's So Easy In The Night To Get Closer","Greatest Hits & Remixes","","https://cdnt-preview.dzcdn.net/api/1/1/0/b/b/0/0bb5eb6ef74296c9e3137028de239198.mp3?hdnea=exp=1787242663~acl=/api/1/1/0/b/b/0/0bb5eb6ef74296c9e3137028de239198.mp3*~data=user_id=0,application_id=42~hmac=b4066283a0e93ae9a2a30fd7c3433eec550210e44bb5f643cfa14a1ef132e640","","538","","","Italo Disco","Valerie Dore foi curado para ampliar a profundidade de Italo Disco no catálogo.","underrepresented_subgenre_expansion_v18_20260820","https://www.deezer.com/track/121663800","https://www.deezer.com/track/121663800","121663800","https://www.deezer.com/track/121663800","https://cdn-images.dzcdn.net/images/cover/22bc752c0a0a11ab0bb921a262122c04/500x500-000000-80-0-0.jpg","","verified_underrepresented_subgenre_depth","italo_disco;Italo Disco;curated_artist;playable_depth;underrepresented_subgenre_expansion_v18_20260820","catalog_depth","underrepresented_style_depth","published","high","Artista curado para Italo Disco; artista exato, gravação e prévia verificados no Deezer."
"italo_disco","Valerie Dore","More Than A Kiss","Greatest Hits & Remixes","","https://cdnt-preview.dzcdn.net/api/1/1/7/1/4/0/7145a0c527836ff27afd2519b31fde61.mp3?hdnea=exp=1787242663~acl=/api/1/1/7/1/4/0/7145a0c527836ff27afd2519b31fde61.mp3*~data=user_id=0,application_id=42~hmac=a5359ffa1c9bf8c6c6f69620ef1f9985950ba9c3c019b34ebf1d8259bfbbf7a8","","234","","","Italo Disco","Valerie Dore foi curado para ampliar a profundidade de Italo Disco no catálogo.","underrepresented_subgenre_expansion_v18_20260820","https://www.deezer.com/track/131326182","https://www.deezer.com/track/131326182","131326182","https://www.deezer.com/track/131326182","https://cdn-images.dzcdn.net/images/cover/22bc752c0a0a11ab0bb921a262122c04/500x500-000000-80-0-0.jpg","","verified_underrepresented_subgenre_depth","italo_disco;Italo Disco;curated_artist;playable_depth;underrepresented_subgenre_expansion_v18_20260820","catalog_depth","underrepresented_style_depth","published","high","Artista curado para Italo Disco; artista exato, gravação e prévia verificados no Deezer."
"italo_disco","Valerie Dore","The Battle","The Night","","https://audio-ssl.itunes.apple.com/itunes-assets/AudioPreview211/v4/a1/f7/9b/a1f79b55-432d-1044-5689-1fcd598c1b25/mzaf_16134343925876182613.plus.aac.p.m4a","1984-01-01","126","","","Italo Disco","Valerie Dore foi curado para ampliar a profundidade de Italo Disco no catálogo.","underrepresented_subgenre_expansion_v18_20260820","https://music.apple.com/us/album/the-battle/1778730215?i=1778730228&uo=4","https://music.apple.com/us/album/the-battle/1778730215?i=1778730228&uo=4","","","https://is1-ssl.mzstatic.com/image/thumb/Music221/v4/83/83/7b/83837b2c-00ca-5e9e-233d-518d84dfa39f/7ea1da78-794c-40fa-b24c-106880fa7608.jpg/600x600bb.jpg","","verified_underrepresented_subgenre_depth","italo_disco;Italo Disco;curated_artist;playable_depth;underrepresented_subgenre_expansion_v18_20260820","catalog_depth","underrepresented_style_depth","published","high","Artista curado para Italo Disco; artista exato, gravação e prévia verificados no Apple Music."
"italo_disco","Valerie Dore","The Night (Vocal)","The Night - Single","","https://audio-ssl.itunes.apple.com/itunes-assets/AudioPreview115/v4/8e/f6/22/8ef62270-dd24-0764-f785-35ba1a195ce4/mzaf_5403596732584570436.plus.aac.p.m4a","1998-03-24","346","","","Italo Disco","Valerie Dore foi curado para ampliar a profundidade de Italo Disco no catálogo.","underrepresented_subgenre_expansion_v18_20260820","https://music.apple.com/us/album/the-night-vocal/1096064814?i=1096064954&uo=4","https://music.apple.com/us/album/the-night-vocal/1096064814?i=1096064954&uo=4","","","https://is1-ssl.mzstatic.com/image/thumb/Music123/v4/2a/e7/65/2ae76590-1d2c-4fcb-58bd-eac44e1a68e8/090204692354.jpg/600x600bb.jpg","","verified_underrepresented_subgenre_depth","italo_disco;Italo Disco;curated_artist;playable_depth;underrepresented_subgenre_expansion_v18_20260820","catalog_depth","underrepresented_style_depth","published","high","Artista curado para Italo Disco; artista exato, gravação e prévia verificados no Apple Music."
"latin_house","Andruss","Boa Abelinha","Hotter Than Hell","","https://audio-ssl.itunes.apple.com/itunes-assets/AudioPreview116/v4/87/d0/da/87d0dadd-3e9a-31ce-37cf-fbc82a3ddb23/mzaf_18139010302002850788.plus.aac.p.m4a","2023-07-14","201","","","Latin House","Andruss foi curado para ampliar a profundidade de Latin House no catálogo.","underrepresented_subgenre_expansion_v18_20260820","https://music.apple.com/us/album/boa-abelinha/1695126036?i=1695126042&uo=4","https://music.apple.com/us/album/boa-abelinha/1695126036?i=1695126042&uo=4","2349629205","https://www.deezer.com/track/2349629205","https://is1-ssl.mzstatic.com/image/thumb/Music126/v4/9c/70/a0/9c70a0c7-0a55-9f1d-7b9e-843d1f9bb7e4/cover.jpg/600x600bb.jpg","","verified_underrepresented_subgenre_depth","latin_house;Latin House;curated_artist;playable_depth;underrepresented_subgenre_expansion_v18_20260820;itunes_verified;deezer_verified","catalog_depth","underrepresented_style_depth","published","high","Artista curado para Latin House; artista exato, gravação e prévia verificados em Apple Music e Deezer."
"latin_house","Andruss","FREAK","FREAK","","https://cdnt-preview.dzcdn.net/api/1/1/9/6/8/0/968e1f0301392ac5f714f6dc64a7686f.mp3?hdnea=exp=1787242653~acl=/api/1/1/9/6/8/0/968e1f0301392ac5f714f6dc64a7686f.mp3*~data=user_id=0,application_id=42~hmac=c21366baac33f519dfcc49ef06810427de8956f4fea1c6f0e3ab608adfeae113","","168","","","Latin House","Andruss foi curado para ampliar a profundidade de Latin House no catálogo.","underrepresented_subgenre_expansion_v18_20260820","https://www.deezer.com/track/3892441801","https://www.deezer.com/track/3892441801","3892441801","https://www.deezer.com/track/3892441801","https://cdn-images.dzcdn.net/images/cover/e0e783492895e3ad9ad920ff173a6b9d/500x500-000000-80-0-0.jpg","","verified_underrepresented_subgenre_depth","latin_house;Latin House;curated_artist;playable_depth;underrepresented_subgenre_expansion_v18_20260820","catalog_depth","underrepresented_style_depth","published","high","Artista curado para Latin House; artista exato, gravação e prévia verificados no Deezer."
"latin_house","Andruss","Joker","Joker EP","","https://cdnt-preview.dzcdn.net/api/1/1/8/3/7/0/83742cf0dc442c534dbf80d043912e51.mp3?hdnea=exp=1787242653~acl=/api/1/1/8/3/7/0/83742cf0dc442c534dbf80d043912e51.mp3*~data=user_id=0,application_id=42~hmac=f9fc78e3e550266213e2ed513a9020d49cdfa329cfa6dc286a9a9ba9912cb832","","240","","","Latin House","Andruss foi curado para ampliar a profundidade de Latin House no catálogo.","underrepresented_subgenre_expansion_v18_20260820","https://www.deezer.com/track/1743648517","https://www.deezer.com/track/1743648517","1743648517","https://www.deezer.com/track/1743648517","https://cdn-images.dzcdn.net/images/cover/a9436646f5dc80eb67cc8d7edd01e675/500x500-000000-80-0-0.jpg","","verified_underrepresented_subgenre_depth","latin_house;Latin House;curated_artist;playable_depth;underrepresented_subgenre_expansion_v18_20260820","catalog_depth","underrepresented_style_depth","published","high","Artista curado para Latin House; artista exato, gravação e prévia verificados no Deezer."
"latin_house","Andruss","Vai Caralho (Do togo)","Vai Caralho (Do togo)","","https://cdnt-preview.dzcdn.net/api/1/1/a/e/8/0/ae81b6eb4ccb43169899d23a4c7a6285.mp3?hdnea=exp=1787242653~acl=/api/1/1/a/e/8/0/ae81b6eb4ccb43169899d23a4c7a6285.mp3*~data=user_id=0,application_id=42~hmac=a222d7715637758a2e20a79e4e336d16cdba61e79f9fb848a286cc6c90a7bc36","","188","","","Latin House","Andruss foi curado para ampliar a profundidade de Latin House no catálogo.","underrepresented_subgenre_expansion_v18_20260820","https://www.deezer.com/track/2683937582","https://www.deezer.com/track/2683937582","2683937582","https://www.deezer.com/track/2683937582","https://cdn-images.dzcdn.net/images/cover/6309abbc6c532d835d477655c80852c6/500x500-000000-80-0-0.jpg","","verified_underrepresented_subgenre_depth","latin_house;Latin House;curated_artist;playable_depth;underrepresented_subgenre_expansion_v18_20260820","catalog_depth","underrepresented_style_depth","published","high","Artista curado para Latin House; artista exato, gravação e prévia verificados no Deezer."
"latin_house","Harry Romero","Get It Right","Get It Right","","https://cdnt-preview.dzcdn.net/api/1/1/b/a/3/0/ba353688ba931f4be22fad5f67fa4a80.mp3?hdnea=exp=1787242655~acl=/api/1/1/b/a/3/0/ba353688ba931f4be22fad5f67fa4a80.mp3*~data=user_id=0,application_id=42~hmac=1f39568ec6c38347ab73404b6e2d6a5b8b6e7a0dc5c545ddcd5628bd62470a6c","","371","","","Latin House","Harry Romero foi curado para ampliar a profundidade de Latin House no catálogo.","underrepresented_subgenre_expansion_v18_20260820","https://www.deezer.com/track/3155694711","https://www.deezer.com/track/3155694711","3155694711","https://www.deezer.com/track/3155694711","https://cdn-images.dzcdn.net/images/cover/85272fbb0030e074d13dfb2a22f6f69f/500x500-000000-80-0-0.jpg","","verified_underrepresented_subgenre_depth","latin_house;Latin House;curated_artist;playable_depth;underrepresented_subgenre_expansion_v18_20260820","catalog_depth","underrepresented_style_depth","published","high","Artista curado para Latin House; artista exato, gravação e prévia verificados no Deezer."
"latin_house","Harry Romero","Mood Vision","Mood Vision - Single","","https://audio-ssl.itunes.apple.com/itunes-assets/AudioPreview115/v4/95/36/90/95369091-1c7d-fc94-ae84-af5c45db4856/mzaf_17000736349775007304.plus.aac.p.m4a","2019-11-22","388","","","Latin House","Harry Romero foi curado para ampliar a profundidade de Latin House no catálogo.","underrepresented_subgenre_expansion_v18_20260820","https://music.apple.com/us/album/mood-vision/1484017441?i=1484017442&uo=4","https://music.apple.com/us/album/mood-vision/1484017441?i=1484017442&uo=4","810186422","https://www.deezer.com/track/810186422","https://is1-ssl.mzstatic.com/image/thumb/Music113/v4/2e/4f/d8/2e4fd87a-97c2-c9ed-0b97-ed9dda7afa71/cover.jpg/600x600bb.jpg","","verified_underrepresented_subgenre_depth","latin_house;Latin House;curated_artist;playable_depth;underrepresented_subgenre_expansion_v18_20260820;itunes_verified;deezer_verified","catalog_depth","underrepresented_style_depth","published","high","Artista curado para Latin House; artista exato, gravação e prévia verificados em Apple Music e Deezer."
"latin_house","Harry Romero","Renegades","Renegades","","https://cdnt-preview.dzcdn.net/api/1/1/8/7/3/0/873621e1518ab945bb34da1fa505352f.mp3?hdnea=exp=1787242655~acl=/api/1/1/8/7/3/0/873621e1518ab945bb34da1fa505352f.mp3*~data=user_id=0,application_id=42~hmac=2d2dc13c916b4edb0c995a18cae018754ba8421dc925cec18b69d2ca03440b2b","","201","","","Latin House","Harry Romero foi curado para ampliar a profundidade de Latin House no catálogo.","underrepresented_subgenre_expansion_v18_20260820","https://www.deezer.com/track/3989929121","https://www.deezer.com/track/3989929121","3989929121","https://www.deezer.com/track/3989929121","https://cdn-images.dzcdn.net/images/cover/b0f8a24fc4ce39e1425960d9e7a39e3f/500x500-000000-80-0-0.jpg","","verified_underrepresented_subgenre_depth","latin_house;Latin House;curated_artist;playable_depth;underrepresented_subgenre_expansion_v18_20260820","catalog_depth","underrepresented_style_depth","published","high","Artista curado para Latin House; artista exato, gravação e prévia verificados no Deezer."
"latin_house","Harry Romero","The Corner","The Corner","","https://cdnt-preview.dzcdn.net/api/1/1/4/2/4/0/42490911647b14b9a3e0aa3ae25dd6ea.mp3?hdnea=exp=1787242655~acl=/api/1/1/4/2/4/0/42490911647b14b9a3e0aa3ae25dd6ea.mp3*~data=user_id=0,application_id=42~hmac=cdf02886b4504b1a938bdebbfa8b80db9cbcad1559c8a886d36c5e4899218245","","198","","","Latin House","Harry Romero foi curado para ampliar a profundidade de Latin House no catálogo.","underrepresented_subgenre_expansion_v18_20260820","https://www.deezer.com/track/4019333411","https://www.deezer.com/track/4019333411","4019333411","https://www.deezer.com/track/4019333411","https://cdn-images.dzcdn.net/images/cover/2c58ba12f961e6a84281c499f1edd6fb/500x500-000000-80-0-0.jpg","","verified_underrepresented_subgenre_depth","latin_house;Latin House;curated_artist;playable_depth;underrepresented_subgenre_expansion_v18_20260820","catalog_depth","underrepresented_style_depth","published","high","Artista curado para Latin House; artista exato, gravação e prévia verificados no Deezer."
"latin_house","HUGEL","I Adore You","I Adore You","","https://cdnt-preview.dzcdn.net/api/1/1/5/3/e/0/53e77a60b62fa49eac405a34694d4fa1.mp3?hdnea=exp=1787242652~acl=/api/1/1/5/3/e/0/53e77a60b62fa49eac405a34694d4fa1.mp3*~data=user_id=0,application_id=42~hmac=6a7ee3c2362dab43d782d72d8ecd43d9b2c9c4173c49376007393c31c3cd3cb9","","214","","","Latin House","HUGEL foi curado para ampliar a profundidade de Latin House no catálogo.","underrepresented_subgenre_expansion_v18_20260820","https://www.deezer.com/track/2887264442","https://www.deezer.com/track/2887264442","3040566441","https://www.deezer.com/track/3040566441","https://cdn-images.dzcdn.net/images/cover/5e72c1605bbbb12db3d46250302436d4/500x500-000000-80-0-0.jpg","","verified_underrepresented_subgenre_depth","latin_house;Latin House;curated_artist;playable_depth;underrepresented_subgenre_expansion_v18_20260820;deezer_verified","catalog_depth","underrepresented_style_depth","published","high","Artista curado para Latin House; artista exato, gravação e prévia verificados em Deezer."
"latin_house","HUGEL","La Verdolaga (feat. Totó La Momposina)","La Verdolaga (feat. Totó La Momposina) - Single","","https://audio-ssl.itunes.apple.com/itunes-assets/AudioPreview211/v4/2c/5e/73/2c5e73b3-ea3e-46cf-ac7b-898bf85b427e/mzaf_9450507517377739200.plus.aac.p.m4a","2024-06-13","151","","","Latin House","HUGEL foi curado para ampliar a profundidade de Latin House no catálogo.","underrepresented_subgenre_expansion_v18_20260820","https://music.apple.com/us/album/la-verdolaga-feat-tot%C3%B3-la-momposina/1784007170?i=1784007171&uo=4","https://music.apple.com/us/album/la-verdolaga-feat-tot%C3%B3-la-momposina/1784007170?i=1784007171&uo=4","3156247951","https://www.deezer.com/track/3156247951","https://is1-ssl.mzstatic.com/image/thumb/Music221/v4/35/5d/70/355d7085-bb8c-6497-07d1-c5b7df3b59b7/826194670696.png/600x600bb.jpg","","verified_underrepresented_subgenre_depth","latin_house;Latin House;curated_artist;playable_depth;underrepresented_subgenre_expansion_v18_20260820;itunes_verified;deezer_verified","catalog_depth","underrepresented_style_depth","published","high","Artista curado para Latin House; artista exato, gravação e prévia verificados em Apple Music e Deezer."
"latin_house","HUGEL","Morenita (feat. Cumbiafrica)","Morenita (feat. Cumbiafrica) - Single","","https://audio-ssl.itunes.apple.com/itunes-assets/AudioPreview126/v4/c0/72/d3/c072d3bc-723c-19fd-cbc8-6be9d28a241a/mzaf_3175704977207198378.plus.aac.p.m4a","2021-06-25","176","","","Latin House","HUGEL foi curado para ampliar a profundidade de Latin House no catálogo.","underrepresented_subgenre_expansion_v18_20260820","https://music.apple.com/us/album/morenita-feat-cumbiafrica/1570417967?i=1570417970&uo=4","https://music.apple.com/us/album/morenita-feat-cumbiafrica/1570417967?i=1570417970&uo=4","1391847922","https://www.deezer.com/track/1391847922","https://is1-ssl.mzstatic.com/image/thumb/Music115/v4/32/a7/d2/32a7d261-7aeb-ffa5-140d-0a0a8ffdb6eb/cover.jpg/600x600bb.jpg","","verified_underrepresented_subgenre_depth","latin_house;Latin House;curated_artist;playable_depth;underrepresented_subgenre_expansion_v18_20260820;itunes_verified;deezer_verified","catalog_depth","underrepresented_style_depth","published","high","Artista curado para Latin House; artista exato, gravação e prévia verificados em Apple Music e Deezer."
"latin_house","HUGEL","Movin' To The Sun","Movin' To The Sun","","https://cdnt-preview.dzcdn.net/api/1/1/c/f/9/0/cf9f9224b9e80cb95212aa1670b8aea7.mp3?hdnea=exp=1787242652~acl=/api/1/1/c/f/9/0/cf9f9224b9e80cb95212aa1670b8aea7.mp3*~data=user_id=0,application_id=42~hmac=32b263221b2e37c68351764e6897c519eeeca82fa02402355267017b78674fb2","","142","","","Latin House","HUGEL foi curado para ampliar a profundidade de Latin House no catálogo.","underrepresented_subgenre_expansion_v18_20260820","https://www.deezer.com/track/4019797791","https://www.deezer.com/track/4019797791","4019797791","https://www.deezer.com/track/4019797791","https://cdn-images.dzcdn.net/images/cover/021770bfdd65ae5978680a8e3b9e8899/500x500-000000-80-0-0.jpg","","verified_underrepresented_subgenre_depth","latin_house;Latin House;curated_artist;playable_depth;underrepresented_subgenre_expansion_v18_20260820","catalog_depth","underrepresented_style_depth","published","high","Artista curado para Latin House; artista exato, gravação e prévia verificados no Deezer."
"latin_house","Jude & Frank","La Tarde","La Tarde","","https://cdnt-preview.dzcdn.net/api/1/1/4/4/8/0/4488c0dc83d8baf8925924c2b72b08a1.mp3?hdnea=exp=1787242654~acl=/api/1/1/4/4/8/0/4488c0dc83d8baf8925924c2b72b08a1.mp3*~data=user_id=0,application_id=42~hmac=30660d1e77ce20e8a10829896f32f4d0729db24ad5be4d18e1299b92526dff75","","163","","","Latin House","Jude & Frank foi curado para ampliar a profundidade de Latin House no catálogo.","underrepresented_subgenre_expansion_v18_20260820","https://www.deezer.com/track/2079969467","https://www.deezer.com/track/2079969467","2079969467","https://www.deezer.com/track/2079969467","https://cdn-images.dzcdn.net/images/cover/1a3700e3c41cb0b0d423d1bd5fde23c2/500x500-000000-80-0-0.jpg","","verified_underrepresented_subgenre_depth","latin_house;Latin House;curated_artist;playable_depth;underrepresented_subgenre_expansion_v18_20260820","catalog_depth","underrepresented_style_depth","published","high","Artista curado para Latin House; artista exato, gravação e prévia verificados no Deezer."
"latin_house","Jude & Frank","Oxum","Oxum","","https://cdnt-preview.dzcdn.net/api/1/1/a/c/0/0/ac0c95fce5717ae101a940acf417e1b2.mp3?hdnea=exp=1787242654~acl=/api/1/1/a/c/0/0/ac0c95fce5717ae101a940acf417e1b2.mp3*~data=user_id=0,application_id=42~hmac=bc4ec1c489c72271877a7f1d4e9c0a708e191059f3ffe1d299bf0892ddc035fa","","206","","","Latin House","Jude & Frank foi curado para ampliar a profundidade de Latin House no catálogo.","underrepresented_subgenre_expansion_v18_20260820","https://www.deezer.com/track/2969421121","https://www.deezer.com/track/2969421121","2969421121","https://www.deezer.com/track/2969421121","https://cdn-images.dzcdn.net/images/cover/be0f2f595256b5e58dd55ae75ada5341/500x500-000000-80-0-0.jpg","","verified_underrepresented_subgenre_depth","latin_house;Latin House;curated_artist;playable_depth;underrepresented_subgenre_expansion_v18_20260820","catalog_depth","underrepresented_style_depth","published","high","Artista curado para Latin House; artista exato, gravação e prévia verificados no Deezer."
"latin_house","Jude & Frank","Pra não dizer que não falei das flores","Pra não dizer que não falei das flores","","https://cdnt-preview.dzcdn.net/api/1/1/1/1/7/0/117a7f55136335018b95e79830c466b8.mp3?hdnea=exp=1787242654~acl=/api/1/1/1/1/7/0/117a7f55136335018b95e79830c466b8.mp3*~data=user_id=0,application_id=42~hmac=e4d20bf6ba12c47c1c4452fd22faaceb58ec0bb8a96684d6c0d3866349a15e36","","340","","","Latin House","Jude & Frank foi curado para ampliar a profundidade de Latin House no catálogo.","underrepresented_subgenre_expansion_v18_20260820","https://www.deezer.com/track/565180672","https://www.deezer.com/track/565180672","3784901552","https://www.deezer.com/track/3784901552","https://cdn-images.dzcdn.net/images/cover/d951503e21d9ce269372028083cec16a/500x500-000000-80-0-0.jpg","","verified_underrepresented_subgenre_depth","latin_house;Latin House;curated_artist;playable_depth;underrepresented_subgenre_expansion_v18_20260820;deezer_verified","catalog_depth","underrepresented_style_depth","published","high","Artista curado para Latin House; artista exato, gravação e prévia verificados em Deezer."
"latin_house","Jude & Frank","Werk","Werk","","https://cdnt-preview.dzcdn.net/api/1/1/9/f/2/0/9f22d1a7c512f207b8afe177770ca1d5.mp3?hdnea=exp=1787242654~acl=/api/1/1/9/f/2/0/9f22d1a7c512f207b8afe177770ca1d5.mp3*~data=user_id=0,application_id=42~hmac=86f290fee18ee94e5917fd253e7ea729a2a7ffdb325c3bd99ad871e1406e82c4","","154","","","Latin House","Jude & Frank foi curado para ampliar a profundidade de Latin House no catálogo.","underrepresented_subgenre_expansion_v18_20260820","https://www.deezer.com/track/4154722482","https://www.deezer.com/track/4154722482","4154722482","https://www.deezer.com/track/4154722482","https://cdn-images.dzcdn.net/images/cover/f411b95dbab756b62ec9065ac772367b/500x500-000000-80-0-0.jpg","","verified_underrepresented_subgenre_depth","latin_house;Latin House;curated_artist;playable_depth;underrepresented_subgenre_expansion_v18_20260820","catalog_depth","underrepresented_style_depth","published","high","Artista curado para Latin House; artista exato, gravação e prévia verificados no Deezer."
"latin_house","Sllash & Doppe","Bate Bate","Bate Bate","","https://cdnt-preview.dzcdn.net/api/1/1/b/e/5/0/be5b5271a51d42012a0fa8b24b87152f.mp3?hdnea=exp=1787242656~acl=/api/1/1/b/e/5/0/be5b5271a51d42012a0fa8b24b87152f.mp3*~data=user_id=0,application_id=42~hmac=ad87077ca4ee6322199f2f65879fd1bf41e65c07e65b751c1935574e51faadee","","160","","","Latin House","Sllash & Doppe foi curado para ampliar a profundidade de Latin House no catálogo.","underrepresented_subgenre_expansion_v18_20260820","https://www.deezer.com/track/3373369751","https://www.deezer.com/track/3373369751","3373369751","https://www.deezer.com/track/3373369751","https://cdn-images.dzcdn.net/images/cover/9042a646e4f18ac8ecf0693a4555864c/500x500-000000-80-0-0.jpg","","verified_underrepresented_subgenre_depth","latin_house;Latin House;curated_artist;playable_depth;underrepresented_subgenre_expansion_v18_20260820","catalog_depth","underrepresented_style_depth","published","high","Artista curado para Latin House; artista exato, gravação e prévia verificados no Deezer."
"latin_house","Sllash & Doppe","Bonita","Bonita - Single","","https://audio-ssl.itunes.apple.com/itunes-assets/AudioPreview211/v4/41/7d/0c/417d0c9b-b35f-f629-821c-abc670af1499/mzaf_850437782018256480.plus.aac.p.m4a","2025-04-25","173","","","Latin House","Sllash & Doppe foi curado para ampliar a profundidade de Latin House no catálogo.","underrepresented_subgenre_expansion_v18_20260820","https://music.apple.com/us/album/bonita/1808465911?i=1808465913&uo=4","https://music.apple.com/us/album/bonita/1808465911?i=1808465913&uo=4","3325017121","https://www.deezer.com/track/3325017121","https://is1-ssl.mzstatic.com/image/thumb/Music221/v4/70/0c/c7/700cc7fb-1d04-79a7-5e33-177413c163a1/cover.jpg/600x600bb.jpg","","verified_underrepresented_subgenre_depth","latin_house;Latin House;curated_artist;playable_depth;underrepresented_subgenre_expansion_v18_20260820;itunes_verified;deezer_verified","catalog_depth","underrepresented_style_depth","published","high","Artista curado para Latin House; artista exato, gravação e prévia verificados em Apple Music e Deezer."
"latin_house","Sllash & Doppe","Cruel Summer","Cruel Summer - Single","","https://audio-ssl.itunes.apple.com/itunes-assets/AudioPreview221/v4/58/16/27/581627c2-c1d4-1878-f886-cbd9a2ba4fc0/mzaf_1822609010073822246.plus.aac.p.m4a","2024-04-26","201","","","Latin House","Sllash & Doppe foi curado para ampliar a profundidade de Latin House no catálogo.","underrepresented_subgenre_expansion_v18_20260820","https://music.apple.com/us/album/cruel-summer/1740321090?i=1740321091&uo=4","https://music.apple.com/us/album/cruel-summer/1740321090?i=1740321091&uo=4","2743998381","https://www.deezer.com/track/2743998381","https://is1-ssl.mzstatic.com/image/thumb/Music221/v4/bf/cb/91/bfcb9122-758c-59f7-eb71-e40ce478fad8/cover.jpg/600x600bb.jpg","","verified_underrepresented_subgenre_depth","latin_house;Latin House;curated_artist;playable_depth;underrepresented_subgenre_expansion_v18_20260820;itunes_verified;deezer_verified","catalog_depth","underrepresented_style_depth","published","high","Artista curado para Latin House; artista exato, gravação e prévia verificados em Apple Music e Deezer."
"latin_house","Sllash & Doppe","Sahara","Sahara - Single","","https://audio-ssl.itunes.apple.com/itunes-assets/AudioPreview211/v4/3f/b5/63/3fb563dc-916b-b5e5-a01a-cc235801fe63/mzaf_18094569255968174796.plus.aac.p.m4a","2025-09-12","383","","","Latin House","Sllash & Doppe foi curado para ampliar a profundidade de Latin House no catálogo.","underrepresented_subgenre_expansion_v18_20260820","https://music.apple.com/us/album/sahara/1836215892?i=1836215894&uo=4","https://music.apple.com/us/album/sahara/1836215892?i=1836215894&uo=4","3530052821","https://www.deezer.com/track/3530052821","https://is1-ssl.mzstatic.com/image/thumb/Music221/v4/bc/2e/3f/bc2e3f86-bd5d-6a78-c640-579fd325203c/4251353216730.png/600x600bb.jpg","","verified_underrepresented_subgenre_depth","latin_house;Latin House;curated_artist;playable_depth;underrepresented_subgenre_expansion_v18_20260820;itunes_verified;deezer_verified","catalog_depth","underrepresented_style_depth","published","high","Artista curado para Latin House; artista exato, gravação e prévia verificados em Apple Music e Deezer."
"lowercase","Richard Chartier","interreference.3","Interreferences","","https://audio-ssl.itunes.apple.com/itunes-assets/AudioPreview124/v4/3d/e6/af/3de6afbc-c294-8735-4edc-4f35d8990ef9/mzaf_4730303359294068396.plus.aac.p.m4a","2021-03-29","440","","","Lowercase / Onkyo","Richard Chartier foi curado para ampliar a profundidade de Lowercase / Onkyo no catálogo.","underrepresented_subgenre_expansion_v18_20260820","https://music.apple.com/us/album/interreference-3/1554961000?i=1554961008&uo=4","https://music.apple.com/us/album/interreference-3/1554961000?i=1554961008&uo=4","","","https://is1-ssl.mzstatic.com/image/thumb/Music124/v4/ea/47/be/ea47be9e-01ce-4f80-a87e-fd2b25631b07/196006173418.jpg/600x600bb.jpg","","verified_underrepresented_subgenre_depth","lowercase;Lowercase / Onkyo;curated_artist;playable_depth;underrepresented_subgenre_expansion_v18_20260820","catalog_depth","underrepresented_style_depth","published","high","Artista curado para Lowercase / Onkyo; artista exato, gravação e prévia verificados no Apple Music."
"lowercase","Richard Chartier","on a continuous form 1","on a continuous form","","https://audio-ssl.itunes.apple.com/itunes-assets/AudioPreview126/v4/99/bb/91/99bb91ec-0acb-3f6a-54e7-5bf8cd291506/mzaf_13971867510270058075.plus.aac.p.m4a","2023-07-14","426","","","Lowercase / Onkyo","Richard Chartier foi curado para ampliar a profundidade de Lowercase / Onkyo no catálogo.","underrepresented_subgenre_expansion_v18_20260820","https://music.apple.com/us/album/on-a-continuous-form-1/1693022627?i=1693022633&uo=4","https://music.apple.com/us/album/on-a-continuous-form-1/1693022627?i=1693022633&uo=4","","","https://is1-ssl.mzstatic.com/image/thumb/Music126/v4/e7/dd/c5/e7ddc50e-0d6e-07f0-2d8a-4da6404e0863/881626798768_cover.jpg/600x600bb.jpg","","verified_underrepresented_subgenre_depth","lowercase;Lowercase / Onkyo;curated_artist;playable_depth;underrepresented_subgenre_expansion_v18_20260820","catalog_depth","underrepresented_style_depth","published","high","Artista curado para Lowercase / Onkyo; artista exato, gravação e prévia verificados no Apple Music."
"lowercase","Richard Chartier","on a continuous form 3","on a continuous form","","https://audio-ssl.itunes.apple.com/itunes-assets/AudioPreview126/v4/e0/76/f0/e076f061-0ba1-ff3e-0b38-8467e7523d82/mzaf_4175904874376860206.plus.aac.p.m4a","2023-07-14","236","","","Lowercase / Onkyo","Richard Chartier foi curado para ampliar a profundidade de Lowercase / Onkyo no catálogo.","underrepresented_subgenre_expansion_v18_20260820","https://music.apple.com/us/album/on-a-continuous-form-3/1693022627?i=1693022638&uo=4","https://music.apple.com/us/album/on-a-continuous-form-3/1693022627?i=1693022638&uo=4","","","https://is1-ssl.mzstatic.com/image/thumb/Music126/v4/e7/dd/c5/e7ddc50e-0d6e-07f0-2d8a-4da6404e0863/881626798768_cover.jpg/600x600bb.jpg","","verified_underrepresented_subgenre_depth","lowercase;Lowercase / Onkyo;curated_artist;playable_depth;underrepresented_subgenre_expansion_v18_20260820","catalog_depth","underrepresented_style_depth","published","high","Artista curado para Lowercase / Onkyo; artista exato, gravação e prévia verificados no Apple Music."
"lowercase","Richard Chartier","Retrieval Path","Subsequent Materials (2006-2012)","","https://audio-ssl.itunes.apple.com/itunes-assets/AudioPreview126/v4/8e/f0/60/8ef06049-b0c0-b559-0b8f-4e402d80af03/mzaf_13246990979811613816.plus.aac.p.m4a","2006-01-01","686","","","Lowercase / Onkyo","Richard Chartier foi curado para ampliar a profundidade de Lowercase / Onkyo no catálogo.","underrepresented_subgenre_expansion_v18_20260820","https://music.apple.com/us/album/retrieval-path/853328532?i=853328646&uo=4","https://music.apple.com/us/album/retrieval-path/853328532?i=853328646&uo=4","","","https://is1-ssl.mzstatic.com/image/thumb/Music4/v4/93/d4/47/93d44725-a8c9-e698-c445-d79db9e016e5/cover.jpg/600x600bb.jpg","","verified_underrepresented_subgenre_depth","lowercase;Lowercase / Onkyo;curated_artist;playable_depth;underrepresented_subgenre_expansion_v18_20260820","catalog_depth","underrepresented_style_depth","published","high","Artista curado para Lowercase / Onkyo; artista exato, gravação e prévia verificados no Apple Music."
"lowercase","Sachiko M","Don't Ask","Sine Wave Solo","","https://audio-ssl.itunes.apple.com/itunes-assets/AudioPreview123/v4/5e/5c/cd/5e5ccded-0bf3-9784-01d9-f73df7e2f7ef/mzaf_5904486338096624887.plus.aac.p.m4a","1999-01-01","186","","","Lowercase / Onkyo","Sachiko M foi curado para ampliar a profundidade de Lowercase / Onkyo no catálogo.","underrepresented_subgenre_expansion_v18_20260820","https://music.apple.com/us/album/dont-ask/1516760724?i=1516760860&uo=4","https://music.apple.com/us/album/dont-ask/1516760724?i=1516760860&uo=4","","","https://is1-ssl.mzstatic.com/image/thumb/Music123/v4/01/ec/00/01ec00c9-de3d-4530-90ba-52287ef4245a/195081711751.jpg/600x600bb.jpg","","verified_underrepresented_subgenre_depth","lowercase;Lowercase / Onkyo;curated_artist;playable_depth;underrepresented_subgenre_expansion_v18_20260820","catalog_depth","underrepresented_style_depth","published","high","Artista curado para Lowercase / Onkyo; artista exato, gravação e prévia verificados no Apple Music."
"lowercase","Sachiko M","Don't Move","Sine Wave Solo","","https://audio-ssl.itunes.apple.com/itunes-assets/AudioPreview123/v4/c0/62/6b/c0626b30-8010-e14f-6f14-8555932cbe86/mzaf_6701385206636186841.plus.aac.p.m4a","1999-01-01","414","","","Lowercase / Onkyo","Sachiko M foi curado para ampliar a profundidade de Lowercase / Onkyo no catálogo.","underrepresented_subgenre_expansion_v18_20260820","https://music.apple.com/us/album/dont-move/1516760724?i=1516760830&uo=4","https://music.apple.com/us/album/dont-move/1516760724?i=1516760830&uo=4","","","https://is1-ssl.mzstatic.com/image/thumb/Music123/v4/01/ec/00/01ec00c9-de3d-4530-90ba-52287ef4245a/195081711751.jpg/600x600bb.jpg","","verified_underrepresented_subgenre_depth","lowercase;Lowercase / Onkyo;curated_artist;playable_depth;underrepresented_subgenre_expansion_v18_20260820","catalog_depth","underrepresented_style_depth","published","high","Artista curado para Lowercase / Onkyo; artista exato, gravação e prévia verificados no Apple Music."
"lowercase","Sachiko M","Don't Take","Sine Wave Solo","","https://audio-ssl.itunes.apple.com/itunes-assets/AudioPreview123/v4/67/e1/b5/67e1b5d8-ca9a-a7dd-a773-5bed00e4f4e8/mzaf_6288003326327268489.plus.aac.p.m4a","1999-01-01","421","","","Lowercase / Onkyo","Sachiko M foi curado para ampliar a profundidade de Lowercase / Onkyo no catálogo.","underrepresented_subgenre_expansion_v18_20260820","https://music.apple.com/us/album/dont-take/1516760724?i=1516761034&uo=4","https://music.apple.com/us/album/dont-take/1516760724?i=1516761034&uo=4","","","https://is1-ssl.mzstatic.com/image/thumb/Music123/v4/01/ec/00/01ec00c9-de3d-4530-90ba-52287ef4245a/195081711751.jpg/600x600bb.jpg","","verified_underrepresented_subgenre_depth","lowercase;Lowercase / Onkyo;curated_artist;playable_depth;underrepresented_subgenre_expansion_v18_20260820","catalog_depth","underrepresented_style_depth","published","high","Artista curado para Lowercase / Onkyo; artista exato, gravação e prévia verificados no Apple Music."
"lowercase","Sachiko M","Don't Touch","Sine Wave Solo","","https://audio-ssl.itunes.apple.com/itunes-assets/AudioPreview113/v4/cd/00/ea/cd00ea71-4a6b-710d-3f49-fbb5aae9b2ba/mzaf_7404338732460145189.plus.aac.p.m4a","1999-01-01","591","","","Lowercase / Onkyo","Sachiko M foi curado para ampliar a profundidade de Lowercase / Onkyo no catálogo.","underrepresented_subgenre_expansion_v18_20260820","https://music.apple.com/us/album/dont-touch/1516760724?i=1516760885&uo=4","https://music.apple.com/us/album/dont-touch/1516760724?i=1516760885&uo=4","","","https://is1-ssl.mzstatic.com/image/thumb/Music123/v4/01/ec/00/01ec00c9-de3d-4530-90ba-52287ef4245a/195081711751.jpg/600x600bb.jpg","","verified_underrepresented_subgenre_depth","lowercase;Lowercase / Onkyo;curated_artist;playable_depth;underrepresented_subgenre_expansion_v18_20260820","catalog_depth","underrepresented_style_depth","published","high","Artista curado para Lowercase / Onkyo; artista exato, gravação e prévia verificados no Apple Music."
"lowercase","Taku Sugimoto","4, Version for Solo Guitar","Since 2016","","https://audio-ssl.itunes.apple.com/itunes-assets/AudioPreview116/v4/00/d8/e4/00d8e43d-178a-ff5d-b942-648ff859ca81/mzaf_4600717378677767051.plus.aac.p.m4a","2024-01-26","95","","","Lowercase / Onkyo","Taku Sugimoto foi curado para ampliar a profundidade de Lowercase / Onkyo no catálogo.","underrepresented_subgenre_expansion_v18_20260820","https://music.apple.com/us/album/4-version-for-solo-guitar/1722365407?i=1722365413&uo=4","https://music.apple.com/us/album/4-version-for-solo-guitar/1722365407?i=1722365413&uo=4","","","https://is1-ssl.mzstatic.com/image/thumb/Music116/v4/e2/61/d9/e261d973-f651-fcc0-94e0-a121e7c926df/197190680669.jpg/600x600bb.jpg","","verified_underrepresented_subgenre_depth","lowercase;Lowercase / Onkyo;curated_artist;playable_depth;underrepresented_subgenre_expansion_v18_20260820","catalog_depth","underrepresented_style_depth","published","high","Artista curado para Lowercase / Onkyo; artista exato, gravação e prévia verificados no Apple Music."
"lowercase","Taku Sugimoto","More #1","Since 2016","","https://audio-ssl.itunes.apple.com/itunes-assets/AudioPreview126/v4/1b/0e/2c/1b0e2c00-e704-637e-5495-7716c296a9f2/mzaf_16017420943020171558.plus.aac.p.m4a","2024-01-26","135","","","Lowercase / Onkyo","Taku Sugimoto foi curado para ampliar a profundidade de Lowercase / Onkyo no catálogo.","underrepresented_subgenre_expansion_v18_20260820","https://music.apple.com/us/album/more-1/1722365407?i=1722365599&uo=4","https://music.apple.com/us/album/more-1/1722365407?i=1722365599&uo=4","","","https://is1-ssl.mzstatic.com/image/thumb/Music116/v4/e2/61/d9/e261d973-f651-fcc0-94e0-a121e7c926df/197190680669.jpg/600x600bb.jpg","","verified_underrepresented_subgenre_depth","lowercase;Lowercase / Onkyo;curated_artist;playable_depth;underrepresented_subgenre_expansion_v18_20260820","catalog_depth","underrepresented_style_depth","published","high","Artista curado para Lowercase / Onkyo; artista exato, gravação e prévia verificados no Apple Music."
"lowercase","Taku Sugimoto","Nexus 4","Since 2016","","https://audio-ssl.itunes.apple.com/itunes-assets/AudioPreview116/v4/14/f9/0e/14f90e8c-579b-da04-e7bc-7b1ee3ac1d04/mzaf_10070800804718890934.plus.aac.p.m4a","2024-01-26","188","","","Lowercase / Onkyo","Taku Sugimoto foi curado para ampliar a profundidade de Lowercase / Onkyo no catálogo.","underrepresented_subgenre_expansion_v18_20260820","https://music.apple.com/us/album/nexus-4/1722365407?i=1722365415&uo=4","https://music.apple.com/us/album/nexus-4/1722365407?i=1722365415&uo=4","","","https://is1-ssl.mzstatic.com/image/thumb/Music116/v4/e2/61/d9/e261d973-f651-fcc0-94e0-a121e7c926df/197190680669.jpg/600x600bb.jpg","","verified_underrepresented_subgenre_depth","lowercase;Lowercase / Onkyo;curated_artist;playable_depth;underrepresented_subgenre_expansion_v18_20260820","catalog_depth","underrepresented_style_depth","published","high","Artista curado para Lowercase / Onkyo; artista exato, gravação e prévia verificados no Apple Music."
"lowercase","Taku Sugimoto","Vertical Modulation 2","Since 2016","","https://audio-ssl.itunes.apple.com/itunes-assets/AudioPreview126/v4/49/cd/ce/49cdcedd-7086-8c34-20ae-1c74358acccb/mzaf_17654621603037188961.plus.aac.p.m4a","2024-01-26","329","","","Lowercase / Onkyo","Taku Sugimoto foi curado para ampliar a profundidade de Lowercase / Onkyo no catálogo.","underrepresented_subgenre_expansion_v18_20260820","https://music.apple.com/us/album/vertical-modulation-2/1722365407?i=1722365410&uo=4","https://music.apple.com/us/album/vertical-modulation-2/1722365407?i=1722365410&uo=4","","","https://is1-ssl.mzstatic.com/image/thumb/Music116/v4/e2/61/d9/e261d973-f651-fcc0-94e0-a121e7c926df/197190680669.jpg/600x600bb.jpg","","verified_underrepresented_subgenre_depth","lowercase;Lowercase / Onkyo;curated_artist;playable_depth;underrepresented_subgenre_expansion_v18_20260820","catalog_depth","underrepresented_style_depth","published","high","Artista curado para Lowercase / Onkyo; artista exato, gravação e prévia verificados no Apple Music."
"lowercase","Toshimaru Nakamura","Nimb #1","No-Input Mixing Board","","https://audio-ssl.itunes.apple.com/itunes-assets/AudioPreview125/v4/fb/46/b3/fb46b38d-11e1-8404-f42d-8dfa85459720/mzaf_10861819604226721535.plus.aac.p.m4a","2000-11-07","420","","","Lowercase / Onkyo","Toshimaru Nakamura foi curado para ampliar a profundidade de Lowercase / Onkyo no catálogo.","underrepresented_subgenre_expansion_v18_20260820","https://music.apple.com/us/album/nimb-1/1130931877?i=1130932021&uo=4","https://music.apple.com/us/album/nimb-1/1130931877?i=1130932021&uo=4","","","https://is1-ssl.mzstatic.com/image/thumb/Music18/v4/0e/dc/85/0edc85e7-ccc1-5401-1d00-b470cfe028a9/ZGV-026.jpg/600x600bb.jpg","","verified_underrepresented_subgenre_depth","lowercase;Lowercase / Onkyo;curated_artist;playable_depth;underrepresented_subgenre_expansion_v18_20260820","catalog_depth","underrepresented_style_depth","published","high","Artista curado para Lowercase / Onkyo; artista exato, gravação e prévia verificados no Apple Music."
"lowercase","Toshimaru Nakamura","Nimb #2","No-Input Mixing Board","","https://audio-ssl.itunes.apple.com/itunes-assets/AudioPreview30/v4/5a/3a/c4/5a3ac4eb-16f9-53b8-bf92-0efb32720ba7/mzaf_5854324528336712474.plus.aac.p.m4a","2000-11-07","436","","","Lowercase / Onkyo","Toshimaru Nakamura foi curado para ampliar a profundidade de Lowercase / Onkyo no catálogo.","underrepresented_subgenre_expansion_v18_20260820","https://music.apple.com/us/album/nimb-2/1130931877?i=1130932022&uo=4","https://music.apple.com/us/album/nimb-2/1130931877?i=1130932022&uo=4","","","https://is1-ssl.mzstatic.com/image/thumb/Music18/v4/0e/dc/85/0edc85e7-ccc1-5401-1d00-b470cfe028a9/ZGV-026.jpg/600x600bb.jpg","","verified_underrepresented_subgenre_depth","lowercase;Lowercase / Onkyo;curated_artist;playable_depth;underrepresented_subgenre_expansion_v18_20260820","catalog_depth","underrepresented_style_depth","published","high","Artista curado para Lowercase / Onkyo; artista exato, gravação e prévia verificados no Apple Music."
"lowercase","Toshimaru Nakamura","Nimb #3","No-Input Mixing Board","","https://audio-ssl.itunes.apple.com/itunes-assets/AudioPreview60/v4/84/9d/5a/849d5a82-0ac0-f2ee-2c61-5fc5b6f2d73c/mzaf_8616241135109765356.plus.aac.p.m4a","2000-11-07","361","","","Lowercase / Onkyo","Toshimaru Nakamura foi curado para ampliar a profundidade de Lowercase / Onkyo no catálogo.","underrepresented_subgenre_expansion_v18_20260820","https://music.apple.com/us/album/nimb-3/1130931877?i=1130932023&uo=4","https://music.apple.com/us/album/nimb-3/1130931877?i=1130932023&uo=4","","","https://is1-ssl.mzstatic.com/image/thumb/Music18/v4/0e/dc/85/0edc85e7-ccc1-5401-1d00-b470cfe028a9/ZGV-026.jpg/600x600bb.jpg","","verified_underrepresented_subgenre_depth","lowercase;Lowercase / Onkyo;curated_artist;playable_depth;underrepresented_subgenre_expansion_v18_20260820","catalog_depth","underrepresented_style_depth","published","high","Artista curado para Lowercase / Onkyo; artista exato, gravação e prévia verificados no Apple Music."
"lowercase","Toshimaru Nakamura","Nimb #4","No-Input Mixing Board","","https://audio-ssl.itunes.apple.com/itunes-assets/AudioPreview60/v4/9e/01/2b/9e012b5d-f9ec-edec-8cc0-3cb38acfb478/mzaf_8067525042637066816.plus.aac.p.m4a","2000-11-07","306","","","Lowercase / Onkyo","Toshimaru Nakamura foi curado para ampliar a profundidade de Lowercase / Onkyo no catálogo.","underrepresented_subgenre_expansion_v18_20260820","https://music.apple.com/us/album/nimb-4/1130931877?i=1130932024&uo=4","https://music.apple.com/us/album/nimb-4/1130931877?i=1130932024&uo=4","","","https://is1-ssl.mzstatic.com/image/thumb/Music18/v4/0e/dc/85/0edc85e7-ccc1-5401-1d00-b470cfe028a9/ZGV-026.jpg/600x600bb.jpg","","verified_underrepresented_subgenre_depth","lowercase;Lowercase / Onkyo;curated_artist;playable_depth;underrepresented_subgenre_expansion_v18_20260820","catalog_depth","underrepresented_style_depth","published","high","Artista curado para Lowercase / Onkyo; artista exato, gravação e prévia verificados no Apple Music."
"lowercase","Toshiya Tsunoda","I","Kapotte Muziek By Toshiya Tsunoda","","https://audio-ssl.itunes.apple.com/itunes-assets/AudioPreview221/v4/26/35/e0/2635e003-f822-0ea3-1dc8-2263bb0bab1f/mzaf_16347613132884829973.plus.aac.p.m4a","2009-01-06","421","","","Lowercase / Onkyo","Toshiya Tsunoda foi curado para ampliar a profundidade de Lowercase / Onkyo no catálogo.","underrepresented_subgenre_expansion_v18_20260820","https://music.apple.com/us/album/i/303474763?i=303474764&uo=4","https://music.apple.com/us/album/i/303474763?i=303474764&uo=4","","","https://is1-ssl.mzstatic.com/image/thumb/Music/0c/e7/57/mzi.kxtzwzpm.jpg/600x600bb.jpg","","verified_underrepresented_subgenre_depth","lowercase;Lowercase / Onkyo;curated_artist;playable_depth;underrepresented_subgenre_expansion_v18_20260820","catalog_depth","underrepresented_style_depth","published","high","Artista curado para Lowercase / Onkyo; artista exato, gravação e prévia verificados no Apple Music."
"lowercase","Toshiya Tsunoda","II","Kapotte Muziek By Toshiya Tsunoda","","https://audio-ssl.itunes.apple.com/itunes-assets/AudioPreview211/v4/9b/77/54/9b775483-28bd-eee3-21db-476b7b2a0a55/mzaf_13530883041051161019.plus.aac.p.m4a","2009-01-06","419","","","Lowercase / Onkyo","Toshiya Tsunoda foi curado para ampliar a profundidade de Lowercase / Onkyo no catálogo.","underrepresented_subgenre_expansion_v18_20260820","https://music.apple.com/us/album/ii/303474763?i=303474765&uo=4","https://music.apple.com/us/album/ii/303474763?i=303474765&uo=4","","","https://is1-ssl.mzstatic.com/image/thumb/Music/0c/e7/57/mzi.kxtzwzpm.jpg/600x600bb.jpg","","verified_underrepresented_subgenre_depth","lowercase;Lowercase / Onkyo;curated_artist;playable_depth;underrepresented_subgenre_expansion_v18_20260820","catalog_depth","underrepresented_style_depth","published","high","Artista curado para Lowercase / Onkyo; artista exato, gravação e prévia verificados no Apple Music."
"lowercase","Toshiya Tsunoda","III","Kapotte Muziek By Toshiya Tsunoda","","https://audio-ssl.itunes.apple.com/itunes-assets/AudioPreview211/v4/83/60/e0/8360e0bb-a7c8-c0b0-4ddd-b57956daccea/mzaf_16690452187958260966.plus.aac.p.m4a","2009-01-06","498","","","Lowercase / Onkyo","Toshiya Tsunoda foi curado para ampliar a profundidade de Lowercase / Onkyo no catálogo.","underrepresented_subgenre_expansion_v18_20260820","https://music.apple.com/us/album/iii/303474763?i=303474766&uo=4","https://music.apple.com/us/album/iii/303474763?i=303474766&uo=4","","","https://is1-ssl.mzstatic.com/image/thumb/Music/0c/e7/57/mzi.kxtzwzpm.jpg/600x600bb.jpg","","verified_underrepresented_subgenre_depth","lowercase;Lowercase / Onkyo;curated_artist;playable_depth;underrepresented_subgenre_expansion_v18_20260820","catalog_depth","underrepresented_style_depth","published","high","Artista curado para Lowercase / Onkyo; artista exato, gravação e prévia verificados no Apple Music."
"lowercase","Toshiya Tsunoda","IV","Kapotte Muziek By Toshiya Tsunoda","","https://audio-ssl.itunes.apple.com/itunes-assets/AudioPreview211/v4/03/fc/dc/03fcdc25-8285-5fc6-63b9-f45f4302c18a/mzaf_3973253994555064062.plus.aac.p.m4a","2009-01-06","425","","","Lowercase / Onkyo","Toshiya Tsunoda foi curado para ampliar a profundidade de Lowercase / Onkyo no catálogo.","underrepresented_subgenre_expansion_v18_20260820","https://music.apple.com/us/album/iv/303474763?i=303474767&uo=4","https://music.apple.com/us/album/iv/303474763?i=303474767&uo=4","","","https://is1-ssl.mzstatic.com/image/thumb/Music/0c/e7/57/mzi.kxtzwzpm.jpg/600x600bb.jpg","","verified_underrepresented_subgenre_depth","lowercase;Lowercase / Onkyo;curated_artist;playable_depth;underrepresented_subgenre_expansion_v18_20260820","catalog_depth","underrepresented_style_depth","published","high","Artista curado para Lowercase / Onkyo; artista exato, gravação e prévia verificados no Apple Music."
"makina","DJ Konik","Anonim Vol.3","History Vol.1","","https://cdnt-preview.dzcdn.net/api/1/1/c/9/b/0/c9bc5ffa3c8c149188e6ab1cd7c64e2a.mp3?hdnea=exp=1787242683~acl=/api/1/1/c/9/b/0/c9bc5ffa3c8c149188e6ab1cd7c64e2a.mp3*~data=user_id=0,application_id=42~hmac=a3cfb8f764d0bcc0d00959c1ef6669891cf2bd28d8d001e7aa3ecc091fa83478","","173","","","Makina","DJ Konik foi curado para ampliar a profundidade de Makina no catálogo.","underrepresented_subgenre_expansion_v18_20260820","https://www.deezer.com/track/3157816201","https://www.deezer.com/track/3157816201","3157816201","https://www.deezer.com/track/3157816201","https://cdn-images.dzcdn.net/images/cover/b1d8cecde224e900ffc4df25d6c1cb0a/500x500-000000-80-0-0.jpg","","verified_underrepresented_subgenre_depth","makina;Makina;curated_artist;playable_depth;underrepresented_subgenre_expansion_v18_20260820","catalog_depth","underrepresented_style_depth","published","high","Artista curado para Makina; artista exato, gravação e prévia verificados no Deezer."
"makina","DJ Konik","Origins","Origins","","https://cdnt-preview.dzcdn.net/api/1/1/b/e/2/0/be25c489234ba9d3e4fbb6281f910e55.mp3?hdnea=exp=1787242683~acl=/api/1/1/b/e/2/0/be25c489234ba9d3e4fbb6281f910e55.mp3*~data=user_id=0,application_id=42~hmac=cb6d74b8053f89f589adf853ca0026e221cdebbc2d6c63ee8babeb092af90463","","182","","","Makina","DJ Konik foi curado para ampliar a profundidade de Makina no catálogo.","underrepresented_subgenre_expansion_v18_20260820","https://www.deezer.com/track/3223424141","https://www.deezer.com/track/3223424141","3223424141","https://www.deezer.com/track/3223424141","https://cdn-images.dzcdn.net/images/cover/ccd3fc526bd5482769d0cac286830808/500x500-000000-80-0-0.jpg","","verified_underrepresented_subgenre_depth","makina;Makina;curated_artist;playable_depth;underrepresented_subgenre_expansion_v18_20260820","catalog_depth","underrepresented_style_depth","published","high","Artista curado para Makina; artista exato, gravação e prévia verificados no Deezer."
"makina","DJ Konik","The Riddle","History Vol.1","","https://cdnt-preview.dzcdn.net/api/1/1/5/c/3/0/5c3710450b9405823f4202d79b47f06e.mp3?hdnea=exp=1787242683~acl=/api/1/1/5/c/3/0/5c3710450b9405823f4202d79b47f06e.mp3*~data=user_id=0,application_id=42~hmac=97905dffdd5c3eec1bbd5722193f4624fa86297532d3d99f778b28d2e671b9c9","","175","","","Makina","DJ Konik foi curado para ampliar a profundidade de Makina no catálogo.","underrepresented_subgenre_expansion_v18_20260820","https://www.deezer.com/track/3157816101","https://www.deezer.com/track/3157816101","3157816101","https://www.deezer.com/track/3157816101","https://cdn-images.dzcdn.net/images/cover/b1d8cecde224e900ffc4df25d6c1cb0a/500x500-000000-80-0-0.jpg","","verified_underrepresented_subgenre_depth","makina;Makina;curated_artist;playable_depth;underrepresented_subgenre_expansion_v18_20260820","catalog_depth","underrepresented_style_depth","published","high","Artista curado para Makina; artista exato, gravação e prévia verificados no Deezer."
"makina","DJ Konik","Winter (Makina 2024)","Winter ( Techno 2024 )","","https://cdnt-preview.dzcdn.net/api/1/1/1/b/d/0/1bd7e8b7f9476485f50843f7962ead3b.mp3?hdnea=exp=1787242683~acl=/api/1/1/1/b/d/0/1bd7e8b7f9476485f50843f7962ead3b.mp3*~data=user_id=0,application_id=42~hmac=d383b5b21181f4ade94be8c67d831bbe1b1404e41225b83dd89bd825536d01a2","","300","","","Makina","DJ Konik foi curado para ampliar a profundidade de Makina no catálogo.","underrepresented_subgenre_expansion_v18_20260820","https://www.deezer.com/track/2584411342","https://www.deezer.com/track/2584411342","2584411342","https://www.deezer.com/track/2584411342","https://cdn-images.dzcdn.net/images/cover/be472a3fa03eef5efa6702648e74683b/500x500-000000-80-0-0.jpg","","verified_underrepresented_subgenre_depth","makina;Makina;curated_artist;playable_depth;underrepresented_subgenre_expansion_v18_20260820","catalog_depth","underrepresented_style_depth","published","high","Artista curado para Makina; artista exato, gravação e prévia verificados no Deezer."
"makina","DJ Nau","Hard Sequencer (Short Edit)","Hard Sequencer (Short Edits) - Single","","https://audio-ssl.itunes.apple.com/itunes-assets/AudioPreview126/v4/f0/23/5f/f0235f6a-3fc5-3ea1-c231-da6e1f1e7d3c/mzaf_521154999094778058.plus.aac.p.m4a","2023-02-01","223","","","Makina","DJ Nau foi curado para ampliar a profundidade de Makina no catálogo.","underrepresented_subgenre_expansion_v18_20260820","https://music.apple.com/us/album/hard-sequencer-short-edit/1670887450?i=1670887455&uo=4","https://music.apple.com/us/album/hard-sequencer-short-edit/1670887450?i=1670887455&uo=4","","","https://is1-ssl.mzstatic.com/image/thumb/Music211/v4/c9/c6/f8/c9c6f8f2-0058-adab-05dd-c616e4aa5ed8/404252.jpg/600x600bb.jpg","","verified_underrepresented_subgenre_depth","makina;Makina;curated_artist;playable_depth;underrepresented_subgenre_expansion_v18_20260820","catalog_depth","underrepresented_style_depth","published","high","Artista curado para Makina; artista exato, gravação e prévia verificados no Apple Music."
"makina","DJ Skudero","Espiral 2000","Makina Klassix","","https://audio-ssl.itunes.apple.com/itunes-assets/AudioPreview125/v4/06/05/24/060524ea-271e-b090-608b-5799a093c067/mzaf_10629341793408446617.plus.aac.p.m4a","2000-02-01","446","","","Makina","DJ Skudero foi curado para ampliar a profundidade de Makina no catálogo.","underrepresented_subgenre_expansion_v18_20260820","https://music.apple.com/us/album/espiral-2000/158013376?i=158014100&uo=4","https://music.apple.com/us/album/espiral-2000/158013376?i=158014100&uo=4","","","https://is1-ssl.mzstatic.com/image/thumb/Music/8c/8b/35/mzi.nmxiztfb.jpg/600x600bb.jpg","","verified_underrepresented_subgenre_depth","makina;Makina;curated_artist;playable_depth;underrepresented_subgenre_expansion_v18_20260820;itunes_verified","catalog_depth","underrepresented_style_depth","published","high","Artista curado para Makina; artista exato, gravação e prévia verificados em Apple Music."
"makina","DJ Skudero","Extasia (Remix)","Esto Es...Makina","","https://audio-ssl.itunes.apple.com/itunes-assets/AudioPreview221/v4/05/62/96/0562965d-60fa-57dd-4ab3-b490eb41c41a/mzaf_11958050053242047186.plus.aac.p.m4a","1997-02-14","393","","","Makina","DJ Skudero foi curado para ampliar a profundidade de Makina no catálogo.","underrepresented_subgenre_expansion_v18_20260820","https://music.apple.com/us/album/extasia-remix/1838067103?i=1838067117&uo=4","https://music.apple.com/us/album/extasia-remix/1838067103?i=1838067117&uo=4","","","https://is1-ssl.mzstatic.com/image/thumb/Music221/v4/42/00/f6/4200f63d-53c8-a8fe-72f8-6388743f75c7/8423646101283.jpg/600x600bb.jpg","","verified_underrepresented_subgenre_depth","makina;Makina;curated_artist;playable_depth;underrepresented_subgenre_expansion_v18_20260820","catalog_depth","underrepresented_style_depth","published","high","Artista curado para Makina; artista exato, gravação e prévia verificados no Apple Music."
"makina","DJ Skudero","Flying Free","Flying free (20th Anniversary)","","https://cdnt-preview.dzcdn.net/api/1/1/5/8/6/0/586404f17f83310a93f61793c9ee37df.mp3?hdnea=exp=1787242682~acl=/api/1/1/5/8/6/0/586404f17f83310a93f61793c9ee37df.mp3*~data=user_id=0,application_id=42~hmac=26ba1b9f36c01d16db50738bf61be065d15ce294d85f022f318dfc43c8942a99","","189","","","Makina","DJ Skudero foi curado para ampliar a profundidade de Makina no catálogo.","underrepresented_subgenre_expansion_v18_20260820","https://www.deezer.com/track/820547542","https://www.deezer.com/track/820547542","820547542","https://www.deezer.com/track/820547542","https://cdn-images.dzcdn.net/images/cover/53b097f559c3f70372a83dc308383d54/500x500-000000-80-0-0.jpg","","verified_underrepresented_subgenre_depth","makina;Makina;curated_artist;playable_depth;underrepresented_subgenre_expansion_v18_20260820","catalog_depth","underrepresented_style_depth","published","high","Artista curado para Makina; artista exato, gravação e prévia verificados no Deezer."
"makina","DJ Skudero","Glycerin","Elements - Single","","https://audio-ssl.itunes.apple.com/itunes-assets/AudioPreview211/v4/3f/80/94/3f8094b0-5865-2c63-3f80-259e88dcf79a/mzaf_1718065667113592916.plus.aac.p.m4a","2026-04-09","452","","","Makina","DJ Skudero foi curado para ampliar a profundidade de Makina no catálogo.","underrepresented_subgenre_expansion_v18_20260820","https://music.apple.com/us/album/glycerin/1891409007?i=1891409134&uo=4","https://music.apple.com/us/album/glycerin/1891409007?i=1891409134&uo=4","3947165101","https://www.deezer.com/track/3947165101","https://is1-ssl.mzstatic.com/image/thumb/Music211/v4/0b/5e/ae/0b5eae4e-49e3-e7de-cf51-15955c3102d1/820233054218.jpg/600x600bb.jpg","","verified_underrepresented_subgenre_depth","makina;Makina;curated_artist;playable_depth;underrepresented_subgenre_expansion_v18_20260820;itunes_verified;deezer_verified","catalog_depth","underrepresented_style_depth","published","high","Artista curado para Makina; artista exato, gravação e prévia verificados em Apple Music e Deezer."
"makina","Ruboy","1000 Colours Remix (Short Edit)","1000 Colours Remix (Short Edit) - Single","","https://audio-ssl.itunes.apple.com/itunes-assets/AudioPreview221/v4/a2/4e/52/a24e52b6-f942-e34d-9b03-00e282152291/mzaf_15769948066672099283.plus.aac.p.m4a","2024-08-26","222","","","Makina","Ruboy foi curado para ampliar a profundidade de Makina no catálogo.","underrepresented_subgenre_expansion_v18_20260820","https://music.apple.com/us/album/1000-colours-remix-short-edit/1764678939?i=1764678940&uo=4","https://music.apple.com/us/album/1000-colours-remix-short-edit/1764678939?i=1764678940&uo=4","","","https://is1-ssl.mzstatic.com/image/thumb/Music221/v4/04/1e/f0/041ef0e5-5a0f-252e-6a0c-54cbf95c717e/262582.jpg/600x600bb.jpg","","verified_underrepresented_subgenre_depth","makina;Makina;curated_artist;playable_depth;underrepresented_subgenre_expansion_v18_20260820","catalog_depth","underrepresented_style_depth","published","high","Artista curado para Makina; artista exato, gravação e prévia verificados no Apple Music."
"makina","Ruboy","Formule Makina","Formule Makina (Short Edit)","","https://cdnt-preview.dzcdn.net/api/1/1/f/5/6/0/f569c23ab60e60e47dc4074d2359a41d.mp3?hdnea=exp=1787242681~acl=/api/1/1/f/5/6/0/f569c23ab60e60e47dc4074d2359a41d.mp3*~data=user_id=0,application_id=42~hmac=5ac244bdfa7f7e9a74444a695970ee9a449df348cc01b9ed6f31ba864267969b","","249","","","Makina","Ruboy foi curado para ampliar a profundidade de Makina no catálogo.","underrepresented_subgenre_expansion_v18_20260820","https://www.deezer.com/track/2925650271","https://www.deezer.com/track/2925650271","2925650271","https://www.deezer.com/track/2925650271","https://cdn-images.dzcdn.net/images/cover/b6f22e3755b451aa2c887441ea674fcd/500x500-000000-80-0-0.jpg","","verified_underrepresented_subgenre_depth","makina;Makina;curated_artist;playable_depth;underrepresented_subgenre_expansion_v18_20260820","catalog_depth","underrepresented_style_depth","published","high","Artista curado para Makina; artista exato, gravação e prévia verificados no Deezer."
"makina","Ruboy","Make Some Noise (Short Edit)","Make Some Noise (Short Edit) - Single","","https://audio-ssl.itunes.apple.com/itunes-assets/AudioPreview112/v4/df/6f/62/df6f62c1-fb2b-111e-87f5-281cd030a453/mzaf_14929430545248124676.plus.aac.p.m4a","2024-02-19","203","","","Makina","Ruboy foi curado para ampliar a profundidade de Makina no catálogo.","underrepresented_subgenre_expansion_v18_20260820","https://music.apple.com/us/album/make-some-noise-short-edit/1731111224?i=1731111628&uo=4","https://music.apple.com/us/album/make-some-noise-short-edit/1731111224?i=1731111628&uo=4","","","https://is1-ssl.mzstatic.com/image/thumb/Music221/v4/5c/f6/cc/5cf6cc1a-fa03-6240-72d4-9fcb94301662/404319.jpg/600x600bb.jpg","","verified_underrepresented_subgenre_depth","makina;Makina;curated_artist;playable_depth;underrepresented_subgenre_expansion_v18_20260820","catalog_depth","underrepresented_style_depth","published","high","Artista curado para Makina; artista exato, gravação e prévia verificados no Apple Music."
"makina","Ruboy","Reconnection (Short Edit)","Reconnection (Short Edit) - Single","","https://audio-ssl.itunes.apple.com/itunes-assets/AudioPreview116/v4/3c/68/a3/3c68a3a8-537e-684c-dec9-1c7fe0631e6a/mzaf_13364252149615525414.plus.aac.p.m4a","2023-11-20","224","","","Makina","Ruboy foi curado para ampliar a profundidade de Makina no catálogo.","underrepresented_subgenre_expansion_v18_20260820","https://music.apple.com/us/album/reconnection-short-edit/1716022712?i=1716022726&uo=4","https://music.apple.com/us/album/reconnection-short-edit/1716022712?i=1716022726&uo=4","","","https://is1-ssl.mzstatic.com/image/thumb/Music221/v4/28/40/fa/2840faba-c5f7-eeaa-041d-6706eb8fb5e7/404281.jpg/600x600bb.jpg","","verified_underrepresented_subgenre_depth","makina;Makina;curated_artist;playable_depth;underrepresented_subgenre_expansion_v18_20260820","catalog_depth","underrepresented_style_depth","published","high","Artista curado para Makina; artista exato, gravação e prévia verificados no Apple Music."
"makina","Sistema 3","Galguén (Radio Edit)","Sistema 3 Mania - Single","","https://audio-ssl.itunes.apple.com/itunes-assets/AudioPreview221/v4/b0/e7/87/b0e78713-7500-92a7-25a9-5cbef01c0e7e/mzaf_14920264590177334361.plus.aac.p.m4a","2025-02-25","229","","","Makina","Sistema 3 foi curado para ampliar a profundidade de Makina no catálogo.","underrepresented_subgenre_expansion_v18_20260820","https://music.apple.com/us/album/galgu%C3%A9n-radio-edit/1791225782?i=1791225785&uo=4","https://music.apple.com/us/album/galgu%C3%A9n-radio-edit/1791225782?i=1791225785&uo=4","","","https://is1-ssl.mzstatic.com/image/thumb/Music211/v4/09/ce/7f/09ce7f35-fae6-84df-b19c-cdbde6082f0c/cover.jpg/600x600bb.jpg","","verified_underrepresented_subgenre_depth","makina;Makina;curated_artist;playable_depth;underrepresented_subgenre_expansion_v18_20260820","catalog_depth","underrepresented_style_depth","published","high","Artista curado para Makina; artista exato, gravação e prévia verificados no Apple Music."
"makina","Sistema 3","Liste Jp","Listen - Single","","https://audio-ssl.itunes.apple.com/itunes-assets/AudioPreview221/v4/08/62/67/08626797-280c-492d-3172-5cb66573395d/mzaf_7130103949813091230.plus.aac.p.m4a","1995-10-20","341","","","Makina","Sistema 3 foi curado para ampliar a profundidade de Makina no catálogo.","underrepresented_subgenre_expansion_v18_20260820","https://music.apple.com/us/album/liste-jp/1838098080?i=1838098083&uo=4","https://music.apple.com/us/album/liste-jp/1838098080?i=1838098083&uo=4","","","https://is1-ssl.mzstatic.com/image/thumb/Music211/v4/ef/56/1a/ef561aa7-92e8-ec8c-2a94-783c16d8347b/8423646710492.jpg/600x600bb.jpg","","verified_underrepresented_subgenre_depth","makina;Makina;curated_artist;playable_depth;underrepresented_subgenre_expansion_v18_20260820","catalog_depth","underrepresented_style_depth","published","high","Artista curado para Makina; artista exato, gravação e prévia verificados no Apple Music."
"makina","Sistema 3","Listen Fiesta","Listen - Single","","https://audio-ssl.itunes.apple.com/itunes-assets/AudioPreview221/v4/7f/07/cb/7f07cb3b-3c42-4900-d9cf-f01846efc14d/mzaf_15541626118538650274.plus.aac.p.m4a","1995-10-20","319","","","Makina","Sistema 3 foi curado para ampliar a profundidade de Makina no catálogo.","underrepresented_subgenre_expansion_v18_20260820","https://music.apple.com/us/album/listen-fiesta/1838098080?i=1838098082&uo=4","https://music.apple.com/us/album/listen-fiesta/1838098080?i=1838098082&uo=4","","","https://is1-ssl.mzstatic.com/image/thumb/Music211/v4/ef/56/1a/ef561aa7-92e8-ec8c-2a94-783c16d8347b/8423646710492.jpg/600x600bb.jpg","","verified_underrepresented_subgenre_depth","makina;Makina;curated_artist;playable_depth;underrepresented_subgenre_expansion_v18_20260820;itunes_verified","catalog_depth","underrepresented_style_depth","published","high","Artista curado para Makina; artista exato, gravação e prévia verificados em Apple Music."
"makina","Sistema 3","To the House Beat (Arriba Arriba)","To the House Beat - EP","","https://audio-ssl.itunes.apple.com/itunes-assets/AudioPreview211/v4/9a/56/da/9a56dabf-ec09-8c52-bc65-1718dd975eb0/mzaf_10656448254319904627.plus.aac.p.m4a","2024-09-10","353","","","Makina","Sistema 3 foi curado para ampliar a profundidade de Makina no catálogo.","underrepresented_subgenre_expansion_v18_20260820","https://music.apple.com/us/album/to-the-house-beat-arriba-arriba/1760870960?i=1760870962&uo=4","https://music.apple.com/us/album/to-the-house-beat-arriba-arriba/1760870960?i=1760870962&uo=4","","","https://is1-ssl.mzstatic.com/image/thumb/Music211/v4/b1/40/7d/b1407d40-01fb-2ecb-63d8-75a936cd1a13/cover.jpg/600x600bb.jpg","","verified_underrepresented_subgenre_depth","makina;Makina;curated_artist;playable_depth;underrepresented_subgenre_expansion_v18_20260820","catalog_depth","underrepresented_style_depth","published","high","Artista curado para Makina; artista exato, gravação e prévia verificados no Apple Music."
"microhouse","Farben","blue hours","blue hours","","https://cdnt-preview.dzcdn.net/api/1/1/0/0/2/0/0029cf12f9e1d523d671fa5df92f7474.mp3?hdnea=exp=1787242687~acl=/api/1/1/0/0/2/0/0029cf12f9e1d523d671fa5df92f7474.mp3*~data=user_id=0,application_id=42~hmac=d628d37365fa21f6d970b227507d3ea9cc9d1a7b8afb42f0dddd40ecd87ca9e8","","126","","","Microhouse","Farben foi curado para ampliar a profundidade de Microhouse no catálogo.","underrepresented_subgenre_expansion_v18_20260820","https://www.deezer.com/track/3716083332","https://www.deezer.com/track/3716083332","3716083332","https://www.deezer.com/track/3716083332","https://cdn-images.dzcdn.net/images/cover/43be517062a1fcb222000711f1b2dceb/500x500-000000-80-0-0.jpg","","verified_underrepresented_subgenre_depth","microhouse;Microhouse;curated_artist;playable_depth;underrepresented_subgenre_expansion_v18_20260820","catalog_depth","underrepresented_style_depth","published","high","Artista curado para Microhouse; artista exato, gravação e prévia verificados no Deezer."
"microhouse","Farben","FF","Textstar","","https://cdnt-preview.dzcdn.net/api/1/1/5/5/e/0/55ea48767db1140be819ab97863fc54d.mp3?hdnea=exp=1787242687~acl=/api/1/1/5/5/e/0/55ea48767db1140be819ab97863fc54d.mp3*~data=user_id=0,application_id=42~hmac=d09d1a95401d51d9df3d1e8edb74ec8607c3d409644445a63a72706e3be90bcf","","338","","","Microhouse","Farben foi curado para ampliar a profundidade de Microhouse no catálogo.","underrepresented_subgenre_expansion_v18_20260820","https://www.deezer.com/track/17187249","https://www.deezer.com/track/17187249","17187249","https://www.deezer.com/track/17187249","https://cdn-images.dzcdn.net/images/cover/3f4006fee6c14381cc8ded3850a33356/500x500-000000-80-0-0.jpg","","verified_underrepresented_subgenre_depth","microhouse;Microhouse;curated_artist;playable_depth;underrepresented_subgenre_expansion_v18_20260820","catalog_depth","underrepresented_style_depth","published","high","Artista curado para Microhouse; artista exato, gravação e prévia verificados no Deezer."
"microhouse","Farben","Live At The Sahara Tahoe, 1973 (Textstar Version)","Textstar","","https://audio-ssl.itunes.apple.com/itunes-assets/AudioPreview115/v4/a9/95/69/a995694f-6279-8cb8-18c9-15369a873aeb/mzaf_4249374324317596849.plus.aac.p.m4a","1999-05-01","433","","","Microhouse","Farben foi curado para ampliar a profundidade de Microhouse no catálogo.","underrepresented_subgenre_expansion_v18_20260820","https://music.apple.com/us/album/live-at-the-sahara-tahoe-1973-textstar-version/415839413?i=415839414&uo=4","https://music.apple.com/us/album/live-at-the-sahara-tahoe-1973-textstar-version/415839413?i=415839414&uo=4","","","https://is1-ssl.mzstatic.com/image/thumb/Music/ed/07/21/mzi.lywulbjn.jpg/600x600bb.jpg","","verified_underrepresented_subgenre_depth","microhouse;Microhouse;curated_artist;playable_depth;underrepresented_subgenre_expansion_v18_20260820","catalog_depth","underrepresented_style_depth","published","high","Artista curado para Microhouse; artista exato, gravação e prévia verificados no Apple Music."
"microhouse","Farben","So Much Love","Farben Says_Don't Fight Phrases","","https://cdnt-preview.dzcdn.net/api/1/1/1/4/4/0/14415e21644e8039fded7217f948903b.mp3?hdnea=exp=1787242687~acl=/api/1/1/1/4/4/0/14415e21644e8039fded7217f948903b.mp3*~data=user_id=0,application_id=42~hmac=f8f84e64a7c34e9b512df60d1cb8d8690c47c205cb0f076722428176ed2b8bd2","","374","","","Microhouse","Farben foi curado para ampliar a profundidade de Microhouse no catálogo.","underrepresented_subgenre_expansion_v18_20260820","https://www.deezer.com/track/17187238","https://www.deezer.com/track/17187238","17187238","https://www.deezer.com/track/17187238","https://cdn-images.dzcdn.net/images/cover/9f4cd7a3da2595e3f3a46c498db9c831/500x500-000000-80-0-0.jpg","","verified_underrepresented_subgenre_depth","microhouse;Microhouse;curated_artist;playable_depth;underrepresented_subgenre_expansion_v18_20260820","catalog_depth","underrepresented_style_depth","published","high","Artista curado para Microhouse; artista exato, gravação e prévia verificados no Deezer."
"microhouse","Herbert","Going Around","Around The House","","https://cdnt-preview.dzcdn.net/api/1/1/5/2/7/0/527cb3403a3bfff8813325ec64ade9f3.mp3?hdnea=exp=1787242686~acl=/api/1/1/5/2/7/0/527cb3403a3bfff8813325ec64ade9f3.mp3*~data=user_id=0,application_id=42~hmac=45a05a7727d0a8ec39c734f2ee9c23ad54d947cfecf1280c8241f9c11dba3abc","","415","","","Microhouse","Herbert foi curado para ampliar a profundidade de Microhouse no catálogo.","underrepresented_subgenre_expansion_v18_20260820","https://www.deezer.com/track/55062981","https://www.deezer.com/track/55062981","55062981","https://www.deezer.com/track/55062981","https://cdn-images.dzcdn.net/images/cover/0393ebd7ea5cccf67a20713a9d913a3d/500x500-000000-80-0-0.jpg","","verified_underrepresented_subgenre_depth","microhouse;Microhouse;curated_artist;playable_depth;underrepresented_subgenre_expansion_v18_20260820","catalog_depth","underrepresented_style_depth","published","high","Artista curado para Microhouse; artista exato, gravação e prévia verificados no Deezer."
"microhouse","Herbert","I Hadn't Known (I only heard)","Around The House (Special Edition)","","https://cdnt-preview.dzcdn.net/api/1/1/9/3/9/0/939b4bdad22a5fa8ad9348388428ff68.mp3?hdnea=exp=1787242686~acl=/api/1/1/9/3/9/0/939b4bdad22a5fa8ad9348388428ff68.mp3*~data=user_id=0,application_id=42~hmac=e6cf98b20f6ca69325a13c60ac629aa4b17ab28883f96ce5bf7de33f6f2c4898","","434","","","Microhouse","Herbert foi curado para ampliar a profundidade de Microhouse no catálogo.","underrepresented_subgenre_expansion_v18_20260820","https://www.deezer.com/track/903226402","https://www.deezer.com/track/903226402","53738231","https://www.deezer.com/track/53738231","https://cdn-images.dzcdn.net/images/cover/0393ebd7ea5cccf67a20713a9d913a3d/500x500-000000-80-0-0.jpg","","verified_underrepresented_subgenre_depth","microhouse;Microhouse;curated_artist;playable_depth;underrepresented_subgenre_expansion_v18_20260820;deezer_verified","catalog_depth","underrepresented_style_depth","published","high","Artista curado para Microhouse; artista exato, gravação e prévia verificados em Deezer."
"microhouse","Herbert","Keep Time (Nobody)","DJ-Kicks: Elkka","","https://cdnt-preview.dzcdn.net/api/1/1/b/1/4/0/b140b4795de0ff0871bf4b075c33daa4.mp3?hdnea=exp=1787242686~acl=/api/1/1/b/1/4/0/b140b4795de0ff0871bf4b075c33daa4.mp3*~data=user_id=0,application_id=42~hmac=cc06847948b9d8efb40021eb9598c28531c8b448990e16946282d685810f33a5","","365","","","Microhouse","Herbert foi curado para ampliar a profundidade de Microhouse no catálogo.","underrepresented_subgenre_expansion_v18_20260820","https://www.deezer.com/track/2173438077","https://www.deezer.com/track/2173438077","2173438077","https://www.deezer.com/track/2173438077","https://cdn-images.dzcdn.net/images/cover/393bfbf99882333f38a35f1b77564587/500x500-000000-80-0-0.jpg","","verified_underrepresented_subgenre_depth","microhouse;Microhouse;curated_artist;playable_depth;underrepresented_subgenre_expansion_v18_20260820","catalog_depth","underrepresented_style_depth","published","high","Artista curado para Microhouse; artista exato, gravação e prévia verificados no Deezer."
"microhouse","Herbert","The Audience","Bodily Functions","","https://cdnt-preview.dzcdn.net/api/1/1/a/b/a/0/aba3e0c2273c095a59186e8b7c7c010c.mp3?hdnea=exp=1787242686~acl=/api/1/1/a/b/a/0/aba3e0c2273c095a59186e8b7c7c010c.mp3*~data=user_id=0,application_id=42~hmac=98bd853f523fd765b2b4ce3bed4e73fac4172c36a70d0f484373c92454b7fd7e","","376","","","Microhouse","Herbert foi curado para ampliar a profundidade de Microhouse no catálogo.","underrepresented_subgenre_expansion_v18_20260820","https://www.deezer.com/track/54599511","https://www.deezer.com/track/54599511","54599511","https://www.deezer.com/track/54599511","https://cdn-images.dzcdn.net/images/cover/6273bb4523a4e825dd91faa6a9039baf/500x500-000000-80-0-0.jpg","","verified_underrepresented_subgenre_depth","microhouse;Microhouse;curated_artist;playable_depth;underrepresented_subgenre_expansion_v18_20260820","catalog_depth","underrepresented_style_depth","published","high","Artista curado para Microhouse; artista exato, gravação e prévia verificados no Deezer."
"microhouse","Jan Jelinek","Moiré","Loop-Finding-Jazz-Records","","https://cdnt-preview.dzcdn.net/api/1/1/c/9/9/0/c9969337f94b44f562cd37f6df6e9213.mp3?hdnea=exp=1787242686~acl=/api/1/1/c/9/9/0/c9969337f94b44f562cd37f6df6e9213.mp3*~data=user_id=0,application_id=42~hmac=241658ab29b15615c099d06690bb1edb33eb97761fe800644d93c59fbaf5e046","","414","","","Microhouse","Jan Jelinek foi curado para ampliar a profundidade de Microhouse no catálogo.","underrepresented_subgenre_expansion_v18_20260820","https://www.deezer.com/track/17187162","https://www.deezer.com/track/17187162","17187162","https://www.deezer.com/track/17187162","https://cdn-images.dzcdn.net/images/cover/0e7f51b17ee06d060517aaf6781cc530/500x500-000000-80-0-0.jpg","","verified_underrepresented_subgenre_depth","microhouse;Microhouse;curated_artist;playable_depth;underrepresented_subgenre_expansion_v18_20260820","catalog_depth","underrepresented_style_depth","published","high","Artista curado para Microhouse; artista exato, gravação e prévia verificados no Deezer."
"microhouse","Jan Jelinek","Rock In the Video Age","Loop-Finding-Jazz-Records","","https://audio-ssl.itunes.apple.com/itunes-assets/AudioPreview115/v4/d9/fa/13/d9fa13b6-9816-26d6-ba0d-056020167844/mzaf_13084597468580163267.plus.aac.p.m4a","2001-02-02","484","","","Microhouse","Jan Jelinek foi curado para ampliar a profundidade de Microhouse no catálogo.","underrepresented_subgenre_expansion_v18_20260820","https://music.apple.com/us/album/rock-in-the-video-age/431640579?i=431640581&uo=4","https://music.apple.com/us/album/rock-in-the-video-age/431640579?i=431640581&uo=4","17187163","https://www.deezer.com/track/17187163","https://is1-ssl.mzstatic.com/image/thumb/Music125/v4/ba/cb/21/bacb21c4-be44-6d2c-40c1-805930bf8bd1/mzi.pznxpiae.jpg/600x600bb.jpg","","verified_underrepresented_subgenre_depth","microhouse;Microhouse;curated_artist;playable_depth;underrepresented_subgenre_expansion_v18_20260820;itunes_verified;deezer_verified","catalog_depth","underrepresented_style_depth","published","high","Artista curado para Microhouse; artista exato, gravação e prévia verificados em Apple Music e Deezer."
"microhouse","Jan Jelinek","Them, Their","Loop-Finding-Jazz-Records","","https://audio-ssl.itunes.apple.com/itunes-assets/AudioPreview115/v4/93/92/90/939290b0-b3bc-8d73-5ae5-1a3ee46f322b/mzaf_8380659635653446414.plus.aac.p.m4a","2001-02-02","306","","","Microhouse","Jan Jelinek foi curado para ampliar a profundidade de Microhouse no catálogo.","underrepresented_subgenre_expansion_v18_20260820","https://music.apple.com/us/album/them-their/431640579?i=431640590&uo=4","https://music.apple.com/us/album/them-their/431640579?i=431640590&uo=4","17187165","https://www.deezer.com/track/17187165","https://is1-ssl.mzstatic.com/image/thumb/Music125/v4/ba/cb/21/bacb21c4-be44-6d2c-40c1-805930bf8bd1/mzi.pznxpiae.jpg/600x600bb.jpg","","verified_underrepresented_subgenre_depth","microhouse;Microhouse;curated_artist;playable_depth;underrepresented_subgenre_expansion_v18_20260820;itunes_verified;deezer_verified","catalog_depth","underrepresented_style_depth","published","high","Artista curado para Microhouse; artista exato, gravação e prévia verificados em Apple Music e Deezer."
"microhouse","Jan Jelinek","They, Them","Loop-Finding-Jazz-Records","","https://audio-ssl.itunes.apple.com/itunes-assets/AudioPreview115/v4/48/95/1f/48951fdc-eea9-8dd1-42c1-1ffa582c86f1/mzaf_4672303643107321039.plus.aac.p.m4a","2001-02-02","441","","","Microhouse","Jan Jelinek foi curado para ampliar a profundidade de Microhouse no catálogo.","underrepresented_subgenre_expansion_v18_20260820","https://music.apple.com/us/album/they-them/431640579?i=431640583&uo=4","https://music.apple.com/us/album/they-them/431640579?i=431640583&uo=4","17187164","https://www.deezer.com/track/17187164","https://is1-ssl.mzstatic.com/image/thumb/Music125/v4/ba/cb/21/bacb21c4-be44-6d2c-40c1-805930bf8bd1/mzi.pznxpiae.jpg/600x600bb.jpg","","verified_underrepresented_subgenre_depth","microhouse;Microhouse;curated_artist;playable_depth;underrepresented_subgenre_expansion_v18_20260820;itunes_verified;deezer_verified","catalog_depth","underrepresented_style_depth","published","high","Artista curado para Microhouse; artista exato, gravação e prévia verificados em Apple Music e Deezer."
"microhouse","Luomo","Class (Remastered)","Vocalcity (20th Anniversary Re-Master)","","https://audio-ssl.itunes.apple.com/itunes-assets/AudioPreview115/v4/2a/ae/42/2aae4289-b458-d74e-faff-a83acbc77283/mzaf_1812784557393417118.plus.aac.p.m4a","2020-04-03","753","","","Microhouse","Luomo foi curado para ampliar a profundidade de Microhouse no catálogo.","underrepresented_subgenre_expansion_v18_20260820","https://music.apple.com/us/album/class-remastered/1504901214?i=1504901216&uo=4","https://music.apple.com/us/album/class-remastered/1504901214?i=1504901216&uo=4","","","https://is1-ssl.mzstatic.com/image/thumb/Music113/v4/39/5e/d2/395ed232-da0d-9373-c7fb-3bcd0e15c31a/5060165486069.jpg/600x600bb.jpg","","verified_underrepresented_subgenre_depth","microhouse;Microhouse;curated_artist;playable_depth;underrepresented_subgenre_expansion_v18_20260820;itunes_verified","catalog_depth","underrepresented_style_depth","published","high","Artista curado para Microhouse; artista exato, gravação e prévia verificados em Apple Music."
"microhouse","Luomo","Could Be Like This","The Present Lover","","https://audio-ssl.itunes.apple.com/itunes-assets/AudioPreview115/v4/c0/04/95/c0049588-5528-ed17-2672-da549c5d44e1/mzaf_16189582652671793136.plus.aac.p.m4a","2003-06-10","494","","","Microhouse","Luomo foi curado para ampliar a profundidade de Microhouse no catálogo.","underrepresented_subgenre_expansion_v18_20260820","https://music.apple.com/us/album/could-be-like-this/251441349?i=251441391&uo=4","https://music.apple.com/us/album/could-be-like-this/251441349?i=251441391&uo=4","1953292","https://www.deezer.com/track/1953292","https://is1-ssl.mzstatic.com/image/thumb/Music/v4/e5/a3/d8/e5a3d8b6-e94a-2df0-2942-081fcf9abb18/dj.woinnuoe.jpg/600x600bb.jpg","","verified_underrepresented_subgenre_depth","microhouse;Microhouse;curated_artist;playable_depth;underrepresented_subgenre_expansion_v18_20260820;itunes_verified;deezer_verified","catalog_depth","underrepresented_style_depth","published","high","Artista curado para Microhouse; artista exato, gravação e prévia verificados em Apple Music e Deezer."
"microhouse","Luomo","Love You All (Album Version)","Love You All","","https://cdnt-preview.dzcdn.net/api/1/1/e/a/f/0/eaf4464ff5898f5612ae5502bf02ec4c.mp3?hdnea=exp=1787242685~acl=/api/1/1/e/a/f/0/eaf4464ff5898f5612ae5502bf02ec4c.mp3*~data=user_id=0,application_id=42~hmac=abb3f6f54ec35847a30442b5688ce7e17e011a52362fe15ca88563457ee1e02e","","433","","","Microhouse","Luomo foi curado para ampliar a profundidade de Microhouse no catálogo.","underrepresented_subgenre_expansion_v18_20260820","https://www.deezer.com/track/2341256","https://www.deezer.com/track/2341256","2341256","https://www.deezer.com/track/2341256","https://cdn-images.dzcdn.net/images/cover/d1575a2316b4977b66f78a9b355fda4b/500x500-000000-80-0-0.jpg","","verified_underrepresented_subgenre_depth","microhouse;Microhouse;curated_artist;playable_depth;underrepresented_subgenre_expansion_v18_20260820","catalog_depth","underrepresented_style_depth","published","high","Artista curado para Microhouse; artista exato, gravação e prévia verificados no Deezer."
"microhouse","Luomo","So You","The Present Lover","","https://audio-ssl.itunes.apple.com/itunes-assets/AudioPreview125/v4/85/78/ca/8578ca50-5eb4-65e2-bd35-48518daec18e/mzaf_6988289347098623725.plus.aac.p.m4a","2003-06-10","369","","","Microhouse","Luomo foi curado para ampliar a profundidade de Microhouse no catálogo.","underrepresented_subgenre_expansion_v18_20260820","https://music.apple.com/us/album/so-you/251441349?i=251441386&uo=4","https://music.apple.com/us/album/so-you/251441349?i=251441386&uo=4","","","https://is1-ssl.mzstatic.com/image/thumb/Music/v4/e5/a3/d8/e5a3d8b6-e94a-2df0-2942-081fcf9abb18/dj.woinnuoe.jpg/600x600bb.jpg","","verified_underrepresented_subgenre_depth","microhouse;Microhouse;curated_artist;playable_depth;underrepresented_subgenre_expansion_v18_20260820","catalog_depth","underrepresented_style_depth","published","high","Artista curado para Microhouse; artista exato, gravação e prévia verificados no Apple Music."
"microhouse","Ricardo Villalobos","Arild","Cocoon 100","","https://audio-ssl.itunes.apple.com/itunes-assets/AudioPreview115/v4/23/2a/f4/232af401-e257-9dcc-1554-1448fad625ad/mzaf_18065961445617004183.plus.aac.p.m4a","2013-09-23","609","","","Microhouse","Ricardo Villalobos foi curado para ampliar a profundidade de Microhouse no catálogo.","underrepresented_subgenre_expansion_v18_20260820","https://music.apple.com/us/album/arild/699436654?i=699436960&uo=4","https://music.apple.com/us/album/arild/699436654?i=699436960&uo=4","","","https://is1-ssl.mzstatic.com/image/thumb/Music/v4/04/73/33/04733307-fe92-e514-ecdd-53abcd375d22/cover.jpg/600x600bb.jpg","","verified_underrepresented_subgenre_depth","microhouse;Microhouse;curated_artist;playable_depth;underrepresented_subgenre_expansion_v18_20260820","catalog_depth","underrepresented_style_depth","published","high","Artista curado para Microhouse; artista exato, gravação e prévia verificados no Apple Music."
"microhouse","Ricardo Villalobos","Dexter","Dexter - Single","","https://audio-ssl.itunes.apple.com/itunes-assets/AudioPreview211/v4/73/dd/54/73dd540c-20bf-e398-d667-31e77862dd64/mzaf_16700577905651580972.plus.aac.p.m4a","2017-08-14","549","","","Microhouse","Ricardo Villalobos foi curado para ampliar a profundidade de Microhouse no catálogo.","underrepresented_subgenre_expansion_v18_20260820","https://music.apple.com/us/album/dexter/1822365596?i=1822365597&uo=4","https://music.apple.com/us/album/dexter/1822365596?i=1822365597&uo=4","","","https://is1-ssl.mzstatic.com/image/thumb/Music211/v4/bf/e8/11/bfe811de-6e9c-c765-7005-d3e70ac7ec6d/6997.jpg/600x600bb.jpg","","verified_underrepresented_subgenre_depth","microhouse;Microhouse;curated_artist;playable_depth;underrepresented_subgenre_expansion_v18_20260820","catalog_depth","underrepresented_style_depth","published","high","Artista curado para Microhouse; artista exato, gravação e prévia verificados no Apple Music."
"microhouse","Ricardo Villalobos","Humusweg","Cocoon Compilation J","","https://audio-ssl.itunes.apple.com/itunes-assets/AudioPreview125/v4/5b/31/1a/5b311ae3-13b6-5850-1da7-c1979260c352/mzaf_10430138943784351278.plus.aac.p.m4a","2010-06-14","750","","","Microhouse","Ricardo Villalobos foi curado para ampliar a profundidade de Microhouse no catálogo.","underrepresented_subgenre_expansion_v18_20260820","https://music.apple.com/us/album/humusweg/669179948?i=669180861&uo=4","https://music.apple.com/us/album/humusweg/669179948?i=669180861&uo=4","","","https://is1-ssl.mzstatic.com/image/thumb/Music4/v4/77/a6/d7/77a6d7fc-eda2-84ff-a441-0641a8dc8fac/cover.jpg/600x600bb.jpg","","verified_underrepresented_subgenre_depth","microhouse;Microhouse;curated_artist;playable_depth;underrepresented_subgenre_expansion_v18_20260820","catalog_depth","underrepresented_style_depth","published","high","Artista curado para Microhouse; artista exato, gravação e prévia verificados no Apple Music."
"microhouse","Ricardo Villalobos","Que bel Epoque","Crusing Level","","https://audio-ssl.itunes.apple.com/itunes-assets/AudioPreview125/v4/1f/28/89/1f28893b-fd66-b541-ce19-6f04fab75529/mzaf_11655012482752214230.plus.aac.p.m4a","2004-10-02","736","","","Microhouse","Ricardo Villalobos foi curado para ampliar a profundidade de Microhouse no catálogo.","underrepresented_subgenre_expansion_v18_20260820","https://music.apple.com/us/album/que-bel-epoque/354644832?i=354645276&uo=4","https://music.apple.com/us/album/que-bel-epoque/354644832?i=354645276&uo=4","","","https://is1-ssl.mzstatic.com/image/thumb/Music/70/cf/2b/mzi.gxszsajf.jpg/600x600bb.jpg","","verified_underrepresented_subgenre_depth","microhouse;Microhouse;curated_artist;playable_depth;underrepresented_subgenre_expansion_v18_20260820","catalog_depth","underrepresented_style_depth","published","high","Artista curado para Microhouse; artista exato, gravação e prévia verificados no Apple Music."
"minimal_wave","Das Ding","Flood the Zone (Again)","Practical Limits of Nihilism","","https://audio-ssl.itunes.apple.com/itunes-assets/AudioPreview221/v4/84/a9/67/84a96772-c96f-827a-9fce-b09bdcf2a320/mzaf_14638201513819205840.plus.aac.p.m4a","2026-06-15","275","","","Minimal Wave","Das Ding foi curado para ampliar a profundidade de Minimal Wave no catálogo.","underrepresented_subgenre_expansion_v18_20260820","https://music.apple.com/us/album/flood-the-zone-again/6770465443?i=6770465445&uo=4","https://music.apple.com/us/album/flood-the-zone-again/6770465443?i=6770465445&uo=4","4028328381","https://www.deezer.com/track/4028328381","https://is1-ssl.mzstatic.com/image/thumb/Music211/v4/64/7a/03/647a03d9-5c13-bd67-a31e-cdc7f9b15007/8718723320627.jpg/600x600bb.jpg","https://www.minimalwave.com/releases/list/","verified_underrepresented_subgenre_depth","minimal_wave;Minimal Wave;curated_artist;playable_depth;underrepresented_subgenre_expansion_v18_20260820;itunes_verified;deezer_verified","catalog_depth","underrepresented_style_depth","published","high","Artista curado para Minimal Wave; artista exato, gravação e prévia verificados em Apple Music e Deezer."
"minimal_wave","Das Ding","Guns for Leisure","Practical Limits of Nihilism","","https://audio-ssl.itunes.apple.com/itunes-assets/AudioPreview221/v4/ec/28/70/ec287036-4fb0-00e4-6c72-2cc4c3ad8aaf/mzaf_16601843428651814024.plus.aac.p.m4a","2026-06-15","166","","","Minimal Wave","Das Ding foi curado para ampliar a profundidade de Minimal Wave no catálogo.","underrepresented_subgenre_expansion_v18_20260820","https://music.apple.com/us/album/guns-for-leisure/6770465443?i=6770465444&uo=4","https://music.apple.com/us/album/guns-for-leisure/6770465443?i=6770465444&uo=4","4028328371","https://www.deezer.com/track/4028328371","https://is1-ssl.mzstatic.com/image/thumb/Music211/v4/64/7a/03/647a03d9-5c13-bd67-a31e-cdc7f9b15007/8718723320627.jpg/600x600bb.jpg","https://www.minimalwave.com/releases/list/","verified_underrepresented_subgenre_depth","minimal_wave;Minimal Wave;curated_artist;playable_depth;underrepresented_subgenre_expansion_v18_20260820;itunes_verified;deezer_verified","catalog_depth","underrepresented_style_depth","published","high","Artista curado para Minimal Wave; artista exato, gravação e prévia verificados em Apple Music e Deezer."
"minimal_wave","Das Ding","Reassurance Ritual","H.S.T.A.","","https://audio-ssl.itunes.apple.com/itunes-assets/AudioPreview125/v4/03/cb/b9/03cbb9ed-f775-7677-5d63-1b52d22590c8/mzaf_3123381101789262814.plus.aac.p.m4a","2009-12-07","224","","","Minimal Wave","Das Ding foi curado para ampliar a profundidade de Minimal Wave no catálogo.","underrepresented_subgenre_expansion_v18_20260820","https://music.apple.com/us/album/reassurance-ritual/383190461?i=383190532&uo=4","https://music.apple.com/us/album/reassurance-ritual/383190461?i=383190532&uo=4","64003064","https://www.deezer.com/track/64003064","https://is1-ssl.mzstatic.com/image/thumb/Music124/v4/1d/f1/fc/1df1fcc4-1516-728c-9953-fa0ee5f3a91c/mzi.cjordxei.jpg/600x600bb.jpg","https://www.minimalwave.com/releases/list/","verified_underrepresented_subgenre_depth","minimal_wave;Minimal Wave;curated_artist;playable_depth;underrepresented_subgenre_expansion_v18_20260820;itunes_verified;deezer_verified","catalog_depth","underrepresented_style_depth","published","high","Artista curado para Minimal Wave; artista exato, gravação e prévia verificados em Apple Music e Deezer."
"minimal_wave","Das Ding","Take Me Away","H.S.T.A.","","https://audio-ssl.itunes.apple.com/itunes-assets/AudioPreview115/v4/83/eb/57/83eb5751-0bd2-aed4-2206-cab2f6b32e97/mzaf_15773797870298172324.plus.aac.p.m4a","2009-12-07","436","","","Minimal Wave","Das Ding foi curado para ampliar a profundidade de Minimal Wave no catálogo.","underrepresented_subgenre_expansion_v18_20260820","https://music.apple.com/us/album/take-me-away/383190461?i=383190712&uo=4","https://music.apple.com/us/album/take-me-away/383190461?i=383190712&uo=4","","","https://is1-ssl.mzstatic.com/image/thumb/Music124/v4/1d/f1/fc/1df1fcc4-1516-728c-9953-fa0ee5f3a91c/mzi.cjordxei.jpg/600x600bb.jpg","https://www.minimalwave.com/releases/list/","verified_underrepresented_subgenre_depth","minimal_wave;Minimal Wave;curated_artist;playable_depth;underrepresented_subgenre_expansion_v18_20260820","catalog_depth","underrepresented_style_depth","published","high","Artista curado para Minimal Wave; artista exato, gravação e prévia verificados no Apple Music."
"minimal_wave","Martin Dupont","Full Moons and Mouths","Hot Paradox","","https://audio-ssl.itunes.apple.com/itunes-assets/AudioPreview115/v4/0e/b4/fc/0eb4fc77-0422-bda9-c097-84e37aada22d/mzaf_8335491834864794656.plus.aac.p.m4a","1987-04-26","272","","","Minimal Wave","Martin Dupont foi curado para ampliar a profundidade de Minimal Wave no catálogo.","underrepresented_subgenre_expansion_v18_20260820","https://music.apple.com/us/album/full-moons-and-mouths/1455193455?i=1455193458&uo=4","https://music.apple.com/us/album/full-moons-and-mouths/1455193455?i=1455193458&uo=4","643499932","https://www.deezer.com/track/643499932","https://is1-ssl.mzstatic.com/image/thumb/Music113/v4/c8/f5/8c/c8f58c38-fee5-035c-21f0-8ef06e704c46/193483367996.jpg/600x600bb.jpg","https://www.minimalwave.com/releases/list/","verified_underrepresented_subgenre_depth","minimal_wave;Minimal Wave;curated_artist;playable_depth;underrepresented_subgenre_expansion_v18_20260820;itunes_verified;deezer_verified","catalog_depth","underrepresented_style_depth","published","high","Artista curado para Minimal Wave; artista exato, gravação e prévia verificados em Apple Music e Deezer."
"minimal_wave","Martin Dupont","Hot Paradox","Hot Paradox","","https://audio-ssl.itunes.apple.com/itunes-assets/AudioPreview115/v4/78/16/72/781672c9-4e88-4f54-8e11-8e15227f233e/mzaf_6061441110440489866.plus.aac.p.m4a","1987-04-26","297","","","Minimal Wave","Martin Dupont foi curado para ampliar a profundidade de Minimal Wave no catálogo.","underrepresented_subgenre_expansion_v18_20260820","https://music.apple.com/us/album/hot-paradox/1455193455?i=1455193459&uo=4","https://music.apple.com/us/album/hot-paradox/1455193455?i=1455193459&uo=4","643499942","https://www.deezer.com/track/643499942","https://is1-ssl.mzstatic.com/image/thumb/Music113/v4/c8/f5/8c/c8f58c38-fee5-035c-21f0-8ef06e704c46/193483367996.jpg/600x600bb.jpg","https://www.minimalwave.com/releases/list/","verified_underrepresented_subgenre_depth","minimal_wave;Minimal Wave;curated_artist;playable_depth;underrepresented_subgenre_expansion_v18_20260820;itunes_verified;deezer_verified","catalog_depth","underrepresented_style_depth","published","high","Artista curado para Minimal Wave; artista exato, gravação e prévia verificados em Apple Music e Deezer."
"minimal_wave","Martin Dupont","I Never Tried","Hot Paradox","","https://audio-ssl.itunes.apple.com/itunes-assets/AudioPreview125/v4/1a/22/8e/1a228e78-cd0c-4f6b-e750-5205877205fb/mzaf_5285355382393217254.plus.aac.p.m4a","1987-04-26","319","","","Minimal Wave","Martin Dupont foi curado para ampliar a profundidade de Minimal Wave no catálogo.","underrepresented_subgenre_expansion_v18_20260820","https://music.apple.com/us/album/i-never-tried/1455193455?i=1455193558&uo=4","https://music.apple.com/us/album/i-never-tried/1455193455?i=1455193558&uo=4","643500002","https://www.deezer.com/track/643500002","https://is1-ssl.mzstatic.com/image/thumb/Music113/v4/c8/f5/8c/c8f58c38-fee5-035c-21f0-8ef06e704c46/193483367996.jpg/600x600bb.jpg","https://www.minimalwave.com/releases/list/","verified_underrepresented_subgenre_depth","minimal_wave;Minimal Wave;curated_artist;playable_depth;underrepresented_subgenre_expansion_v18_20260820;itunes_verified;deezer_verified","catalog_depth","underrepresented_style_depth","published","high","Artista curado para Minimal Wave; artista exato, gravação e prévia verificados em Apple Music e Deezer."
"minimal_wave","Martin Dupont","Pressure","Hot Paradox","","https://audio-ssl.itunes.apple.com/itunes-assets/AudioPreview125/v4/dd/7c/9e/dd7c9e5e-1679-356b-3cd7-fe5c66be8296/mzaf_2424468728457907615.plus.aac.p.m4a","1987-04-26","258","","","Minimal Wave","Martin Dupont foi curado para ampliar a profundidade de Minimal Wave no catálogo.","underrepresented_subgenre_expansion_v18_20260820","https://music.apple.com/us/album/pressure/1455193455?i=1455193464&uo=4","https://music.apple.com/us/album/pressure/1455193455?i=1455193464&uo=4","643499962","https://www.deezer.com/track/643499962","https://is1-ssl.mzstatic.com/image/thumb/Music113/v4/c8/f5/8c/c8f58c38-fee5-035c-21f0-8ef06e704c46/193483367996.jpg/600x600bb.jpg","https://www.minimalwave.com/releases/list/","verified_underrepresented_subgenre_depth","minimal_wave;Minimal Wave;curated_artist;playable_depth;underrepresented_subgenre_expansion_v18_20260820;itunes_verified;deezer_verified","catalog_depth","underrepresented_style_depth","published","high","Artista curado para Minimal Wave; artista exato, gravação e prévia verificados em Apple Music e Deezer."
"minimal_wave","Oppenheimer Analysis","Cold War","New Mexico","","https://audio-ssl.itunes.apple.com/itunes-assets/AudioPreview125/v4/fc/c9/e9/fcc9e993-e0b6-412e-105e-5c23934644c6/mzaf_2466178925604241188.plus.aac.p.m4a","2015-09-15","333","","","Minimal Wave","Oppenheimer Analysis foi curado para ampliar a profundidade de Minimal Wave no catálogo.","underrepresented_subgenre_expansion_v18_20260820","https://music.apple.com/us/album/cold-war/1047549545?i=1047549553&uo=4","https://music.apple.com/us/album/cold-war/1047549545?i=1047549553&uo=4","","","https://is1-ssl.mzstatic.com/image/thumb/Music115/v4/22/ad/79/22ad79be-4d78-7128-fffa-f62223c049e8/889845505853.jpg/600x600bb.jpg","https://www.minimalwave.com/releases/list/","verified_underrepresented_subgenre_depth","minimal_wave;Minimal Wave;curated_artist;playable_depth;underrepresented_subgenre_expansion_v18_20260820;itunes_verified","catalog_depth","underrepresented_style_depth","published","high","Artista curado para Minimal Wave; artista exato, gravação e prévia verificados em Apple Music."
"minimal_wave","Oppenheimer Analysis","Martyr","New Mexico","","https://audio-ssl.itunes.apple.com/itunes-assets/AudioPreview115/v4/d8/9c/23/d89c23a8-8be2-553a-4ef5-ba640bf52767/mzaf_1273623380371391638.plus.aac.p.m4a","2015-09-15","301","","","Minimal Wave","Oppenheimer Analysis foi curado para ampliar a profundidade de Minimal Wave no catálogo.","underrepresented_subgenre_expansion_v18_20260820","https://music.apple.com/us/album/martyr/1047549545?i=1047549552&uo=4","https://music.apple.com/us/album/martyr/1047549545?i=1047549552&uo=4","","","https://is1-ssl.mzstatic.com/image/thumb/Music115/v4/22/ad/79/22ad79be-4d78-7128-fffa-f62223c049e8/889845505853.jpg/600x600bb.jpg","https://www.minimalwave.com/releases/list/","verified_underrepresented_subgenre_depth","minimal_wave;Minimal Wave;curated_artist;playable_depth;underrepresented_subgenre_expansion_v18_20260820;itunes_verified","catalog_depth","underrepresented_style_depth","published","high","Artista curado para Minimal Wave; artista exato, gravação e prévia verificados em Apple Music."
"minimal_wave","Oppenheimer Analysis","Modern Wonder","New Mexico","","https://audio-ssl.itunes.apple.com/itunes-assets/AudioPreview125/v4/b5/d0/6c/b5d06cab-e77c-ebf1-3d55-dc26d23e3582/mzaf_8178970403795282224.plus.aac.p.m4a","2015-09-15","303","","","Minimal Wave","Oppenheimer Analysis foi curado para ampliar a profundidade de Minimal Wave no catálogo.","underrepresented_subgenre_expansion_v18_20260820","https://music.apple.com/us/album/modern-wonder/1047549545?i=1047549555&uo=4","https://music.apple.com/us/album/modern-wonder/1047549545?i=1047549555&uo=4","","","https://is1-ssl.mzstatic.com/image/thumb/Music115/v4/22/ad/79/22ad79be-4d78-7128-fffa-f62223c049e8/889845505853.jpg/600x600bb.jpg","https://www.minimalwave.com/releases/list/","verified_underrepresented_subgenre_depth","minimal_wave;Minimal Wave;curated_artist;playable_depth;underrepresented_subgenre_expansion_v18_20260820;itunes_verified","catalog_depth","underrepresented_style_depth","published","high","Artista curado para Minimal Wave; artista exato, gravação e prévia verificados em Apple Music."
"minimal_wave","Oppenheimer Analysis","Security Risk","New Mexico","","https://audio-ssl.itunes.apple.com/itunes-assets/AudioPreview125/v4/ad/6e/a9/ad6ea913-5452-a2a6-c1f5-4e98714bdca3/mzaf_11723319821109563849.plus.aac.p.m4a","2010-09-22","183","","","Minimal Wave","Oppenheimer Analysis foi curado para ampliar a profundidade de Minimal Wave no catálogo.","underrepresented_subgenre_expansion_v18_20260820","https://music.apple.com/us/album/security-risk/394774149?i=394774232&uo=4","https://music.apple.com/us/album/security-risk/394774149?i=394774232&uo=4","","","https://is1-ssl.mzstatic.com/image/thumb/Music124/v4/51/42/f6/5142f69c-3e76-49b2-62da-33aab4ebe187/mzi.poymsaac.jpg/600x600bb.jpg","https://www.minimalwave.com/releases/list/","verified_underrepresented_subgenre_depth","minimal_wave;Minimal Wave;curated_artist;playable_depth;underrepresented_subgenre_expansion_v18_20260820","catalog_depth","underrepresented_style_depth","published","high","Artista curado para Minimal Wave; artista exato, gravação e prévia verificados no Apple Music."
"minimal_wave","Solid Space","Afghan Dance","Space Museum","","https://audio-ssl.itunes.apple.com/itunes-assets/AudioPreview125/v4/e1/c1/9f/e1c19f63-b80b-8cf6-f4b4-00bf6ef29f2b/mzaf_12210170311430260298.plus.aac.p.m4a","2017-12-12","110","","","Minimal Wave","Solid Space foi curado para ampliar a profundidade de Minimal Wave no catálogo.","underrepresented_subgenre_expansion_v18_20260820","https://music.apple.com/us/album/afghan-dance/1324890668?i=1324890925&uo=4","https://music.apple.com/us/album/afghan-dance/1324890668?i=1324890925&uo=4","440358612","https://www.deezer.com/track/440358612","https://is1-ssl.mzstatic.com/image/thumb/Music128/v4/25/36/ee/2536eecb-c2dd-c03d-bb4d-c058f45ecaca/192641004551_Cover.jpg/600x600bb.jpg","https://www.minimalwave.com/releases/list/","verified_underrepresented_subgenre_depth","minimal_wave;Minimal Wave;curated_artist;playable_depth;underrepresented_subgenre_expansion_v18_20260820;itunes_verified;deezer_verified","catalog_depth","underrepresented_style_depth","published","high","Artista curado para Minimal Wave; artista exato, gravação e prévia verificados em Apple Music e Deezer."
"minimal_wave","Solid Space","New Statue","Space Museum","","https://audio-ssl.itunes.apple.com/itunes-assets/AudioPreview115/v4/7e/96/dc/7e96dc49-b0c3-21bf-0816-a976d3b0dacc/mzaf_14162846530395291857.plus.aac.p.m4a","2017-12-12","343","","","Minimal Wave","Solid Space foi curado para ampliar a profundidade de Minimal Wave no catálogo.","underrepresented_subgenre_expansion_v18_20260820","https://music.apple.com/us/album/new-statue/1324890668?i=1324890940&uo=4","https://music.apple.com/us/album/new-statue/1324890668?i=1324890940&uo=4","440358652","https://www.deezer.com/track/440358652","https://is1-ssl.mzstatic.com/image/thumb/Music128/v4/25/36/ee/2536eecb-c2dd-c03d-bb4d-c058f45ecaca/192641004551_Cover.jpg/600x600bb.jpg","https://www.minimalwave.com/releases/list/","verified_underrepresented_subgenre_depth","minimal_wave;Minimal Wave;curated_artist;playable_depth;underrepresented_subgenre_expansion_v18_20260820;itunes_verified;deezer_verified","catalog_depth","underrepresented_style_depth","published","high","Artista curado para Minimal Wave; artista exato, gravação e prévia verificados em Apple Music e Deezer."
"minimal_wave","Solid Space","Spectrum is Green","Space Museum","","https://audio-ssl.itunes.apple.com/itunes-assets/AudioPreview125/v4/06/db/e3/06dbe3e5-d413-20d6-f0c6-04ede02610fa/mzaf_3733969249745788502.plus.aac.p.m4a","2017-12-12","191","","","Minimal Wave","Solid Space foi curado para ampliar a profundidade de Minimal Wave no catálogo.","underrepresented_subgenre_expansion_v18_20260820","https://music.apple.com/us/album/spectrum-is-green/1324890668?i=1324890936&uo=4","https://music.apple.com/us/album/spectrum-is-green/1324890668?i=1324890936&uo=4","440358622","https://www.deezer.com/track/440358622","https://is1-ssl.mzstatic.com/image/thumb/Music128/v4/25/36/ee/2536eecb-c2dd-c03d-bb4d-c058f45ecaca/192641004551_Cover.jpg/600x600bb.jpg","https://www.minimalwave.com/releases/list/","verified_underrepresented_subgenre_depth","minimal_wave;Minimal Wave;curated_artist;playable_depth;underrepresented_subgenre_expansion_v18_20260820;itunes_verified;deezer_verified","catalog_depth","underrepresented_style_depth","published","high","Artista curado para Minimal Wave; artista exato, gravação e prévia verificados em Apple Music e Deezer."
"minimal_wave","Solid Space","Tenth Planet","Space Museum","","https://audio-ssl.itunes.apple.com/itunes-assets/AudioPreview125/v4/d7/5c/87/d75c8702-5d9b-dec7-8707-d73f135fceb9/mzaf_2826998526550702413.plus.aac.p.m4a","2017-12-12","172","","","Minimal Wave","Solid Space foi curado para ampliar a profundidade de Minimal Wave no catálogo.","underrepresented_subgenre_expansion_v18_20260820","https://music.apple.com/us/album/tenth-planet/1324890668?i=1324890984&uo=4","https://music.apple.com/us/album/tenth-planet/1324890668?i=1324890984&uo=4","440358682","https://www.deezer.com/track/440358682","https://is1-ssl.mzstatic.com/image/thumb/Music128/v4/25/36/ee/2536eecb-c2dd-c03d-bb4d-c058f45ecaca/192641004551_Cover.jpg/600x600bb.jpg","https://www.minimalwave.com/releases/list/","verified_underrepresented_subgenre_depth","minimal_wave;Minimal Wave;curated_artist;playable_depth;underrepresented_subgenre_expansion_v18_20260820;itunes_verified;deezer_verified","catalog_depth","underrepresented_style_depth","published","high","Artista curado para Minimal Wave; artista exato, gravação e prévia verificados em Apple Music e Deezer."
"minimal_wave","Turquoise Days","Alternative Strategies","Further Strategies","","https://audio-ssl.itunes.apple.com/itunes-assets/AudioPreview125/v4/a2/5b/50/a25b50ef-a937-d8bf-ef96-e2bbea133d03/mzaf_14284258928191037058.plus.aac.p.m4a","2009-12-08","199","","","Minimal Wave","Turquoise Days foi curado para ampliar a profundidade de Minimal Wave no catálogo.","underrepresented_subgenre_expansion_v18_20260820","https://music.apple.com/us/album/alternative-strategies/1495234123?i=1495234145&uo=4","https://music.apple.com/us/album/alternative-strategies/1495234123?i=1495234145&uo=4","","","https://is1-ssl.mzstatic.com/image/thumb/Music113/v4/17/c9/8b/17c98b33-e3a3-6877-c64a-246a9572a43a/194491868765.jpg/600x600bb.jpg","https://www.minimalwave.com/releases/list/","verified_underrepresented_subgenre_depth","minimal_wave;Minimal Wave;curated_artist;playable_depth;underrepresented_subgenre_expansion_v18_20260820;itunes_verified","catalog_depth","underrepresented_style_depth","published","high","Artista curado para Minimal Wave; artista exato, gravação e prévia verificados em Apple Music."
"minimal_wave","Turquoise Days","Blurred","Further Strategies","","https://audio-ssl.itunes.apple.com/itunes-assets/AudioPreview113/v4/07/9d/71/079d71c2-a944-076e-8537-8ae0607fa5b3/mzaf_15773408495185828914.plus.aac.p.m4a","2009-12-08","207","","","Minimal Wave","Turquoise Days foi curado para ampliar a profundidade de Minimal Wave no catálogo.","underrepresented_subgenre_expansion_v18_20260820","https://music.apple.com/us/album/blurred/1495234123?i=1495234743&uo=4","https://music.apple.com/us/album/blurred/1495234123?i=1495234743&uo=4","","","https://is1-ssl.mzstatic.com/image/thumb/Music113/v4/17/c9/8b/17c98b33-e3a3-6877-c64a-246a9572a43a/194491868765.jpg/600x600bb.jpg","https://www.minimalwave.com/releases/list/","verified_underrepresented_subgenre_depth","minimal_wave;Minimal Wave;curated_artist;playable_depth;underrepresented_subgenre_expansion_v18_20260820;itunes_verified","catalog_depth","underrepresented_style_depth","published","high","Artista curado para Minimal Wave; artista exato, gravação e prévia verificados em Apple Music."
"minimal_wave","Turquoise Days","Grey Skies","Further Strategies","","https://audio-ssl.itunes.apple.com/itunes-assets/AudioPreview125/v4/83/2b/21/832b2150-e63d-9c92-3c11-db56d98ac451/mzaf_3777099120219733190.plus.aac.p.m4a","2009-12-08","259","","","Minimal Wave","Turquoise Days foi curado para ampliar a profundidade de Minimal Wave no catálogo.","underrepresented_subgenre_expansion_v18_20260820","https://music.apple.com/us/album/grey-skies/1495234123?i=1495234132&uo=4","https://music.apple.com/us/album/grey-skies/1495234123?i=1495234132&uo=4","","","https://is1-ssl.mzstatic.com/image/thumb/Music113/v4/17/c9/8b/17c98b33-e3a3-6877-c64a-246a9572a43a/194491868765.jpg/600x600bb.jpg","https://www.minimalwave.com/releases/list/","verified_underrepresented_subgenre_depth","minimal_wave;Minimal Wave;curated_artist;playable_depth;underrepresented_subgenre_expansion_v18_20260820;itunes_verified","catalog_depth","underrepresented_style_depth","published","high","Artista curado para Minimal Wave; artista exato, gravação e prévia verificados em Apple Music."
"minimal_wave","Turquoise Days","One Day","Further Strategies","","https://audio-ssl.itunes.apple.com/itunes-assets/AudioPreview123/v4/15/1b/92/151b927b-467d-e1b8-d9e6-52bd7fbc9c14/mzaf_7554590597029616707.plus.aac.p.m4a","2020-02-11","292","","","Minimal Wave","Turquoise Days foi curado para ampliar a profundidade de Minimal Wave no catálogo.","underrepresented_subgenre_expansion_v18_20260820","https://music.apple.com/us/album/one-day/1495234123?i=1495234719&uo=4","https://music.apple.com/us/album/one-day/1495234123?i=1495234719&uo=4","","","https://is1-ssl.mzstatic.com/image/thumb/Music113/v4/17/c9/8b/17c98b33-e3a3-6877-c64a-246a9572a43a/194491868765.jpg/600x600bb.jpg","https://www.minimalwave.com/releases/list/","verified_underrepresented_subgenre_depth","minimal_wave;Minimal Wave;curated_artist;playable_depth;underrepresented_subgenre_expansion_v18_20260820","catalog_depth","underrepresented_style_depth","published","high","Artista curado para Minimal Wave; artista exato, gravação e prévia verificados no Apple Music."
"musique_concrete","Beatriz Ferreyra","Deux Dents Dehors","Huellas Entreveradas - EP","","https://audio-ssl.itunes.apple.com/itunes-assets/AudioPreview115/v4/93/0b/a1/930ba111-03d8-ea12-9360-62454387d7b2/mzaf_1359143087730931797.plus.aac.p.m4a","2020-05-05","240","","","Musique Concrete","Beatriz Ferreyra foi curado para ampliar a profundidade de Musique Concrete no catálogo.","underrepresented_subgenre_expansion_v18_20260820","https://music.apple.com/us/album/deux-dents-dehors/1501607922?i=1501607930&uo=4","https://music.apple.com/us/album/deux-dents-dehors/1501607922?i=1501607930&uo=4","","","https://is1-ssl.mzstatic.com/image/thumb/Music114/v4/ad/c1/fa/adc1fa1f-f103-08ce-d5fa-25c83d1ff26b/cover.jpg/600x600bb.jpg","","verified_underrepresented_subgenre_depth","musique_concrete;Musique Concrete;curated_artist;playable_depth;underrepresented_subgenre_expansion_v18_20260820","catalog_depth","underrepresented_style_depth","published","high","Artista curado para Musique Concrete; artista exato, gravação e prévia verificados no Apple Music."
"musique_concrete","Beatriz Ferreyra","Huellas Entreveradas","Huellas Entreveradas - EP","","https://audio-ssl.itunes.apple.com/itunes-assets/AudioPreview125/v4/4c/b8/7a/4cb87a8a-f1b1-31be-4e39-bd4c468508ff/mzaf_5750917727915637139.plus.aac.p.m4a","2020-05-05","875","","","Musique Concrete","Beatriz Ferreyra foi curado para ampliar a profundidade de Musique Concrete no catálogo.","underrepresented_subgenre_expansion_v18_20260820","https://music.apple.com/us/album/huellas-entreveradas/1501607922?i=1501607924&uo=4","https://music.apple.com/us/album/huellas-entreveradas/1501607922?i=1501607924&uo=4","","","https://is1-ssl.mzstatic.com/image/thumb/Music114/v4/ad/c1/fa/adc1fa1f-f103-08ce-d5fa-25c83d1ff26b/cover.jpg/600x600bb.jpg","","verified_underrepresented_subgenre_depth","musique_concrete;Musique Concrete;curated_artist;playable_depth;underrepresented_subgenre_expansion_v18_20260820","catalog_depth","underrepresented_style_depth","published","high","Artista curado para Musique Concrete; artista exato, gravação e prévia verificados no Apple Music."
"musique_concrete","Beatriz Ferreyra","L'autre ... Ou Le Chant Des Marecages","Echos+","","https://audio-ssl.itunes.apple.com/itunes-assets/AudioPreview115/v4/01/ce/0b/01ce0bbc-545b-c690-877b-dd626291ede5/mzaf_16928707760496645281.plus.aac.p.m4a","2020-03-20","754","","","Musique Concrete","Beatriz Ferreyra foi curado para ampliar a profundidade de Musique Concrete no catálogo.","underrepresented_subgenre_expansion_v18_20260820","https://music.apple.com/us/album/lautre-ou-le-chant-des-marecages/1495301906?i=1495301911&uo=4","https://music.apple.com/us/album/lautre-ou-le-chant-des-marecages/1495301906?i=1495301911&uo=4","","","https://is1-ssl.mzstatic.com/image/thumb/Music113/v4/fa/ce/ad/facead84-d4ee-4418-7bd2-cbd4a4a2002c/194491877316.jpg/600x600bb.jpg","","verified_underrepresented_subgenre_depth","musique_concrete;Musique Concrete;curated_artist;playable_depth;underrepresented_subgenre_expansion_v18_20260820","catalog_depth","underrepresented_style_depth","published","high","Artista curado para Musique Concrete; artista exato, gravação e prévia verificados no Apple Music."
"musique_concrete","Beatriz Ferreyra","La Ba-Balle du Chien-Chien a la Me-Mere","Huellas Entreveradas - EP","","https://audio-ssl.itunes.apple.com/itunes-assets/AudioPreview125/v4/5e/5e/14/5e5e1474-4abf-2534-2188-0c9e36090d89/mzaf_9560518046328110036.plus.aac.p.m4a","2020-05-05","678","","","Musique Concrete","Beatriz Ferreyra foi curado para ampliar a profundidade de Musique Concrete no catálogo.","underrepresented_subgenre_expansion_v18_20260820","https://music.apple.com/us/album/la-ba-balle-du-chien-chien-a-la-me-mere/1501607922?i=1501607926&uo=4","https://music.apple.com/us/album/la-ba-balle-du-chien-chien-a-la-me-mere/1501607922?i=1501607926&uo=4","","","https://is1-ssl.mzstatic.com/image/thumb/Music114/v4/ad/c1/fa/adc1fa1f-f103-08ce-d5fa-25c83d1ff26b/cover.jpg/600x600bb.jpg","","verified_underrepresented_subgenre_depth","musique_concrete;Musique Concrete;curated_artist;playable_depth;underrepresented_subgenre_expansion_v18_20260820","catalog_depth","underrepresented_style_depth","published","high","Artista curado para Musique Concrete; artista exato, gravação e prévia verificados no Apple Music."
"musique_concrete","Bernard Parmegiani","Abel-Abeth","Mémoire Magnetique, Vol. 1 (1966 – 1990)","","https://audio-ssl.itunes.apple.com/itunes-assets/AudioPreview118/v4/06/a0/2d/06a02de0-c0d8-4095-0ae6-daf79745d354/mzaf_2358152375826664526.plus.aac.p.m4a","2018-10-09","244","","","Musique Concrete","Bernard Parmegiani foi curado para ampliar a profundidade de Musique Concrete no catálogo.","underrepresented_subgenre_expansion_v18_20260820","https://music.apple.com/us/album/abel-abeth/1435464541?i=1435465026&uo=4","https://music.apple.com/us/album/abel-abeth/1435464541?i=1435465026&uo=4","","","https://is1-ssl.mzstatic.com/image/thumb/Music128/v4/0c/95/ec/0c95ecd6-e3f6-d943-a647-b454fc968665/3760179354584.jpg/600x600bb.jpg","","verified_underrepresented_subgenre_depth","musique_concrete;Musique Concrete;curated_artist;playable_depth;underrepresented_subgenre_expansion_v18_20260820","catalog_depth","underrepresented_style_depth","published","high","Artista curado para Musique Concrete; artista exato, gravação e prévia verificados no Apple Music."
"musique_concrete","Bernard Parmegiani","De Natura Sonorum: Matières Induites","An Anthology of Noise and Electronic Music, Vol. 3","","https://audio-ssl.itunes.apple.com/itunes-assets/AudioPreview125/v4/89/f3/05/89f305e0-62e1-a24d-2cc6-2b6fc8b018ae/mzaf_18317840213628389322.plus.aac.p.m4a","1975-01-01","232","","","Musique Concrete","Bernard Parmegiani foi curado para ampliar a profundidade de Musique Concrete no catálogo.","underrepresented_subgenre_expansion_v18_20260820","https://music.apple.com/us/album/de-natura-sonorum-mati%C3%A8res-induites/214539056?i=214539059&uo=4","https://music.apple.com/us/album/de-natura-sonorum-mati%C3%A8res-induites/214539056?i=214539059&uo=4","","","https://is1-ssl.mzstatic.com/image/thumb/Music125/v4/cb/17/f2/cb17f2e1-6885-1bb6-02ab-d61f33f6876d/mzi.vxqnwdvl.jpg/600x600bb.jpg","","verified_underrepresented_subgenre_depth","musique_concrete;Musique Concrete;curated_artist;playable_depth;underrepresented_subgenre_expansion_v18_20260820","catalog_depth","underrepresented_style_depth","published","high","Artista curado para Musique Concrete; artista exato, gravação e prévia verificados no Apple Music."
"musique_concrete","Bernard Parmegiani","Indicatif inédit ""Stade 2""","Mémoire Magnetique, Vol. 1 (1966 – 1990)","","https://audio-ssl.itunes.apple.com/itunes-assets/AudioPreview115/v4/2a/60/e0/2a60e061-42c9-4678-096b-4ac46d128a17/mzaf_6743188769343236074.plus.aac.p.m4a","2018-10-09","73","","","Musique Concrete","Bernard Parmegiani foi curado para ampliar a profundidade de Musique Concrete no catálogo.","underrepresented_subgenre_expansion_v18_20260820","https://music.apple.com/us/album/indicatif-in%C3%A9dit-stade-2/1435464541?i=1435464548&uo=4","https://music.apple.com/us/album/indicatif-in%C3%A9dit-stade-2/1435464541?i=1435464548&uo=4","","","https://is1-ssl.mzstatic.com/image/thumb/Music128/v4/0c/95/ec/0c95ecd6-e3f6-d943-a647-b454fc968665/3760179354584.jpg/600x600bb.jpg","","verified_underrepresented_subgenre_depth","musique_concrete;Musique Concrete;curated_artist;playable_depth;underrepresented_subgenre_expansion_v18_20260820","catalog_depth","underrepresented_style_depth","published","high","Artista curado para Musique Concrete; artista exato, gravação e prévia verificados no Apple Music."
"musique_concrete","Bernard Parmegiani","L'herbe rouge 1","Mémoire Magnetique, Vol. 1 (1966 – 1990)","","https://audio-ssl.itunes.apple.com/itunes-assets/AudioPreview115/v4/19/b0/ce/19b0ce08-01b4-ee47-1182-9cd5a9ceb704/mzaf_9606310373343527629.plus.aac.p.m4a","2018-10-09","169","","","Musique Concrete","Bernard Parmegiani foi curado para ampliar a profundidade de Musique Concrete no catálogo.","underrepresented_subgenre_expansion_v18_20260820","https://music.apple.com/us/album/lherbe-rouge-1/1435464541?i=1435464770&uo=4","https://music.apple.com/us/album/lherbe-rouge-1/1435464541?i=1435464770&uo=4","","","https://is1-ssl.mzstatic.com/image/thumb/Music128/v4/0c/95/ec/0c95ecd6-e3f6-d943-a647-b454fc968665/3760179354584.jpg/600x600bb.jpg","","verified_underrepresented_subgenre_depth","musique_concrete;Musique Concrete;curated_artist;playable_depth;underrepresented_subgenre_expansion_v18_20260820","catalog_depth","underrepresented_style_depth","published","high","Artista curado para Musique Concrete; artista exato, gravação e prévia verificados no Apple Music."
"musique_concrete","Christian Zanesi","Blue Lights","Paysages magnétiques (Magnetic Landscapes)","","https://audio-ssl.itunes.apple.com/itunes-assets/AudioPreview211/v4/5f/b4/a5/5fb4a55b-78b5-e391-3394-f911b854e40e/mzaf_11545008300373382227.plus.aac.p.m4a","2005-01-01","115","","","Musique Concrete","Christian Zanesi foi curado para ampliar a profundidade de Musique Concrete no catálogo.","underrepresented_subgenre_expansion_v18_20260820","https://music.apple.com/us/album/blue-lights/273098297?i=273098336&uo=4","https://music.apple.com/us/album/blue-lights/273098297?i=273098336&uo=4","","","https://is1-ssl.mzstatic.com/image/thumb/Music/28/4c/2d/mzi.ezhcaveq.jpg/600x600bb.jpg","","verified_underrepresented_subgenre_depth","musique_concrete;Musique Concrete;curated_artist;playable_depth;underrepresented_subgenre_expansion_v18_20260820","catalog_depth","underrepresented_style_depth","published","high","Artista curado para Musique Concrete; artista exato, gravação e prévia verificados no Apple Music."
"musique_concrete","Christian Zanesi","Bug Night","Paysages magnétiques (Magnetic Landscapes)","","https://audio-ssl.itunes.apple.com/itunes-assets/AudioPreview211/v4/f5/6d/bc/f56dbc0a-5527-6cb8-75a4-d9d6631fce38/mzaf_659305001184350481.plus.aac.p.m4a","2005-01-01","87","","","Musique Concrete","Christian Zanesi foi curado para ampliar a profundidade de Musique Concrete no catálogo.","underrepresented_subgenre_expansion_v18_20260820","https://music.apple.com/us/album/bug-night/273098297?i=273098339&uo=4","https://music.apple.com/us/album/bug-night/273098297?i=273098339&uo=4","","","https://is1-ssl.mzstatic.com/image/thumb/Music/28/4c/2d/mzi.ezhcaveq.jpg/600x600bb.jpg","","verified_underrepresented_subgenre_depth","musique_concrete;Musique Concrete;curated_artist;playable_depth;underrepresented_subgenre_expansion_v18_20260820","catalog_depth","underrepresented_style_depth","published","high","Artista curado para Musique Concrete; artista exato, gravação e prévia verificados no Apple Music."
"musique_concrete","Christian Zanesi","Magnetic Landscapes","Paysages magnétiques (Magnetic Landscapes)","","https://audio-ssl.itunes.apple.com/itunes-assets/AudioPreview221/v4/27/d5/1c/27d51c52-4b7a-08df-075c-29fef349626f/mzaf_1292846754789665325.plus.aac.p.m4a","2005-01-01","127","","","Musique Concrete","Christian Zanesi foi curado para ampliar a profundidade de Musique Concrete no catálogo.","underrepresented_subgenre_expansion_v18_20260820","https://music.apple.com/us/album/magnetic-landscapes/273098297?i=273098337&uo=4","https://music.apple.com/us/album/magnetic-landscapes/273098297?i=273098337&uo=4","","","https://is1-ssl.mzstatic.com/image/thumb/Music/28/4c/2d/mzi.ezhcaveq.jpg/600x600bb.jpg","","verified_underrepresented_subgenre_depth","musique_concrete;Musique Concrete;curated_artist;playable_depth;underrepresented_subgenre_expansion_v18_20260820","catalog_depth","underrepresented_style_depth","published","high","Artista curado para Musique Concrete; artista exato, gravação e prévia verificados no Apple Music."
"musique_concrete","Christian Zanesi","Magnetic Storm","Paysages magnétiques (Magnetic Landscapes)","","https://audio-ssl.itunes.apple.com/itunes-assets/AudioPreview211/v4/82/20/96/822096a7-6f7c-75db-0997-eba09b83abb9/mzaf_4299913045590396411.plus.aac.p.m4a","2005-01-01","225","","","Musique Concrete","Christian Zanesi foi curado para ampliar a profundidade de Musique Concrete no catálogo.","underrepresented_subgenre_expansion_v18_20260820","https://music.apple.com/us/album/magnetic-storm/273098297?i=273098338&uo=4","https://music.apple.com/us/album/magnetic-storm/273098297?i=273098338&uo=4","","","https://is1-ssl.mzstatic.com/image/thumb/Music/28/4c/2d/mzi.ezhcaveq.jpg/600x600bb.jpg","","verified_underrepresented_subgenre_depth","musique_concrete;Musique Concrete;curated_artist;playable_depth;underrepresented_subgenre_expansion_v18_20260820","catalog_depth","underrepresented_style_depth","published","high","Artista curado para Musique Concrete; artista exato, gravação e prévia verificados no Apple Music."
"musique_concrete","Francois Bayle","Animé","Les couleurs de la nuit","","https://audio-ssl.itunes.apple.com/itunes-assets/AudioPreview71/v4/6b/58/2c/6b582c6d-e54b-9027-2a89-6965b81da282/mzaf_5811325147768565440.plus.aac.p.m4a","1982-01-01","461","","","Musique Concrete","Francois Bayle foi curado para ampliar a profundidade de Musique Concrete no catálogo.","underrepresented_subgenre_expansion_v18_20260820","https://music.apple.com/us/album/anim%C3%A9/709542566?i=709542617&uo=4","https://music.apple.com/us/album/anim%C3%A9/709542566?i=709542617&uo=4","","","https://is1-ssl.mzstatic.com/image/thumb/Music/v4/cc/1d/3c/cc1d3ca6-69b0-7566-2d33-3e135cd4d7cf/cover.jpg/600x600bb.jpg","","verified_underrepresented_subgenre_depth","musique_concrete;Musique Concrete;curated_artist;playable_depth;underrepresented_subgenre_expansion_v18_20260820","catalog_depth","underrepresented_style_depth","published","high","Artista curado para Musique Concrete; artista exato, gravação e prévia verificados no Apple Music."
"musique_concrete","Francois Bayle","Sophistication","Electrucs !","","https://audio-ssl.itunes.apple.com/itunes-assets/AudioPreview128/v4/78/33/57/78335732-1cfa-47f1-a722-2316bb34d91e/mzaf_871352443179552126.plus.aac.p.m4a","2018-10-09","166","","","Musique Concrete","Francois Bayle foi curado para ampliar a profundidade de Musique Concrete no catálogo.","underrepresented_subgenre_expansion_v18_20260820","https://music.apple.com/us/album/sophistication/1435457055?i=1435457062&uo=4","https://music.apple.com/us/album/sophistication/1435457055?i=1435457062&uo=4","","","https://is1-ssl.mzstatic.com/image/thumb/Music118/v4/ee/60/cf/ee60cff9-ba2a-5128-dd65-0fabc8b99b7c/3760179354591.jpg/600x600bb.jpg","","verified_underrepresented_subgenre_depth","musique_concrete;Musique Concrete;curated_artist;playable_depth;underrepresented_subgenre_expansion_v18_20260820","catalog_depth","underrepresented_style_depth","published","high","Artista curado para Musique Concrete; artista exato, gravação e prévia verificados no Apple Music."
"musique_concrete","Francois Bayle","Train noir","Electrucs !","","https://audio-ssl.itunes.apple.com/itunes-assets/AudioPreview128/v4/b9/b6/ed/b9b6ede2-5ddb-98c5-b2db-e6de6f8f8aa0/mzaf_116671704159305997.plus.aac.p.m4a","2018-10-09","137","","","Musique Concrete","Francois Bayle foi curado para ampliar a profundidade de Musique Concrete no catálogo.","underrepresented_subgenre_expansion_v18_20260820","https://music.apple.com/us/album/train-noir/1435457055?i=1435457069&uo=4","https://music.apple.com/us/album/train-noir/1435457055?i=1435457069&uo=4","","","https://is1-ssl.mzstatic.com/image/thumb/Music118/v4/ee/60/cf/ee60cff9-ba2a-5128-dd65-0fabc8b99b7c/3760179354591.jpg/600x600bb.jpg","","verified_underrepresented_subgenre_depth","musique_concrete;Musique Concrete;curated_artist;playable_depth;underrepresented_subgenre_expansion_v18_20260820","catalog_depth","underrepresented_style_depth","published","high","Artista curado para Musique Concrete; artista exato, gravação e prévia verificados no Apple Music."
"musique_concrete","Francois Bayle","Trois andantes","Les couleurs de la nuit","","https://audio-ssl.itunes.apple.com/itunes-assets/AudioPreview71/v4/c1/18/37/c118375d-62be-c303-1876-792e389a88d6/mzaf_7442747066572892288.plus.aac.p.m4a","1982-01-01","464","","","Musique Concrete","Francois Bayle foi curado para ampliar a profundidade de Musique Concrete no catálogo.","underrepresented_subgenre_expansion_v18_20260820","https://music.apple.com/us/album/trois-andantes/709542566?i=709542621&uo=4","https://music.apple.com/us/album/trois-andantes/709542566?i=709542621&uo=4","","","https://is1-ssl.mzstatic.com/image/thumb/Music/v4/cc/1d/3c/cc1d3ca6-69b0-7566-2d33-3e135cd4d7cf/cover.jpg/600x600bb.jpg","","verified_underrepresented_subgenre_depth","musique_concrete;Musique Concrete;curated_artist;playable_depth;underrepresented_subgenre_expansion_v18_20260820","catalog_depth","underrepresented_style_depth","published","high","Artista curado para Musique Concrete; artista exato, gravação e prévia verificados no Apple Music."
"musique_concrete","Michel Chion","Kyrie eleison","Requiem","","https://audio-ssl.itunes.apple.com/itunes-assets/Music/1f/78/2a/mzm.urrkepvp.aac.p.m4a","1999-01-01","109","","","Musique Concrete","Michel Chion foi curado para ampliar a profundidade de Musique Concrete no catálogo.","underrepresented_subgenre_expansion_v18_20260820","https://music.apple.com/us/album/kyrie-eleison/279403122?i=279403168&uo=4","https://music.apple.com/us/album/kyrie-eleison/279403122?i=279403168&uo=4","","","https://is1-ssl.mzstatic.com/image/thumb/Music114/v4/e3/8a/eb/e38aeb91-972e-8ea5-27a7-7800f991b9b8/mzi.gpsuqfvo.jpg/600x600bb.jpg","","verified_underrepresented_subgenre_depth","musique_concrete;Musique Concrete;curated_artist;playable_depth;underrepresented_subgenre_expansion_v18_20260820","catalog_depth","underrepresented_style_depth","published","high","Artista curado para Musique Concrete; artista exato, gravação e prévia verificados no Apple Music."
"musique_concrete","Michel Chion","Libera me","Requiem","","https://audio-ssl.itunes.apple.com/itunes-assets/Music/57/29/ce/mzm.ninupfhr.aac.p.m4a","1999-01-01","653","","","Musique Concrete","Michel Chion foi curado para ampliar a profundidade de Musique Concrete no catálogo.","underrepresented_subgenre_expansion_v18_20260820","https://music.apple.com/us/album/libera-me/279403122?i=279403308&uo=4","https://music.apple.com/us/album/libera-me/279403122?i=279403308&uo=4","","","https://is1-ssl.mzstatic.com/image/thumb/Music114/v4/e3/8a/eb/e38aeb91-972e-8ea5-27a7-7800f991b9b8/mzi.gpsuqfvo.jpg/600x600bb.jpg","","verified_underrepresented_subgenre_depth","musique_concrete;Musique Concrete;curated_artist;playable_depth;underrepresented_subgenre_expansion_v18_20260820","catalog_depth","underrepresented_style_depth","published","high","Artista curado para Musique Concrete; artista exato, gravação e prévia verificados no Apple Music."
"musique_concrete","Michel Chion","Requiem aeternam","Requiem","","https://audio-ssl.itunes.apple.com/itunes-assets/AudioPreview125/v4/a3/85/04/a38504d3-780c-903e-75cc-15d9be60f6b3/mzaf_13201757828332705138.plus.aac.p.m4a","1999-01-01","336","","","Musique Concrete","Michel Chion foi curado para ampliar a profundidade de Musique Concrete no catálogo.","underrepresented_subgenre_expansion_v18_20260820","https://music.apple.com/us/album/requiem-aeternam/279403122?i=279403135&uo=4","https://music.apple.com/us/album/requiem-aeternam/279403122?i=279403135&uo=4","","","https://is1-ssl.mzstatic.com/image/thumb/Music114/v4/e3/8a/eb/e38aeb91-972e-8ea5-27a7-7800f991b9b8/mzi.gpsuqfvo.jpg/600x600bb.jpg","","verified_underrepresented_subgenre_depth","musique_concrete;Musique Concrete;curated_artist;playable_depth;underrepresented_subgenre_expansion_v18_20260820","catalog_depth","underrepresented_style_depth","published","high","Artista curado para Musique Concrete; artista exato, gravação e prévia verificados no Apple Music."
"musique_concrete","Michel Chion","Sanctus","Requiem","","https://audio-ssl.itunes.apple.com/itunes-assets/Music/87/33/e0/mzm.mmpcjoac.aac.p.m4a","1999-01-01","160","","","Musique Concrete","Michel Chion foi curado para ampliar a profundidade de Musique Concrete no catálogo.","underrepresented_subgenre_expansion_v18_20260820","https://music.apple.com/us/album/sanctus/279403122?i=279403231&uo=4","https://music.apple.com/us/album/sanctus/279403122?i=279403231&uo=4","","","https://is1-ssl.mzstatic.com/image/thumb/Music114/v4/e3/8a/eb/e38aeb91-972e-8ea5-27a7-7800f991b9b8/mzi.gpsuqfvo.jpg/600x600bb.jpg","","verified_underrepresented_subgenre_depth","musique_concrete;Musique Concrete;curated_artist;playable_depth;underrepresented_subgenre_expansion_v18_20260820","catalog_depth","underrepresented_style_depth","published","high","Artista curado para Musique Concrete; artista exato, gravação e prévia verificados no Apple Music."
"neurohop","Culprate","Gaucho","Unity Project, Pt. 2","","https://cdnt-preview.dzcdn.net/api/1/1/a/c/2/0/ac22902fc015356c5379a90810b312b3.mp3?hdnea=exp=1787242694~acl=/api/1/1/a/c/2/0/ac22902fc015356c5379a90810b312b3.mp3*~data=user_id=0,application_id=42~hmac=225270546832ba8f89f12777f1d3fcb2ca1ddc5102b8b90d1224db338aff8018","","279","","","Neurohop","Culprate foi curado para ampliar a profundidade de Neurohop no catálogo.","underrepresented_subgenre_expansion_v18_20260820","https://www.deezer.com/track/1864267197","https://www.deezer.com/track/1864267197","1864267197","https://www.deezer.com/track/1864267197","https://cdn-images.dzcdn.net/images/cover/ab79da772a9eeb9c9245bdef23874a9d/500x500-000000-80-0-0.jpg","","verified_underrepresented_subgenre_depth","neurohop;Neurohop;curated_artist;playable_depth;underrepresented_subgenre_expansion_v18_20260820","catalog_depth","underrepresented_style_depth","published","high","Artista curado para Neurohop; artista exato, gravação e prévia verificados no Deezer."
"neurohop","Culprate","Green (Urban Rainforest)","Colours","","https://cdnt-preview.dzcdn.net/api/1/1/f/8/f/0/f8f9341b62f12697b065cf5f3185f253.mp3?hdnea=exp=1787242694~acl=/api/1/1/f/8/f/0/f8f9341b62f12697b065cf5f3185f253.mp3*~data=user_id=0,application_id=42~hmac=b0a3b6084d9166349784e40518801073480b3721755955e8bae36824177f8212","","367","","","Neurohop","Culprate foi curado para ampliar a profundidade de Neurohop no catálogo.","underrepresented_subgenre_expansion_v18_20260820","https://www.deezer.com/track/1867004347","https://www.deezer.com/track/1867004347","1867004347","https://www.deezer.com/track/1867004347","https://cdn-images.dzcdn.net/images/cover/37a47d0204b599765a87c4e195c29d7c/500x500-000000-80-0-0.jpg","","verified_underrepresented_subgenre_depth","neurohop;Neurohop;curated_artist;playable_depth;underrepresented_subgenre_expansion_v18_20260820","catalog_depth","underrepresented_style_depth","published","high","Artista curado para Neurohop; artista exato, gravação e prévia verificados no Deezer."
"neurohop","Culprate","Nightmares Vip","Dawn","","https://cdnt-preview.dzcdn.net/api/1/1/f/b/2/0/fb208d43ae733bea3913b65317d6f5c9.mp3?hdnea=exp=1787242694~acl=/api/1/1/f/b/2/0/fb208d43ae733bea3913b65317d6f5c9.mp3*~data=user_id=0,application_id=42~hmac=8a3a52d1f96fdd0bfa27fad6a93385864cb45ab8cf14caa3cd8399b6c3fe5a14","","187","","","Neurohop","Culprate foi curado para ampliar a profundidade de Neurohop no catálogo.","underrepresented_subgenre_expansion_v18_20260820","https://www.deezer.com/track/1871795477","https://www.deezer.com/track/1871795477","1871795477","https://www.deezer.com/track/1871795477","https://cdn-images.dzcdn.net/images/cover/c04fb33dfbbb2bd7d6e0622515e0d4a5/500x500-000000-80-0-0.jpg","","verified_underrepresented_subgenre_depth","neurohop;Neurohop;curated_artist;playable_depth;underrepresented_subgenre_expansion_v18_20260820","catalog_depth","underrepresented_style_depth","published","high","Artista curado para Neurohop; artista exato, gravação e prévia verificados no Deezer."
"neurohop","Culprate","Scarred","The Great Expedition - EP","","https://audio-ssl.itunes.apple.com/itunes-assets/AudioPreview125/v4/57/77/d7/5777d743-9781-d87a-ce10-64dd523711ad/mzaf_5163678980383609275.plus.aac.p.m4a","2013-05-27","247","","","Neurohop","Culprate foi curado para ampliar a profundidade de Neurohop no catálogo.","underrepresented_subgenre_expansion_v18_20260820","https://music.apple.com/us/album/scarred/1013088915?i=1013089395&uo=4","https://music.apple.com/us/album/scarred/1013088915?i=1013089395&uo=4","1858798937","https://www.deezer.com/track/1858798937","https://is1-ssl.mzstatic.com/image/thumb/Music124/v4/a8/bc/60/a8bc608d-3edd-7e79-2802-f13bd627095a/5054526010970_1.jpg/600x600bb.jpg","","verified_underrepresented_subgenre_depth","neurohop;Neurohop;curated_artist;playable_depth;underrepresented_subgenre_expansion_v18_20260820;itunes_verified;deezer_verified","catalog_depth","underrepresented_style_depth","published","high","Artista curado para Neurohop; artista exato, gravação e prévia verificados em Apple Music e Deezer."
"neurohop","Ekcle","A Giant Carries the City","Deshoda - EP","","https://audio-ssl.itunes.apple.com/itunes-assets/AudioPreview125/v4/bb/a6/18/bba618d9-c8d1-0217-ab70-e2c471b63522/mzaf_2606756657820475556.plus.aac.p.m4a","2017-03-17","279","","","Neurohop","Ekcle foi curado para ampliar a profundidade de Neurohop no catálogo.","underrepresented_subgenre_expansion_v18_20260820","https://music.apple.com/us/album/a-giant-carries-the-city/1208257330?i=1208257334&uo=4","https://music.apple.com/us/album/a-giant-carries-the-city/1208257330?i=1208257334&uo=4","","","https://is1-ssl.mzstatic.com/image/thumb/Music111/v4/06/60/07/06600790-6971-2618-01b8-685abecd0e6a/5054526103030_1.jpg/600x600bb.jpg","","verified_underrepresented_subgenre_depth","neurohop;Neurohop;curated_artist;playable_depth;underrepresented_subgenre_expansion_v18_20260820","catalog_depth","underrepresented_style_depth","published","high","Artista curado para Neurohop; artista exato, gravação e prévia verificados no Apple Music."
"neurohop","Ekcle","Jindigo","Jindigo - Single","","https://audio-ssl.itunes.apple.com/itunes-assets/AudioPreview126/v4/4d/69/77/4d6977c7-9564-ae3c-a91e-b1b6af4b67d0/mzaf_11732045132357446143.plus.aac.p.m4a","2019-10-25","350","","","Neurohop","Ekcle foi curado para ampliar a profundidade de Neurohop no catálogo.","underrepresented_subgenre_expansion_v18_20260820","https://music.apple.com/us/album/jindigo/1483265682?i=1483265684&uo=4","https://music.apple.com/us/album/jindigo/1483265682?i=1483265684&uo=4","","","https://is1-ssl.mzstatic.com/image/thumb/Music113/v4/51/65/ce/5165ced9-12bb-1ac3-90f8-2157b20920a4/193436183000_01_img001.jpg/600x600bb.jpg","","verified_underrepresented_subgenre_depth","neurohop;Neurohop;curated_artist;playable_depth;underrepresented_subgenre_expansion_v18_20260820","catalog_depth","underrepresented_style_depth","published","high","Artista curado para Neurohop; artista exato, gravação e prévia verificados no Apple Music."
"neurohop","Ekcle","Moonstone","Yoja - EP","","https://audio-ssl.itunes.apple.com/itunes-assets/AudioPreview115/v4/ce/a7/61/cea76151-8796-7bfc-4515-e7cdb7779424/mzaf_5889808174395963977.plus.aac.p.m4a","2019-03-15","282","","","Neurohop","Ekcle foi curado para ampliar a profundidade de Neurohop no catálogo.","underrepresented_subgenre_expansion_v18_20260820","https://music.apple.com/us/album/moonstone/1453691736?i=1453691745&uo=4","https://music.apple.com/us/album/moonstone/1453691736?i=1453691745&uo=4","","","https://is1-ssl.mzstatic.com/image/thumb/Music114/v4/24/bc/cb/24bccb10-5637-9e8f-9468-46c1f21e0625/5054526327337_1.jpg/600x600bb.jpg","","verified_underrepresented_subgenre_depth","neurohop;Neurohop;curated_artist;playable_depth;underrepresented_subgenre_expansion_v18_20260820","catalog_depth","underrepresented_style_depth","published","high","Artista curado para Neurohop; artista exato, gravação e prévia verificados no Apple Music."
"neurohop","Ekcle","Within the Palms of a God","Yoja - EP","","https://audio-ssl.itunes.apple.com/itunes-assets/AudioPreview115/v4/d8/3d/d1/d83dd139-99b3-db9a-8e50-e81ebc38c894/mzaf_2910565450744416708.plus.aac.p.m4a","2019-03-15","344","","","Neurohop","Ekcle foi curado para ampliar a profundidade de Neurohop no catálogo.","underrepresented_subgenre_expansion_v18_20260820","https://music.apple.com/us/album/within-the-palms-of-a-god/1453691736?i=1453691743&uo=4","https://music.apple.com/us/album/within-the-palms-of-a-god/1453691736?i=1453691743&uo=4","","","https://is1-ssl.mzstatic.com/image/thumb/Music114/v4/24/bc/cb/24bccb10-5637-9e8f-9468-46c1f21e0625/5054526327337_1.jpg/600x600bb.jpg","","verified_underrepresented_subgenre_depth","neurohop;Neurohop;curated_artist;playable_depth;underrepresented_subgenre_expansion_v18_20260820","catalog_depth","underrepresented_style_depth","published","high","Artista curado para Neurohop; artista exato, gravação e prévia verificados no Apple Music."
"neurohop","Mr. Bill","Apophenia","Apophenia","","https://audio-ssl.itunes.apple.com/itunes-assets/AudioPreview211/v4/52/03/6f/52036f75-5345-fc0d-1022-b2d38c757361/mzaf_15923558546398263418.plus.aac.p.m4a","2018-11-30","259","","","Neurohop","Mr. Bill foi curado para ampliar a profundidade de Neurohop no catálogo.","underrepresented_subgenre_expansion_v18_20260820","https://music.apple.com/us/album/apophenia/1811905705?i=1811905706&uo=4","https://music.apple.com/us/album/apophenia/1811905705?i=1811905706&uo=4","3348906991","https://www.deezer.com/track/3348906991","https://is1-ssl.mzstatic.com/image/thumb/Music211/v4/95/cb/14/95cb1425-9589-bb49-47cd-97fe142fe216/883958015742.jpg/600x600bb.jpg","","verified_underrepresented_subgenre_depth","neurohop;Neurohop;curated_artist;playable_depth;underrepresented_subgenre_expansion_v18_20260820;itunes_verified;deezer_verified","catalog_depth","underrepresented_style_depth","published","high","Artista curado para Neurohop; artista exato, gravação e prévia verificados em Apple Music e Deezer."
"neurohop","Mr. Bill","Bring It On","Mechanomorphic","","https://cdnt-preview.dzcdn.net/api/1/1/2/4/c/0/24c6403b2e7ce6441d673e3ea7250f91.mp3?hdnea=exp=1787242696~acl=/api/1/1/2/4/c/0/24c6403b2e7ce6441d673e3ea7250f91.mp3*~data=user_id=0,application_id=42~hmac=ab8be5ed15e7537022ef3568de40f46b3f48a8d9d5f0926a55a347c5c34e3c55","","149","","","Neurohop","Mr. Bill foi curado para ampliar a profundidade de Neurohop no catálogo.","underrepresented_subgenre_expansion_v18_20260820","https://www.deezer.com/track/2742759601","https://www.deezer.com/track/2742759601","2742759601","https://www.deezer.com/track/2742759601","https://cdn-images.dzcdn.net/images/cover/774ac2dd088efe9315f76dd54aab3a12/500x500-000000-80-0-0.jpg","","verified_underrepresented_subgenre_depth","neurohop;Neurohop;curated_artist;playable_depth;underrepresented_subgenre_expansion_v18_20260820","catalog_depth","underrepresented_style_depth","published","high","Artista curado para Neurohop; artista exato, gravação e prévia verificados no Deezer."
"neurohop","Mr. Bill","Loaf Boi","Phantasmagoria","","https://audio-ssl.itunes.apple.com/itunes-assets/AudioPreview211/v4/b8/6e/85/b86e859d-6c24-766d-b6df-074261fb5084/mzaf_10289587455402839705.plus.aac.p.m4a","2021-09-10","203","","","Neurohop","Mr. Bill foi curado para ampliar a profundidade de Neurohop no catálogo.","underrepresented_subgenre_expansion_v18_20260820","https://music.apple.com/us/album/loaf-boi/1804699978?i=1804699987&uo=4","https://music.apple.com/us/album/loaf-boi/1804699978?i=1804699987&uo=4","3296465571","https://www.deezer.com/track/3296465571","https://is1-ssl.mzstatic.com/image/thumb/Music221/v4/82/26/b3/8226b32d-8129-f96e-a385-58e067cab83b/689690986070_cover.jpg/600x600bb.jpg","","verified_underrepresented_subgenre_depth","neurohop;Neurohop;curated_artist;playable_depth;underrepresented_subgenre_expansion_v18_20260820;itunes_verified;deezer_verified","catalog_depth","underrepresented_style_depth","published","high","Artista curado para Neurohop; artista exato, gravação e prévia verificados em Apple Music e Deezer."
"neurohop","Mr. Bill","Rawthentic","Rawthentic","","https://cdnt-preview.dzcdn.net/api/1/1/f/e/f/0/fef0b03976191a79207570d1d77647af.mp3?hdnea=exp=1787242696~acl=/api/1/1/f/e/f/0/fef0b03976191a79207570d1d77647af.mp3*~data=user_id=0,application_id=42~hmac=a6ddde996d09f0d565a643fe7d381271c4e6c53d14a1d5e32eb2151ffc2911fd","","221","","","Neurohop","Mr. Bill foi curado para ampliar a profundidade de Neurohop no catálogo.","underrepresented_subgenre_expansion_v18_20260820","https://www.deezer.com/track/2674683122","https://www.deezer.com/track/2674683122","2674683122","https://www.deezer.com/track/2674683122","https://cdn-images.dzcdn.net/images/cover/67b88a06604d20201dc7110608ab8245/500x500-000000-80-0-0.jpg","","verified_underrepresented_subgenre_depth","neurohop;Neurohop;curated_artist;playable_depth;underrepresented_subgenre_expansion_v18_20260820","catalog_depth","underrepresented_style_depth","published","high","Artista curado para Neurohop; artista exato, gravação e prévia verificados no Deezer."
"neurohop","OPIUO","Clutch Rocket","Sackboy: A Big Adventure (Original Soundtrack)","","https://cdnt-preview.dzcdn.net/api/1/1/e/9/7/0/e978bb3f4ecfaee94006983b0e26cbcd.mp3?hdnea=exp=1787242695~acl=/api/1/1/e/9/7/0/e978bb3f4ecfaee94006983b0e26cbcd.mp3*~data=user_id=0,application_id=42~hmac=6e4ab13771da5a51c80c5a9fa1287013af6023f123c636e677a18cdb31154605","","369","","","Neurohop","OPIUO foi curado para ampliar a profundidade de Neurohop no catálogo.","underrepresented_subgenre_expansion_v18_20260820","https://www.deezer.com/track/1164834612","https://www.deezer.com/track/1164834612","1164834612","https://www.deezer.com/track/1164834612","https://cdn-images.dzcdn.net/images/cover/9efdc246cbff6499fb1918319b853823/500x500-000000-80-0-0.jpg","","verified_underrepresented_subgenre_depth","neurohop;Neurohop;curated_artist;playable_depth;underrepresented_subgenre_expansion_v18_20260820","catalog_depth","underrepresented_style_depth","published","high","Artista curado para Neurohop; artista exato, gravação e prévia verificados no Deezer."
"neurohop","OPIUO","Jelly (feat. Texture Like Sun)","Omniversal","","https://audio-ssl.itunes.apple.com/itunes-assets/AudioPreview115/v4/0e/57/a3/0e57a3e7-2e6a-6d90-086b-5f5124563316/mzaf_10050790104641586611.plus.aac.p.m4a","2016-06-03","247","","","Neurohop","OPIUO foi curado para ampliar a profundidade de Neurohop no catálogo.","underrepresented_subgenre_expansion_v18_20260820","https://music.apple.com/us/album/jelly-feat-texture-like-sun/1105899773?i=1105900193&uo=4","https://music.apple.com/us/album/jelly-feat-texture-like-sun/1105899773?i=1105900193&uo=4","124252126","https://www.deezer.com/track/124252126","https://is1-ssl.mzstatic.com/image/thumb/Music124/v4/2b/92/e4/2b92e4c6-a313-6647-a359-4fbdcc779c85/190374664349.jpg/600x600bb.jpg","","verified_underrepresented_subgenre_depth","neurohop;Neurohop;curated_artist;playable_depth;underrepresented_subgenre_expansion_v18_20260820;itunes_verified;deezer_verified","catalog_depth","underrepresented_style_depth","published","high","Artista curado para Neurohop; artista exato, gravação e prévia verificados em Apple Music e Deezer."
"neurohop","OPIUO","Sneakers","Omniversal","","https://audio-ssl.itunes.apple.com/itunes-assets/AudioPreview115/v4/b7/9f/01/b79f01d4-0f19-9fff-aed7-6d1ea421f67e/mzaf_6406039685232685558.plus.aac.p.m4a","2016-06-03","316","","","Neurohop","OPIUO foi curado para ampliar a profundidade de Neurohop no catálogo.","underrepresented_subgenre_expansion_v18_20260820","https://music.apple.com/us/album/sneakers/1105899773?i=1105899901&uo=4","https://music.apple.com/us/album/sneakers/1105899773?i=1105899901&uo=4","123252164","https://www.deezer.com/track/123252164","https://is1-ssl.mzstatic.com/image/thumb/Music124/v4/2b/92/e4/2b92e4c6-a313-6647-a359-4fbdcc779c85/190374664349.jpg/600x600bb.jpg","","verified_underrepresented_subgenre_depth","neurohop;Neurohop;curated_artist;playable_depth;underrepresented_subgenre_expansion_v18_20260820;itunes_verified;deezer_verified","catalog_depth","underrepresented_style_depth","published","high","Artista curado para Neurohop; artista exato, gravação e prévia verificados em Apple Music e Deezer."
"neurohop","OPIUO","Snorkle","Meraki","","https://audio-ssl.itunes.apple.com/itunes-assets/AudioPreview125/v4/7e/52/1b/7e521b83-b826-2721-f9f8-b86c1680fd7a/mzaf_8795880226011895340.plus.aac.p.m4a","2014-03-21","373","","","Neurohop","OPIUO foi curado para ampliar a profundidade de Neurohop no catálogo.","underrepresented_subgenre_expansion_v18_20260820","https://music.apple.com/us/album/snorkle/1112610635?i=1112610715&uo=4","https://music.apple.com/us/album/snorkle/1112610635?i=1112610715&uo=4","124463832","https://www.deezer.com/track/124463832","https://is1-ssl.mzstatic.com/image/thumb/Music18/v4/69/69/a3/6969a3f8-ca94-c03c-2765-ca2ed1d729f9/190374693059.jpg/600x600bb.jpg","","verified_underrepresented_subgenre_depth","neurohop;Neurohop;curated_artist;playable_depth;underrepresented_subgenre_expansion_v18_20260820;itunes_verified;deezer_verified","catalog_depth","underrepresented_style_depth","published","high","Artista curado para Neurohop; artista exato, gravação e prévia verificados em Apple Music e Deezer."
"neurohop","Vorso","Crisis","Destinations, Vol. 1 - EP","","https://audio-ssl.itunes.apple.com/itunes-assets/AudioPreview115/v4/37/dd/e1/37dde16d-01a7-93be-6519-478c15b0ee31/mzaf_498255932975010305.plus.aac.p.m4a","2018-09-12","241","","","Neurohop","Vorso foi curado para ampliar a profundidade de Neurohop no catálogo.","underrepresented_subgenre_expansion_v18_20260820","https://music.apple.com/us/album/crisis/1424807118?i=1424807299&uo=4","https://music.apple.com/us/album/crisis/1424807118?i=1424807299&uo=4","1733653007","https://www.deezer.com/track/1733653007","https://is1-ssl.mzstatic.com/image/thumb/Music128/v4/e8/23/ed/e823edaf-e26a-4f41-280b-b6b4e0387d1f/cover.jpg/600x600bb.jpg","","verified_underrepresented_subgenre_depth","neurohop;Neurohop;curated_artist;playable_depth;underrepresented_subgenre_expansion_v18_20260820;itunes_verified;deezer_verified","catalog_depth","underrepresented_style_depth","published","high","Artista curado para Neurohop; artista exato, gravação e prévia verificados em Apple Music e Deezer."
"neurohop","Vorso","Mire","Wanderer - EP","","https://audio-ssl.itunes.apple.com/itunes-assets/AudioPreview122/v4/18/83/39/18833962-635d-9046-3616-69511544a2c9/mzaf_18029991058829566208.plus.aac.p.m4a","2020-02-03","232","","","Neurohop","Vorso foi curado para ampliar a profundidade de Neurohop no catálogo.","underrepresented_subgenre_expansion_v18_20260820","https://music.apple.com/us/album/mire/1493788483?i=1493788641&uo=4","https://music.apple.com/us/album/mire/1493788483?i=1493788641&uo=4","1733658957","https://www.deezer.com/track/1733658957","https://is1-ssl.mzstatic.com/image/thumb/Music112/v4/7d/c0/8d/7dc08d02-f15d-baaa-79dd-bc66abc61a9b/5055199530918.png/600x600bb.jpg","","verified_underrepresented_subgenre_depth","neurohop;Neurohop;curated_artist;playable_depth;underrepresented_subgenre_expansion_v18_20260820;itunes_verified;deezer_verified","catalog_depth","underrepresented_style_depth","published","high","Artista curado para Neurohop; artista exato, gravação e prévia verificados em Apple Music e Deezer."
"neurohop","Vorso","Tesla","The Imperative - EP","","https://audio-ssl.itunes.apple.com/itunes-assets/AudioPreview115/v4/b1/cc/49/b1cc490d-12e7-7c1f-2920-44e5f23243d5/mzaf_635157385466274779.plus.aac.p.m4a","2018-04-20","237","","","Neurohop","Vorso foi curado para ampliar a profundidade de Neurohop no catálogo.","underrepresented_subgenre_expansion_v18_20260820","https://music.apple.com/us/album/tesla/1368451578?i=1368451589&uo=4","https://music.apple.com/us/album/tesla/1368451578?i=1368451589&uo=4","","","https://is1-ssl.mzstatic.com/image/thumb/Music118/v4/69/75/3d/69753d36-d0da-ff31-48ab-fac04acc6367/5054526186651_1.jpg/600x600bb.jpg","","verified_underrepresented_subgenre_depth","neurohop;Neurohop;curated_artist;playable_depth;underrepresented_subgenre_expansion_v18_20260820","catalog_depth","underrepresented_style_depth","published","high","Artista curado para Neurohop; artista exato, gravação e prévia verificados no Apple Music."
"neurohop","Vorso","The Imperative","The Imperative - EP","","https://audio-ssl.itunes.apple.com/itunes-assets/AudioPreview115/v4/e6/39/1e/e6391e9d-b4c8-4d6d-b02d-65c86c86638b/mzaf_2750871767022176999.plus.aac.p.m4a","2018-04-20","274","","","Neurohop","Vorso foi curado para ampliar a profundidade de Neurohop no catálogo.","underrepresented_subgenre_expansion_v18_20260820","https://music.apple.com/us/album/the-imperative/1368451578?i=1368451585&uo=4","https://music.apple.com/us/album/the-imperative/1368451578?i=1368451585&uo=4","","","https://is1-ssl.mzstatic.com/image/thumb/Music118/v4/69/75/3d/69753d36-d0da-ff31-48ab-fac04acc6367/5054526186651_1.jpg/600x600bb.jpg","","verified_underrepresented_subgenre_depth","neurohop;Neurohop;curated_artist;playable_depth;underrepresented_subgenre_expansion_v18_20260820","catalog_depth","underrepresented_style_depth","published","high","Artista curado para Neurohop; artista exato, gravação e prévia verificados no Apple Music."
"sambass","Bungle","Back to Mars feat SQ Bass","Down to Earth","","https://cdnt-preview.dzcdn.net/api/1/1/8/e/7/0/8e7189087e7f9a2e02eed3aadee944b9.mp3?hdnea=exp=1787242699~acl=/api/1/1/8/e/7/0/8e7189087e7f9a2e02eed3aadee944b9.mp3*~data=user_id=0,application_id=42~hmac=2680a415d2a5ff8c5b3f4b7b63482060b2be5f8616d1a5f7736c791e0aa9c034","","317","","","Sambass","Bungle foi curado para ampliar a profundidade de Sambass no catálogo.","underrepresented_subgenre_expansion_v18_20260820","https://www.deezer.com/track/88412207","https://www.deezer.com/track/88412207","88412207","https://www.deezer.com/track/88412207","https://cdn-images.dzcdn.net/images/cover/4fa122167f749183b739a9e035d8cec2/500x500-000000-80-0-0.jpg","","verified_underrepresented_subgenre_depth","sambass;Sambass;curated_artist;playable_depth;underrepresented_subgenre_expansion_v18_20260820","catalog_depth","underrepresented_style_depth","published","high","Artista curado para Sambass; artista exato, gravação e prévia verificados no Deezer."
"sambass","Bungle","Just a Little Bit Closer feat Darrison","Just a Little Bit Closer / The Fugue","","https://cdnt-preview.dzcdn.net/api/1/1/b/a/8/0/ba81e8b39c06072f1be17685939d8426.mp3?hdnea=exp=1787242699~acl=/api/1/1/b/a/8/0/ba81e8b39c06072f1be17685939d8426.mp3*~data=user_id=0,application_id=42~hmac=49219f9adbb49021d9ba1f3bb8a50a7818b1c0f02f6b39bde6cabfff924ec180","","353","","","Sambass","Bungle foi curado para ampliar a profundidade de Sambass no catálogo.","underrepresented_subgenre_expansion_v18_20260820","https://www.deezer.com/track/88249535","https://www.deezer.com/track/88249535","88249535","https://www.deezer.com/track/88249535","https://cdn-images.dzcdn.net/images/cover/c9cff6d37c19cff4e1e0439a50e1e519/500x500-000000-80-0-0.jpg","","verified_underrepresented_subgenre_depth","sambass;Sambass;curated_artist;playable_depth;underrepresented_subgenre_expansion_v18_20260820","catalog_depth","underrepresented_style_depth","published","high","Artista curado para Sambass; artista exato, gravação e prévia verificados no Deezer."
"sambass","Bungle","Snake Eyes feat Total Science & Ayah","Down to Earth","","https://cdnt-preview.dzcdn.net/api/1/1/8/c/c/0/8cc11d718ac6857e2fadd429446d22a9.mp3?hdnea=exp=1787242699~acl=/api/1/1/8/c/c/0/8cc11d718ac6857e2fadd429446d22a9.mp3*~data=user_id=0,application_id=42~hmac=3a790594242655fcc64670e9b5651d240966c3f9656eba081677f301cfe17729","","330","","","Sambass","Bungle foi curado para ampliar a profundidade de Sambass no catálogo.","underrepresented_subgenre_expansion_v18_20260820","https://www.deezer.com/track/88412193","https://www.deezer.com/track/88412193","88412193","https://www.deezer.com/track/88412193","https://cdn-images.dzcdn.net/images/cover/4fa122167f749183b739a9e035d8cec2/500x500-000000-80-0-0.jpg","","verified_underrepresented_subgenre_depth","sambass;Sambass;curated_artist;playable_depth;underrepresented_subgenre_expansion_v18_20260820","catalog_depth","underrepresented_style_depth","published","high","Artista curado para Sambass; artista exato, gravação e prévia verificados no Deezer."
"sambass","Bungle","Testify","Downtown","","https://cdnt-preview.dzcdn.net/api/1/1/6/c/8/0/6c82af189f099096d5e99c149d9a70d9.mp3?hdnea=exp=1787242699~acl=/api/1/1/6/c/8/0/6c82af189f099096d5e99c149d9a70d9.mp3*~data=user_id=0,application_id=42~hmac=6574a0548eb16e07d9054c7b1a2c57241818911bff82080fcd00f64ade22efd5","","361","","","Sambass","Bungle foi curado para ampliar a profundidade de Sambass no catálogo.","underrepresented_subgenre_expansion_v18_20260820","https://www.deezer.com/track/2034647397","https://www.deezer.com/track/2034647397","2034647397","https://www.deezer.com/track/2034647397","https://cdn-images.dzcdn.net/images/cover/ff32f7f81ef8f03cce0016e32f8e545b/500x500-000000-80-0-0.jpg","","verified_underrepresented_subgenre_depth","sambass;Sambass;curated_artist;playable_depth;underrepresented_subgenre_expansion_v18_20260820","catalog_depth","underrepresented_style_depth","published","high","Artista curado para Sambass; artista exato, gravação e prévia verificados no Deezer."
"sambass","Drumagick","Bahia","Novo Brasil","","https://audio-ssl.itunes.apple.com/itunes-assets/AudioPreview221/v4/0a/8d/69/0a8d6989-680c-73d8-a296-1f46ad0b9593/mzaf_7386986459184483134.plus.aac.p.m4a","2018-12-07","179","","","Sambass","Drumagick foi curado para ampliar a profundidade de Sambass no catálogo.","underrepresented_subgenre_expansion_v18_20260820","https://music.apple.com/us/album/bahia/1836289165?i=1836289166&uo=4","https://music.apple.com/us/album/bahia/1836289165?i=1836289166&uo=4","2634373662","https://www.deezer.com/track/2634373662","https://is1-ssl.mzstatic.com/image/thumb/Music211/v4/81/b6/2d/81b62df1-edef-9df9-e3b5-991014a16dd7/123.jpg/600x600bb.jpg","","verified_underrepresented_subgenre_depth","sambass;Sambass;curated_artist;playable_depth;underrepresented_subgenre_expansion_v18_20260820;itunes_verified;deezer_verified","catalog_depth","underrepresented_style_depth","published","high","Artista curado para Sambass; artista exato, gravação e prévia verificados em Apple Music e Deezer."
"sambass","Drumagick","Caminho Do Mar","Novo Brasil","","https://audio-ssl.itunes.apple.com/itunes-assets/AudioPreview221/v4/3a/e8/87/3ae887c7-6872-8528-7919-cba14b061a49/mzaf_17296215108268658334.plus.aac.p.m4a","2018-12-07","209","","","Sambass","Drumagick foi curado para ampliar a profundidade de Sambass no catálogo.","underrepresented_subgenre_expansion_v18_20260820","https://music.apple.com/us/album/caminho-do-mar/1836289165?i=1836289509&uo=4","https://music.apple.com/us/album/caminho-do-mar/1836289165?i=1836289509&uo=4","2634373712","https://www.deezer.com/track/2634373712","https://is1-ssl.mzstatic.com/image/thumb/Music211/v4/81/b6/2d/81b62df1-edef-9df9-e3b5-991014a16dd7/123.jpg/600x600bb.jpg","","verified_underrepresented_subgenre_depth","sambass;Sambass;curated_artist;playable_depth;underrepresented_subgenre_expansion_v18_20260820;itunes_verified;deezer_verified","catalog_depth","underrepresented_style_depth","published","high","Artista curado para Sambass; artista exato, gravação e prévia verificados em Apple Music e Deezer."
"sambass","Drumagick","Easy Boom","Sambaloco Drum'n' Bass","","https://audio-ssl.itunes.apple.com/itunes-assets/AudioPreview115/v4/f2/1f/df/f21fdfb2-ddc9-4101-8e0d-62257db5a29b/mzaf_15774496737882759531.plus.aac.p.m4a","2017-07-17","342","","","Sambass","Drumagick foi curado para ampliar a profundidade de Sambass no catálogo.","underrepresented_subgenre_expansion_v18_20260820","https://music.apple.com/us/album/easy-boom/1261739822?i=1261739824&uo=4","https://music.apple.com/us/album/easy-boom/1261739822?i=1261739824&uo=4","385661161","https://www.deezer.com/track/385661161","https://is1-ssl.mzstatic.com/image/thumb/Music118/v4/e5/51/12/e551129e-886f-f400-c50f-7dca115b3c8f/0.jpg/600x600bb.jpg","","verified_underrepresented_subgenre_depth","sambass;Sambass;curated_artist;playable_depth;underrepresented_subgenre_expansion_v18_20260820;itunes_verified;deezer_verified","catalog_depth","underrepresented_style_depth","published","high","Artista curado para Sambass; artista exato, gravação e prévia verificados em Apple Music e Deezer."
"sambass","Drumagick","Rap E Futebol","Concrete Samba","","https://audio-ssl.itunes.apple.com/itunes-assets/AudioPreview211/v4/51/8c/43/518c43d4-c3e6-aeb7-5d61-93c2a24338dd/mzaf_7131255729006644241.plus.aac.p.m4a","2016-01-01","180","","","Sambass","Drumagick foi curado para ampliar a profundidade de Sambass no catálogo.","underrepresented_subgenre_expansion_v18_20260820","https://music.apple.com/us/album/rap-e-futebol/1837278292?i=1837278295&uo=4","https://music.apple.com/us/album/rap-e-futebol/1837278292?i=1837278295&uo=4","2635990222","https://www.deezer.com/track/2635990222","https://is1-ssl.mzstatic.com/image/thumb/Music211/v4/70/13/61/7013610b-6b45-f1ba-860f-b07a16b25fa4/536.jpg/600x600bb.jpg","","verified_underrepresented_subgenre_depth","sambass;Sambass;curated_artist;playable_depth;underrepresented_subgenre_expansion_v18_20260820;itunes_verified;deezer_verified","catalog_depth","underrepresented_style_depth","published","high","Artista curado para Sambass; artista exato, gravação e prévia verificados em Apple Music e Deezer."
"sambass","Fernanda Porto","Caionagandaia","Best Of Fernanda Porto","","https://audio-ssl.itunes.apple.com/itunes-assets/AudioPreview125/v4/73/f4/fc/73f4fc07-4771-19d0-cede-b9ad1db51ada/mzaf_11710058206784002913.plus.aac.p.m4a","2006-01-01","414","","","Sambass","Fernanda Porto foi curado para ampliar a profundidade de Sambass no catálogo.","underrepresented_subgenre_expansion_v18_20260820","https://music.apple.com/us/album/caionagandaia/1175200788?i=1175200925&uo=4","https://music.apple.com/us/album/caionagandaia/1175200788?i=1175200925&uo=4","135925230","https://www.deezer.com/track/135925230","https://is1-ssl.mzstatic.com/image/thumb/Music114/v4/63/0d/a6/630da6fa-7dde-ab31-15e1-6f0b45bbfa46/0.jpg/600x600bb.jpg","","verified_underrepresented_subgenre_depth","sambass;Sambass;curated_artist;playable_depth;underrepresented_subgenre_expansion_v18_20260820;itunes_verified;deezer_verified","catalog_depth","underrepresented_style_depth","published","high","Artista curado para Sambass; artista exato, gravação e prévia verificados em Apple Music e Deezer."
"sambass","Fernanda Porto","Not The Same","Best Of Fernanda Porto","","https://cdnt-preview.dzcdn.net/api/1/1/0/5/f/0/05f1c4e65fa6fac529779380cd4bda6c.mp3?hdnea=exp=1787242701~acl=/api/1/1/0/5/f/0/05f1c4e65fa6fac529779380cd4bda6c.mp3*~data=user_id=0,application_id=42~hmac=27d2048ac28d5c11aff37f2e18f2f7590ee1760c26a1f364894e1ed1683023c9","","266","","","Sambass","Fernanda Porto foi curado para ampliar a profundidade de Sambass no catálogo.","underrepresented_subgenre_expansion_v18_20260820","https://www.deezer.com/track/135925220","https://www.deezer.com/track/135925220","135925220","https://www.deezer.com/track/135925220","https://cdn-images.dzcdn.net/images/cover/e5137cbb7c3fbe40e1772c795994abaa/500x500-000000-80-0-0.jpg","","verified_underrepresented_subgenre_depth","sambass;Sambass;curated_artist;playable_depth;underrepresented_subgenre_expansion_v18_20260820","catalog_depth","underrepresented_style_depth","published","high","Artista curado para Sambass; artista exato, gravação e prévia verificados no Deezer."
"sambass","Fernanda Porto","Samba A Dois","Fernanda Porto","","https://cdnt-preview.dzcdn.net/api/1/1/3/f/7/0/3f7ea2eeae7e4d0569d18bf01319ecad.mp3?hdnea=exp=1787242701~acl=/api/1/1/3/f/7/0/3f7ea2eeae7e4d0569d18bf01319ecad.mp3*~data=user_id=0,application_id=42~hmac=f1080dc701366efe9e001351596667aa50a36ee0d45b3f95b332b1f4ba513070","","261","","","Sambass","Fernanda Porto foi curado para ampliar a profundidade de Sambass no catálogo.","underrepresented_subgenre_expansion_v18_20260820","https://www.deezer.com/track/3459182","https://www.deezer.com/track/3459182","3459182","https://www.deezer.com/track/3459182","https://cdn-images.dzcdn.net/images/cover/5c7907cb5a8a6c147c53503539ed939a/500x500-000000-80-0-0.jpg","","verified_underrepresented_subgenre_depth","sambass;Sambass;curated_artist;playable_depth;underrepresented_subgenre_expansion_v18_20260820","catalog_depth","underrepresented_style_depth","published","high","Artista curado para Sambass; artista exato, gravação e prévia verificados no Deezer."
"sambass","Fernanda Porto","Sentado À Beira Do Caminho","Um Barzinho, Um Violão - Jovem Guarda (Ao Vivo No Rio De Janeiro / 2005)","","https://cdnt-preview.dzcdn.net/api/1/1/8/4/2/0/842df1d13296d5999c193561629fcf22.mp3?hdnea=exp=1787242701~acl=/api/1/1/8/4/2/0/842df1d13296d5999c193561629fcf22.mp3*~data=user_id=0,application_id=42~hmac=6a6a4be87e8e8ff7806ee57ac9015b76cb8ede3f8970fdc2a1f8c056891c301f","","373","","","Sambass","Fernanda Porto foi curado para ampliar a profundidade de Sambass no catálogo.","underrepresented_subgenre_expansion_v18_20260820","https://www.deezer.com/track/678688032","https://www.deezer.com/track/678688032","678688032","https://www.deezer.com/track/678688032","https://cdn-images.dzcdn.net/images/cover/769a9eaf57bb01eda4b07912c18b6630/500x500-000000-80-0-0.jpg","","verified_underrepresented_subgenre_depth","sambass;Sambass;curated_artist;playable_depth;underrepresented_subgenre_expansion_v18_20260820","catalog_depth","underrepresented_style_depth","published","high","Artista curado para Sambass; artista exato, gravação e prévia verificados no Deezer."
"sambass","Marcelinho da Lua","Black Belt (feat. Black Alien & Bi Ribeiro)","Insolente","","https://audio-ssl.itunes.apple.com/itunes-assets/AudioPreview125/v4/ed/c7/28/edc72866-a714-5c13-cd8d-ec2d1a5ee02f/mzaf_16190618125126727950.plus.aac.p.m4a","2019-05-17","214","","","Sambass","Marcelinho da Lua foi curado para ampliar a profundidade de Sambass no catálogo.","underrepresented_subgenre_expansion_v18_20260820","https://music.apple.com/us/album/black-belt-feat-black-alien-bi-ribeiro/1462700385?i=1462700386&uo=4","https://music.apple.com/us/album/black-belt-feat-black-alien-bi-ribeiro/1462700385?i=1462700386&uo=4","676013662","https://www.deezer.com/track/676013662","https://is1-ssl.mzstatic.com/image/thumb/Music123/v4/4f/72/48/4f724899-3f06-6252-1f28-d6b970469892/886446518961.jpg/600x600bb.jpg","","verified_underrepresented_subgenre_depth","sambass;Sambass;curated_artist;playable_depth;underrepresented_subgenre_expansion_v18_20260820;itunes_verified;deezer_verified","catalog_depth","underrepresented_style_depth","published","high","Artista curado para Sambass; artista exato, gravação e prévia verificados em Apple Music e Deezer."
"sambass","Marcelinho da Lua","C'est Saia (feat. Larissa Luz)","Insolente","","https://audio-ssl.itunes.apple.com/itunes-assets/AudioPreview115/v4/b2/99/82/b2998221-a4d4-1302-7518-234e31cdd84f/mzaf_17662851492133843981.plus.aac.p.m4a","2019-05-17","183","","","Sambass","Marcelinho da Lua foi curado para ampliar a profundidade de Sambass no catálogo.","underrepresented_subgenre_expansion_v18_20260820","https://music.apple.com/us/album/cest-saia-feat-larissa-luz/1462700385?i=1462700388&uo=4","https://music.apple.com/us/album/cest-saia-feat-larissa-luz/1462700385?i=1462700388&uo=4","676013672","https://www.deezer.com/track/676013672","https://is1-ssl.mzstatic.com/image/thumb/Music123/v4/4f/72/48/4f724899-3f06-6252-1f28-d6b970469892/886446518961.jpg/600x600bb.jpg","","verified_underrepresented_subgenre_depth","sambass;Sambass;curated_artist;playable_depth;underrepresented_subgenre_expansion_v18_20260820;itunes_verified;deezer_verified","catalog_depth","underrepresented_style_depth","published","high","Artista curado para Sambass; artista exato, gravação e prévia verificados em Apple Music e Deezer."
"sambass","Marcelinho da Lua","Previsão","Viagem Ao Mundo da Lua","","https://audio-ssl.itunes.apple.com/itunes-assets/AudioPreview115/v4/e5/72/2a/e5722a0f-446b-c75a-016d-4ec17f7c1b08/mzaf_18306568952675399324.plus.aac.p.m4a","2004-05-08","181","","","Sambass","Marcelinho da Lua foi curado para ampliar a profundidade de Sambass no catálogo.","underrepresented_subgenre_expansion_v18_20260820","https://music.apple.com/us/album/previs%C3%A3o/980405592?i=980405611&uo=4","https://music.apple.com/us/album/previs%C3%A3o/980405592?i=980405611&uo=4","96004460","https://www.deezer.com/track/96004460","https://is1-ssl.mzstatic.com/image/thumb/Music3/v4/a4/d0/a9/a4d0a9d0-8005-958e-c9ee-1d538eb96efd/7898324306341.jpg/600x600bb.jpg","","verified_underrepresented_subgenre_depth","sambass;Sambass;curated_artist;playable_depth;underrepresented_subgenre_expansion_v18_20260820;itunes_verified;deezer_verified","catalog_depth","underrepresented_style_depth","published","high","Artista curado para Sambass; artista exato, gravação e prévia verificados em Apple Music e Deezer."
"sambass","Marcelinho da Lua","Quando Eu Contar (Iaiá) (feat. Marcelo D2 & Chupeta Elétrica)","Quando Eu Contar (Iaiá) (feat. Marcelo D2 & Chupeta Elétrica)","","https://cdnt-preview.dzcdn.net/api/1/1/5/a/c/0/5ac182502140c5ed2c7fb8b8ed383f03.mp3?hdnea=exp=1787242700~acl=/api/1/1/5/a/c/0/5ac182502140c5ed2c7fb8b8ed383f03.mp3*~data=user_id=0,application_id=42~hmac=37246d2c72a1b5ec513f42352287d82731dffb75b52ab02918adb74b74ab7139","","226","","","Sambass","Marcelinho da Lua foi curado para ampliar a profundidade de Sambass no catálogo.","underrepresented_subgenre_expansion_v18_20260820","https://www.deezer.com/track/141823121","https://www.deezer.com/track/141823121","141823123","https://www.deezer.com/track/141823123","https://cdn-images.dzcdn.net/images/cover/2212a04c11d4b58d0bf20969924b4408/500x500-000000-80-0-0.jpg","","verified_underrepresented_subgenre_depth","sambass;Sambass;curated_artist;playable_depth;underrepresented_subgenre_expansion_v18_20260820;deezer_verified","catalog_depth","underrepresented_style_depth","published","high","Artista curado para Sambass; artista exato, gravação e prévia verificados em Deezer."
"sambass","XRS","A Mosca","A Mosca / Striptease - Single","","https://audio-ssl.itunes.apple.com/itunes-assets/AudioPreview124/v4/17/b8/dc/17b8dc8e-939b-ef9a-aabf-03cdd01658bc/mzaf_7067167629640641894.plus.aac.p.m4a","2005-02-17","339","","","Sambass","XRS foi curado para ampliar a profundidade de Sambass no catálogo.","underrepresented_subgenre_expansion_v18_20260820","https://music.apple.com/us/album/a-mosca/1447882371?i=1447882372&uo=4","https://music.apple.com/us/album/a-mosca/1447882371?i=1447882372&uo=4","","","https://is1-ssl.mzstatic.com/image/thumb/Music123/v4/d7/bf/c5/d7bfc58c-4aca-e431-9c56-378719bd0d93/5050007102462_cover.jpg/600x600bb.jpg","","verified_underrepresented_subgenre_depth","sambass;Sambass;curated_artist;playable_depth;underrepresented_subgenre_expansion_v18_20260820","catalog_depth","underrepresented_style_depth","published","high","Artista curado para Sambass; artista exato, gravação e prévia verificados no Apple Music."
"sambass","XRS","Come Down (feat. Johnny Rose & Kamoflage)","Come Down (feat. Johnny Rose & Kamoflage) - Single","","https://audio-ssl.itunes.apple.com/itunes-assets/AudioPreview123/v4/f3/94/59/f39459d2-542b-f7ff-de28-7f7fca006bb0/mzaf_9345021020086356794.plus.aac.p.m4a","2020-07-04","214","","","Sambass","XRS foi curado para ampliar a profundidade de Sambass no catálogo.","underrepresented_subgenre_expansion_v18_20260820","https://music.apple.com/us/album/come-down-feat-johnny-rose-kamoflage/1519947770?i=1519947772&uo=4","https://music.apple.com/us/album/come-down-feat-johnny-rose-kamoflage/1519947770?i=1519947772&uo=4","","","https://is1-ssl.mzstatic.com/image/thumb/Music123/v4/d3/2f/21/d32f218a-575f-e23a-ce99-b138326acc03/0cf483c1-a0cc-4ca7-ad4e-5ace9ea51e93.jpg/600x600bb.jpg","","verified_underrepresented_subgenre_depth","sambass;Sambass;curated_artist;playable_depth;underrepresented_subgenre_expansion_v18_20260820","catalog_depth","underrepresented_style_depth","published","high","Artista curado para Sambass; artista exato, gravação e prévia verificados no Apple Music."
"sambass","XRS","Pao Savao","Liquid Allsorts: Drum & Bass, Vol. 1 (Mixed By A Sides)","","https://audio-ssl.itunes.apple.com/itunes-assets/AudioPreview115/v4/a9/05/8a/a9058add-da72-fe8f-cfdc-c2f89b3116e6/mzaf_10711559229885676196.plus.aac.p.m4a","2009-05-04","335","","","Sambass","XRS foi curado para ampliar a profundidade de Sambass no catálogo.","underrepresented_subgenre_expansion_v18_20260820","https://music.apple.com/us/album/pao-savao/313414536?i=313415027&uo=4","https://music.apple.com/us/album/pao-savao/313414536?i=313415027&uo=4","","","https://is1-ssl.mzstatic.com/image/thumb/Music/1e/e7/fa/mzi.beoclmbg.jpg/600x600bb.jpg","","verified_underrepresented_subgenre_depth","sambass;Sambass;curated_artist;playable_depth;underrepresented_subgenre_expansion_v18_20260820","catalog_depth","underrepresented_style_depth","published","high","Artista curado para Sambass; artista exato, gravação e prévia verificados no Apple Music."
"sambass","XRS","Return to Paradise","Get Down (2 Da Funky Soundz) / Return to Paradise","","https://audio-ssl.itunes.apple.com/itunes-assets/AudioPreview71/v4/6a/96/2a/6a962adf-7431-f0e4-ac17-08d42de7e278/mzaf_1965251751723732613.plus.aac.p.m4a","2003-12-01","429","","","Sambass","XRS foi curado para ampliar a profundidade de Sambass no catálogo.","underrepresented_subgenre_expansion_v18_20260820","https://music.apple.com/us/album/return-to-paradise/268081227?i=268082247&uo=4","https://music.apple.com/us/album/return-to-paradise/268081227?i=268082247&uo=4","","","https://is1-ssl.mzstatic.com/image/thumb/Music4/v4/9d/16/0f/9d160f88-aa95-3f01-9c94-24b6f2a98063/dj.qkhjrgfn.jpg/600x600bb.jpg","","verified_underrepresented_subgenre_depth","sambass;Sambass;curated_artist;playable_depth;underrepresented_subgenre_expansion_v18_20260820","catalog_depth","underrepresented_style_depth","published","high","Artista curado para Sambass; artista exato, gravação e prévia verificados no Apple Music."
"shangaan_electro","Foster Manganyi","Amen-Amen","Ndzi Teke Riendzo","","https://audio-ssl.itunes.apple.com/itunes-assets/AudioPreview115/v4/37/e5/71/37e5717e-3aa6-10ec-374d-505a6f9c18d0/mzaf_15875555205582030990.plus.aac.p.m4a","2010-12-10","380","","","Shangaan Electro","Foster Manganyi foi curado para ampliar a profundidade de Shangaan Electro no catálogo.","underrepresented_subgenre_expansion_v18_20260820","https://music.apple.com/us/album/amen-amen/406620612?i=406620617&uo=4","https://music.apple.com/us/album/amen-amen/406620612?i=406620617&uo=4","","","https://is1-ssl.mzstatic.com/image/thumb/Music124/v4/1b/e1/15/1be11541-36d1-7a32-6603-a713af6b6eab/mzi.tnabdvkx.jpg/600x600bb.jpg","https://honestjons.com/label/artist/Shangaan_Electro/release/New_Wave_Dance_Music_From_South_Africa","verified_underrepresented_subgenre_depth","shangaan_electro;Shangaan Electro;curated_artist;playable_depth;underrepresented_subgenre_expansion_v18_20260820","catalog_depth","underrepresented_style_depth","published","high","Artista curado para Shangaan Electro; artista exato, gravação e prévia verificados no Apple Music."
"shangaan_electro","Foster Manganyi","Ndzi Teke Riendzo — I'm Taking a Journey","Ndzi Teke Riendzo","","https://audio-ssl.itunes.apple.com/itunes-assets/AudioPreview115/v4/8b/16/5d/8b165dd7-b0c1-0388-5357-54dda2ec8ab1/mzaf_1603658291153308290.plus.aac.p.m4a","2010-12-10","382","","","Shangaan Electro","Foster Manganyi foi curado para ampliar a profundidade de Shangaan Electro no catálogo.","underrepresented_subgenre_expansion_v18_20260820","https://music.apple.com/us/album/ndzi-teke-riendzo-im-taking-a-journey/406620612?i=406620616&uo=4","https://music.apple.com/us/album/ndzi-teke-riendzo-im-taking-a-journey/406620612?i=406620616&uo=4","","","https://is1-ssl.mzstatic.com/image/thumb/Music124/v4/1b/e1/15/1be11541-36d1-7a32-6603-a713af6b6eab/mzi.tnabdvkx.jpg/600x600bb.jpg","https://honestjons.com/label/artist/Shangaan_Electro/release/New_Wave_Dance_Music_From_South_Africa","verified_underrepresented_subgenre_depth","shangaan_electro;Shangaan Electro;curated_artist;playable_depth;underrepresented_subgenre_expansion_v18_20260820","catalog_depth","underrepresented_style_depth","published","high","Artista curado para Shangaan Electro; artista exato, gravação e prévia verificados no Apple Music."
"shangaan_electro","Foster Manganyi","Ndzi To Tiyisela — I Will Keep On Praying","Ndzi Teke Riendzo","","https://audio-ssl.itunes.apple.com/itunes-assets/AudioPreview115/v4/f3/3b/68/f33b6898-58c7-9e5c-ab3b-e91c7c5dc46d/mzaf_15784317419752560146.plus.aac.p.m4a","2010-12-10","375","","","Shangaan Electro","Foster Manganyi foi curado para ampliar a profundidade de Shangaan Electro no catálogo.","underrepresented_subgenre_expansion_v18_20260820","https://music.apple.com/us/album/ndzi-to-tiyisela-i-will-keep-on-praying/406620612?i=406620624&uo=4","https://music.apple.com/us/album/ndzi-to-tiyisela-i-will-keep-on-praying/406620612?i=406620624&uo=4","","","https://is1-ssl.mzstatic.com/image/thumb/Music124/v4/1b/e1/15/1be11541-36d1-7a32-6603-a713af6b6eab/mzi.tnabdvkx.jpg/600x600bb.jpg","https://honestjons.com/label/artist/Shangaan_Electro/release/New_Wave_Dance_Music_From_South_Africa","verified_underrepresented_subgenre_depth","shangaan_electro;Shangaan Electro;curated_artist;playable_depth;underrepresented_subgenre_expansion_v18_20260820","catalog_depth","underrepresented_style_depth","published","high","Artista curado para Shangaan Electro; artista exato, gravação e prévia verificados no Apple Music."
"shangaan_electro","Foster Manganyi","Tintsumi — the Angels","Ndzi Teke Riendzo","","https://audio-ssl.itunes.apple.com/itunes-assets/AudioPreview115/v4/ac/e4/ff/ace4ff83-6a62-ff07-3846-6898ce89fd90/mzaf_11941806982279073092.plus.aac.p.m4a","2010-12-10","372","","","Shangaan Electro","Foster Manganyi foi curado para ampliar a profundidade de Shangaan Electro no catálogo.","underrepresented_subgenre_expansion_v18_20260820","https://music.apple.com/us/album/tintsumi-the-angels/406620612?i=406620618&uo=4","https://music.apple.com/us/album/tintsumi-the-angels/406620612?i=406620618&uo=4","","","https://is1-ssl.mzstatic.com/image/thumb/Music124/v4/1b/e1/15/1be11541-36d1-7a32-6603-a713af6b6eab/mzi.tnabdvkx.jpg/600x600bb.jpg","https://honestjons.com/label/artist/Shangaan_Electro/release/New_Wave_Dance_Music_From_South_Africa","verified_underrepresented_subgenre_depth","shangaan_electro;Shangaan Electro;curated_artist;playable_depth;underrepresented_subgenre_expansion_v18_20260820","catalog_depth","underrepresented_style_depth","published","high","Artista curado para Shangaan Electro; artista exato, gravação e prévia verificados no Apple Music."
"shangaan_electro","Mancingelani","Vana Vasesi","Shangaan Electro - New Wave Dance Music from South Africa","","https://audio-ssl.itunes.apple.com/itunes-assets/AudioPreview115/v4/30/de/f2/30def222-58cc-cfcd-818a-c275d2113500/mzaf_14604911818180239725.plus.aac.p.m4a","2010-07-12","331","","","Shangaan Electro","Mancingelani foi curado para ampliar a profundidade de Shangaan Electro no catálogo.","underrepresented_subgenre_expansion_v18_20260820","https://music.apple.com/us/album/vana-vasesi/378994154?i=378994252&uo=4","https://music.apple.com/us/album/vana-vasesi/378994154?i=378994252&uo=4","","","https://is1-ssl.mzstatic.com/image/thumb/Music/b1/c0/6d/mzi.xznztyem.jpg/600x600bb.jpg","https://honestjons.com/label/artist/Shangaan_Electro/release/New_Wave_Dance_Music_From_South_Africa","verified_underrepresented_subgenre_depth","shangaan_electro;Shangaan Electro;curated_artist;playable_depth;underrepresented_subgenre_expansion_v18_20260820","catalog_depth","underrepresented_style_depth","published","high","Artista curado para Shangaan Electro; artista exato, gravação e prévia verificados no Apple Music."
"shangaan_electro","Nkata Mawewe","Khulumani","Shangaan Electro - New Wave Dance Music from South Africa","","https://audio-ssl.itunes.apple.com/itunes-assets/AudioPreview115/v4/19/4e/21/194e2185-3f0d-c0c2-522d-255dbf3f609a/mzaf_12280339013316398201.plus.aac.p.m4a","2010-07-12","302","","","Shangaan Electro","Nkata Mawewe foi curado para ampliar a profundidade de Shangaan Electro no catálogo.","underrepresented_subgenre_expansion_v18_20260820","https://music.apple.com/us/album/khulumani/378994154?i=378994562&uo=4","https://music.apple.com/us/album/khulumani/378994154?i=378994562&uo=4","","","https://is1-ssl.mzstatic.com/image/thumb/Music/b1/c0/6d/mzi.xznztyem.jpg/600x600bb.jpg","https://honestjons.com/label/artist/Shangaan_Electro/release/New_Wave_Dance_Music_From_South_Africa","verified_underrepresented_subgenre_depth","shangaan_electro;Shangaan Electro;curated_artist;playable_depth;underrepresented_subgenre_expansion_v18_20260820","catalog_depth","underrepresented_style_depth","published","high","Artista curado para Shangaan Electro; artista exato, gravação e prévia verificados no Apple Music."
"shangaan_electro","Tiyiselani Vomaseve","Naxaniseka","Shangaan Electro - New Wave Dance Music from South Africa","","https://audio-ssl.itunes.apple.com/itunes-assets/AudioPreview125/v4/14/e2/18/14e218fa-be14-50bb-418a-234237ff19c1/mzaf_2665977032497741806.plus.aac.p.m4a","2010-07-12","348","","","Shangaan Electro","Tiyiselani Vomaseve foi curado para ampliar a profundidade de Shangaan Electro no catálogo.","underrepresented_subgenre_expansion_v18_20260820","https://music.apple.com/us/album/naxaniseka/378994154?i=378994530&uo=4","https://music.apple.com/us/album/naxaniseka/378994154?i=378994530&uo=4","","","https://is1-ssl.mzstatic.com/image/thumb/Music/b1/c0/6d/mzi.xznztyem.jpg/600x600bb.jpg","https://honestjons.com/label/artist/Shangaan_Electro/release/New_Wave_Dance_Music_From_South_Africa","verified_underrepresented_subgenre_depth","shangaan_electro;Shangaan Electro;curated_artist;playable_depth;underrepresented_subgenre_expansion_v18_20260820","catalog_depth","underrepresented_style_depth","published","high","Artista curado para Shangaan Electro; artista exato, gravação e prévia verificados no Apple Music."
"shangaan_electro","Tiyiselani Vomaseve","Vanghoma","Shangaan Electro - New Wave Dance Music from South Africa","","https://audio-ssl.itunes.apple.com/itunes-assets/AudioPreview115/v4/2c/c6/46/2cc646e8-690f-2142-157f-af3a52bb2cca/mzaf_350804715722081477.plus.aac.p.m4a","2010-07-12","311","","","Shangaan Electro","Tiyiselani Vomaseve foi curado para ampliar a profundidade de Shangaan Electro no catálogo.","underrepresented_subgenre_expansion_v18_20260820","https://music.apple.com/us/album/vanghoma/378994154?i=378994512&uo=4","https://music.apple.com/us/album/vanghoma/378994154?i=378994512&uo=4","","","https://is1-ssl.mzstatic.com/image/thumb/Music/b1/c0/6d/mzi.xznztyem.jpg/600x600bb.jpg","https://honestjons.com/label/artist/Shangaan_Electro/release/New_Wave_Dance_Music_From_South_Africa","verified_underrepresented_subgenre_depth","shangaan_electro;Shangaan Electro;curated_artist;playable_depth;underrepresented_subgenre_expansion_v18_20260820","catalog_depth","underrepresented_style_depth","published","high","Artista curado para Shangaan Electro; artista exato, gravação e prévia verificados no Apple Music."
"shangaan_electro","Zinja Hlungwani","N'Wagezani","Shangaan Electro - New Wave Dance Music from South Africa","","https://audio-ssl.itunes.apple.com/itunes-assets/AudioPreview115/v4/8c/2d/ad/8c2dad46-59cc-561c-7e24-a7f8ca5ad130/mzaf_11123177923214616282.plus.aac.p.m4a","2010-07-12","289","","","Shangaan Electro","Zinja Hlungwani foi curado para ampliar a profundidade de Shangaan Electro no catálogo.","underrepresented_subgenre_expansion_v18_20260820","https://music.apple.com/us/album/nwagezani/378994154?i=378994525&uo=4","https://music.apple.com/us/album/nwagezani/378994154?i=378994525&uo=4","","","https://is1-ssl.mzstatic.com/image/thumb/Music/b1/c0/6d/mzi.xznztyem.jpg/600x600bb.jpg","https://honestjons.com/label/artist/Shangaan_Electro/release/New_Wave_Dance_Music_From_South_Africa","verified_underrepresented_subgenre_depth","shangaan_electro;Shangaan Electro;curated_artist;playable_depth;underrepresented_subgenre_expansion_v18_20260820","catalog_depth","underrepresented_style_depth","published","high","Artista curado para Shangaan Electro; artista exato, gravação e prévia verificados no Apple Music."
"shangaan_electro","Zinja Hlungwani","N'wagezani My Love","Shangaan Electro - New Wave Dance Music from South Africa","","https://audio-ssl.itunes.apple.com/itunes-assets/AudioPreview115/v4/8b/10/07/8b10079d-571b-b33f-a47c-29f87922733e/mzaf_2548445006276340462.plus.aac.p.m4a","2010-07-12","391","","","Shangaan Electro","Zinja Hlungwani foi curado para ampliar a profundidade de Shangaan Electro no catálogo.","underrepresented_subgenre_expansion_v18_20260820","https://music.apple.com/us/album/nwagezani-my-love/378994154?i=378994451&uo=4","https://music.apple.com/us/album/nwagezani-my-love/378994154?i=378994451&uo=4","","","https://is1-ssl.mzstatic.com/image/thumb/Music/b1/c0/6d/mzi.xznztyem.jpg/600x600bb.jpg","https://honestjons.com/label/artist/Shangaan_Electro/release/New_Wave_Dance_Music_From_South_Africa","verified_underrepresented_subgenre_depth","shangaan_electro;Shangaan Electro;curated_artist;playable_depth;underrepresented_subgenre_expansion_v18_20260820","catalog_depth","underrepresented_style_depth","published","high","Artista curado para Shangaan Electro; artista exato, gravação e prévia verificados no Apple Music."
"shangaan_electro","Zinja Hlungwani","Ntombi Ya Mugaza","Shangaan Electro - New Wave Dance Music from South Africa","","https://audio-ssl.itunes.apple.com/itunes-assets/AudioPreview115/v4/e5/28/5d/e5285d82-d5c5-c576-ca57-f00a7626c8b3/mzaf_2832285851508369712.plus.aac.p.m4a","2010-07-12","332","","","Shangaan Electro","Zinja Hlungwani foi curado para ampliar a profundidade de Shangaan Electro no catálogo.","underrepresented_subgenre_expansion_v18_20260820","https://music.apple.com/us/album/ntombi-ya-mugaza/378994154?i=378994374&uo=4","https://music.apple.com/us/album/ntombi-ya-mugaza/378994154?i=378994374&uo=4","","","https://is1-ssl.mzstatic.com/image/thumb/Music/b1/c0/6d/mzi.xznztyem.jpg/600x600bb.jpg","https://honestjons.com/label/artist/Shangaan_Electro/release/New_Wave_Dance_Music_From_South_Africa","verified_underrepresented_subgenre_depth","shangaan_electro;Shangaan Electro;curated_artist;playable_depth;underrepresented_subgenre_expansion_v18_20260820","catalog_depth","underrepresented_style_depth","published","high","Artista curado para Shangaan Electro; artista exato, gravação e prévia verificados no Apple Music."
"shangaan_electro","Zinja Hlungwani","Thula","Shangaan Electro - New Wave Dance Music from South Africa","","https://audio-ssl.itunes.apple.com/itunes-assets/AudioPreview125/v4/cc/e6/1a/cce61a26-6a9a-51c9-8e01-37f6b75edb0a/mzaf_16898290056857874924.plus.aac.p.m4a","2010-07-12","313","","","Shangaan Electro","Zinja Hlungwani foi curado para ampliar a profundidade de Shangaan Electro no catálogo.","underrepresented_subgenre_expansion_v18_20260820","https://music.apple.com/us/album/thula/378994154?i=378994632&uo=4","https://music.apple.com/us/album/thula/378994154?i=378994632&uo=4","","","https://is1-ssl.mzstatic.com/image/thumb/Music/b1/c0/6d/mzi.xznztyem.jpg/600x600bb.jpg","https://honestjons.com/label/artist/Shangaan_Electro/release/New_Wave_Dance_Music_From_South_Africa","verified_underrepresented_subgenre_depth","shangaan_electro;Shangaan Electro;curated_artist;playable_depth;underrepresented_subgenre_expansion_v18_20260820","catalog_depth","underrepresented_style_depth","published","high","Artista curado para Shangaan Electro; artista exato, gravação e prévia verificados no Apple Music."
"singeli","Bamba Pana","Baria","Poaa","","https://audio-ssl.itunes.apple.com/itunes-assets/AudioPreview114/v4/a9/ad/47/a9ad47cf-97f5-de61-78ef-34566d2e5963/mzaf_18058350754451771125.plus.aac.p.m4a","2018-08-16","273","","","Singeli","Bamba Pana foi curado para ampliar a profundidade de Singeli no catálogo.","underrepresented_subgenre_expansion_v18_20260820","https://music.apple.com/us/album/baria/1548296112?i=1548296320&uo=4","https://music.apple.com/us/album/baria/1548296112?i=1548296320&uo=4","","","https://is1-ssl.mzstatic.com/image/thumb/Music114/v4/dc/3a/0b/dc3a0b51-7b14-6879-2f5d-d31d666fad09/cover.jpg/600x600bb.jpg","https://nyegenyegetapes.bandcamp.com/album/sounds-of-sisso","verified_underrepresented_subgenre_depth","singeli;Singeli;curated_artist;playable_depth;underrepresented_subgenre_expansion_v18_20260820","catalog_depth","underrepresented_style_depth","published","high","Artista curado para Singeli; artista exato, gravação e prévia verificados no Apple Music."
"singeli","Bamba Pana","Biti Six","Poaa","","https://audio-ssl.itunes.apple.com/itunes-assets/AudioPreview115/v4/fe/c0/b5/fec0b5c7-2350-1465-cf5f-12c47fe000d9/mzaf_4466587859818621886.plus.aac.p.m4a","2018-08-16","361","","","Singeli","Bamba Pana foi curado para ampliar a profundidade de Singeli no catálogo.","underrepresented_subgenre_expansion_v18_20260820","https://music.apple.com/us/album/biti-six/1548296112?i=1548296336&uo=4","https://music.apple.com/us/album/biti-six/1548296112?i=1548296336&uo=4","","","https://is1-ssl.mzstatic.com/image/thumb/Music114/v4/dc/3a/0b/dc3a0b51-7b14-6879-2f5d-d31d666fad09/cover.jpg/600x600bb.jpg","https://nyegenyegetapes.bandcamp.com/album/sounds-of-sisso","verified_underrepresented_subgenre_depth","singeli;Singeli;curated_artist;playable_depth;underrepresented_subgenre_expansion_v18_20260820","catalog_depth","underrepresented_style_depth","published","high","Artista curado para Singeli; artista exato, gravação e prévia verificados no Apple Music."
"singeli","Bamba Pana","Linga Linga (Instrumental)","Poaa","","https://audio-ssl.itunes.apple.com/itunes-assets/AudioPreview115/v4/06/d2/0d/06d20d37-5325-17b1-be16-12d723f22b23/mzaf_1232399420190072725.plus.aac.p.m4a","2018-08-16","277","","","Singeli","Bamba Pana foi curado para ampliar a profundidade de Singeli no catálogo.","underrepresented_subgenre_expansion_v18_20260820","https://music.apple.com/us/album/linga-linga-instrumental/1548296112?i=1548296130&uo=4","https://music.apple.com/us/album/linga-linga-instrumental/1548296112?i=1548296130&uo=4","","","https://is1-ssl.mzstatic.com/image/thumb/Music114/v4/dc/3a/0b/dc3a0b51-7b14-6879-2f5d-d31d666fad09/cover.jpg/600x600bb.jpg","https://nyegenyegetapes.bandcamp.com/album/sounds-of-sisso","verified_underrepresented_subgenre_depth","singeli;Singeli;curated_artist;playable_depth;underrepresented_subgenre_expansion_v18_20260820","catalog_depth","underrepresented_style_depth","published","high","Artista curado para Singeli; artista exato, gravação e prévia verificados no Apple Music."
"singeli","Bamba Pana","Poaa Rmx","Poaa","","https://audio-ssl.itunes.apple.com/itunes-assets/AudioPreview114/v4/9f/54/c9/9f54c940-3976-f913-3069-935e233983ed/mzaf_12991822195648952264.plus.aac.p.m4a","2018-08-16","303","","","Singeli","Bamba Pana foi curado para ampliar a profundidade de Singeli no catálogo.","underrepresented_subgenre_expansion_v18_20260820","https://music.apple.com/us/album/poaa-rmx/1548296112?i=1548296512&uo=4","https://music.apple.com/us/album/poaa-rmx/1548296112?i=1548296512&uo=4","","","https://is1-ssl.mzstatic.com/image/thumb/Music114/v4/dc/3a/0b/dc3a0b51-7b14-6879-2f5d-d31d666fad09/cover.jpg/600x600bb.jpg","https://nyegenyegetapes.bandcamp.com/album/sounds-of-sisso","verified_underrepresented_subgenre_depth","singeli;Singeli;curated_artist;playable_depth;underrepresented_subgenre_expansion_v18_20260820","catalog_depth","underrepresented_style_depth","published","high","Artista curado para Singeli; artista exato, gravação e prévia verificados no Apple Music."
"singeli","DJ Travella","Chapa Bakola Music Bass","Mr Mixondo","","https://audio-ssl.itunes.apple.com/itunes-assets/AudioPreview116/v4/34/11/ff/3411ffc2-b285-790b-bf17-3e2b1bfaa17b/mzaf_16693013510600773596.plus.aac.p.m4a","2022-02-18","191","","","Singeli","DJ Travella foi curado para ampliar a profundidade de Singeli no catálogo.","underrepresented_subgenre_expansion_v18_20260820","https://music.apple.com/us/album/chapa-bakola-music-bass/1605194768?i=1605195111&uo=4","https://music.apple.com/us/album/chapa-bakola-music-bass/1605194768?i=1605195111&uo=4","","","https://is1-ssl.mzstatic.com/image/thumb/Music126/v4/68/86/95/688695c8-8fba-2f67-0c5b-0cf1fbfca4e4/29729.jpg/600x600bb.jpg","https://nyegenyegetapes.bandcamp.com/album/sounds-of-sisso","verified_underrepresented_subgenre_depth","singeli;Singeli;curated_artist;playable_depth;underrepresented_subgenre_expansion_v18_20260820","catalog_depth","underrepresented_style_depth","published","high","Artista curado para Singeli; artista exato, gravação e prévia verificados no Apple Music."
"singeli","DJ Travella","Crazy Beat Music Umeme 1","Mr Mixondo","","https://audio-ssl.itunes.apple.com/itunes-assets/AudioPreview126/v4/80/cc/ef/80ccef3e-2e13-2d11-af70-a6ce423604e7/mzaf_7441233560029647372.plus.aac.p.m4a","2022-02-18","220","","","Singeli","DJ Travella foi curado para ampliar a profundidade de Singeli no catálogo.","underrepresented_subgenre_expansion_v18_20260820","https://music.apple.com/us/album/crazy-beat-music-umeme-1/1605194768?i=1605194908&uo=4","https://music.apple.com/us/album/crazy-beat-music-umeme-1/1605194768?i=1605194908&uo=4","","","https://is1-ssl.mzstatic.com/image/thumb/Music126/v4/68/86/95/688695c8-8fba-2f67-0c5b-0cf1fbfca4e4/29729.jpg/600x600bb.jpg","https://nyegenyegetapes.bandcamp.com/album/sounds-of-sisso","verified_underrepresented_subgenre_depth","singeli;Singeli;curated_artist;playable_depth;underrepresented_subgenre_expansion_v18_20260820","catalog_depth","underrepresented_style_depth","published","high","Artista curado para Singeli; artista exato, gravação e prévia verificados no Apple Music."
"singeli","DJ Travella","London Jomon Beat","Mr Mixondo","","https://audio-ssl.itunes.apple.com/itunes-assets/AudioPreview116/v4/8f/c1/be/8fc1bed6-32e8-1153-4a92-76afb8988642/mzaf_15121611286049244996.plus.aac.p.m4a","2022-02-18","242","","","Singeli","DJ Travella foi curado para ampliar a profundidade de Singeli no catálogo.","underrepresented_subgenre_expansion_v18_20260820","https://music.apple.com/us/album/london-jomon-beat/1605194768?i=1605195424&uo=4","https://music.apple.com/us/album/london-jomon-beat/1605194768?i=1605195424&uo=4","","","https://is1-ssl.mzstatic.com/image/thumb/Music126/v4/68/86/95/688695c8-8fba-2f67-0c5b-0cf1fbfca4e4/29729.jpg/600x600bb.jpg","https://nyegenyegetapes.bandcamp.com/album/sounds-of-sisso","verified_underrepresented_subgenre_depth","singeli;Singeli;curated_artist;playable_depth;underrepresented_subgenre_expansion_v18_20260820","catalog_depth","underrepresented_style_depth","published","high","Artista curado para Singeli; artista exato, gravação e prévia verificados no Apple Music."
"singeli","DJ Travella","Mchakamchaka","Twende - EP","","https://audio-ssl.itunes.apple.com/itunes-assets/AudioPreview221/v4/ab/06/72/ab06724e-f908-cb0c-1572-84a2eafaed62/mzaf_864369678974933154.plus.aac.p.m4a","2025-02-28","139","","","Singeli","DJ Travella foi curado para ampliar a profundidade de Singeli no catálogo.","underrepresented_subgenre_expansion_v18_20260820","https://music.apple.com/us/album/mchakamchaka/1791191459?i=1791191464&uo=4","https://music.apple.com/us/album/mchakamchaka/1791191459?i=1791191464&uo=4","3191444631","https://www.deezer.com/track/3191444631","https://is1-ssl.mzstatic.com/image/thumb/Music221/v4/f7/67/f4/f767f4f5-2273-bd56-974a-0fc0c6b63aeb/51728.jpg/600x600bb.jpg","https://nyegenyegetapes.bandcamp.com/album/sounds-of-sisso","verified_underrepresented_subgenre_depth","singeli;Singeli;curated_artist;playable_depth;underrepresented_subgenre_expansion_v18_20260820;itunes_verified;deezer_verified","catalog_depth","underrepresented_style_depth","published","high","Artista curado para Singeli; artista exato, gravação e prévia verificados em Apple Music e Deezer."
"singeli","Dogo Kibo","Pigo La Moyo","Sounds of Pamoja","","https://audio-ssl.itunes.apple.com/itunes-assets/AudioPreview115/v4/8b/4e/4a/8b4e4aa1-1fed-408b-4385-59321472b5d3/mzaf_7512964466988872704.plus.aac.p.m4a","2021-09-17","497","","","Singeli","Dogo Kibo foi curado para ampliar a profundidade de Singeli no catálogo.","underrepresented_subgenre_expansion_v18_20260820","https://music.apple.com/us/album/pigo-la-moyo/1577393791?i=1577394078&uo=4","https://music.apple.com/us/album/pigo-la-moyo/1577393791?i=1577394078&uo=4","","","https://is1-ssl.mzstatic.com/image/thumb/Music115/v4/12/16/0b/12160b02-36f1-3bd1-3979-cd0865c7762f/24757.jpg/600x600bb.jpg","https://nyegenyegetapes.bandcamp.com/album/sounds-of-sisso","verified_underrepresented_subgenre_depth","singeli;Singeli;curated_artist;playable_depth;underrepresented_subgenre_expansion_v18_20260820","catalog_depth","underrepresented_style_depth","published","high","Artista curado para Singeli; artista exato, gravação e prévia verificados no Apple Music."
"singeli","Dogo Niga","Ccm Chama","Gono","","https://audio-ssl.itunes.apple.com/itunes-assets/AudioPreview211/v4/93/0c/f2/930cf23b-b8e9-edb8-c44e-260771f0be69/mzaf_923529738408419738.plus.aac.p.m4a","2025-02-21","185","","","Singeli","Dogo Niga foi curado para ampliar a profundidade de Singeli no catálogo.","underrepresented_subgenre_expansion_v18_20260820","https://music.apple.com/us/album/ccm-chama/1825368627?i=1825368629&uo=4","https://music.apple.com/us/album/ccm-chama/1825368627?i=1825368629&uo=4","","","https://is1-ssl.mzstatic.com/image/thumb/Music211/v4/6e/e9/34/6ee934fb-3e65-db07-6e38-0eeb85267cad/199066551295_Cover.jpg/600x600bb.jpg","https://nyegenyegetapes.bandcamp.com/album/sounds-of-sisso","verified_underrepresented_subgenre_depth","singeli;Singeli;curated_artist;playable_depth;underrepresented_subgenre_expansion_v18_20260820","catalog_depth","underrepresented_style_depth","published","high","Artista curado para Singeli; artista exato, gravação e prévia verificados no Apple Music."
"singeli","Dogo Niga","Kimbau Mbau","Sounds of Sisso","","https://audio-ssl.itunes.apple.com/itunes-assets/AudioPreview115/v4/52/b2/3c/52b23ceb-5d80-6e04-0980-862a1f7541f6/mzaf_8964993803386957195.plus.aac.p.m4a","2017-06-10","391","","","Singeli","Dogo Niga foi curado para ampliar a profundidade de Singeli no catálogo.","underrepresented_subgenre_expansion_v18_20260820","https://music.apple.com/us/album/kimbau-mbau/1548244601?i=1548244610&uo=4","https://music.apple.com/us/album/kimbau-mbau/1548244601?i=1548244610&uo=4","1201970762","https://www.deezer.com/track/1201970762","https://is1-ssl.mzstatic.com/image/thumb/Music124/v4/3e/69/b1/3e69b159-1000-ada7-d1c6-989069279c8d/cover.jpg/600x600bb.jpg","https://nyegenyegetapes.bandcamp.com/album/sounds-of-sisso","verified_underrepresented_subgenre_depth","singeli;Singeli;curated_artist;playable_depth;underrepresented_subgenre_expansion_v18_20260820;itunes_verified;deezer_verified","catalog_depth","underrepresented_style_depth","published","high","Artista curado para Singeli; artista exato, gravação e prévia verificados em Apple Music e Deezer."
"singeli","Dogo Niga","Nikwite Nan","Sounds of Sisso","","https://audio-ssl.itunes.apple.com/itunes-assets/AudioPreview125/v4/b9/05/dd/b905dde1-b112-12da-3866-4522fa55e598/mzaf_13155656470798259173.plus.aac.p.m4a","2017-06-10","235","","","Singeli","Dogo Niga foi curado para ampliar a profundidade de Singeli no catálogo.","underrepresented_subgenre_expansion_v18_20260820","https://music.apple.com/us/album/nikwite-nan/1548244601?i=1548244615&uo=4","https://music.apple.com/us/album/nikwite-nan/1548244601?i=1548244615&uo=4","1201970782","https://www.deezer.com/track/1201970782","https://is1-ssl.mzstatic.com/image/thumb/Music124/v4/3e/69/b1/3e69b159-1000-ada7-d1c6-989069279c8d/cover.jpg/600x600bb.jpg","https://nyegenyegetapes.bandcamp.com/album/sounds-of-sisso","verified_underrepresented_subgenre_depth","singeli;Singeli;curated_artist;playable_depth;underrepresented_subgenre_expansion_v18_20260820;itunes_verified;deezer_verified","catalog_depth","underrepresented_style_depth","published","high","Artista curado para Singeli; artista exato, gravação e prévia verificados em Apple Music e Deezer."
"singeli","Dogo Niga","Polisi","Sounds of Sisso","","https://audio-ssl.itunes.apple.com/itunes-assets/AudioPreview125/v4/9b/e1/f5/9be1f5d2-94cd-3d33-3442-a7b5c9d83739/mzaf_15097010732570400590.plus.aac.p.m4a","2017-06-10","428","","","Singeli","Dogo Niga foi curado para ampliar a profundidade de Singeli no catálogo.","underrepresented_subgenre_expansion_v18_20260820","https://music.apple.com/us/album/polisi/1548244601?i=1548244604&uo=4","https://music.apple.com/us/album/polisi/1548244601?i=1548244604&uo=4","1201970732","https://www.deezer.com/track/1201970732","https://is1-ssl.mzstatic.com/image/thumb/Music124/v4/3e/69/b1/3e69b159-1000-ada7-d1c6-989069279c8d/cover.jpg/600x600bb.jpg","https://nyegenyegetapes.bandcamp.com/album/sounds-of-sisso","verified_underrepresented_subgenre_depth","singeli;Singeli;curated_artist;playable_depth;underrepresented_subgenre_expansion_v18_20260820;itunes_verified;deezer_verified","catalog_depth","underrepresented_style_depth","published","high","Artista curado para Singeli; artista exato, gravação e prévia verificados em Apple Music e Deezer."
"singeli","MC Pilato","Mama Ashura","Sounds of Pamoja","","https://audio-ssl.itunes.apple.com/itunes-assets/AudioPreview115/v4/4c/61/df/4c61df44-827f-c6c3-d3ac-89214ece96d0/mzaf_8371853612268303634.plus.aac.p.m4a","2021-09-17","348","","","Singeli","MC Pilato foi curado para ampliar a profundidade de Singeli no catálogo.","underrepresented_subgenre_expansion_v18_20260820","https://music.apple.com/us/album/mama-ashura/1577393791?i=1577394560&uo=4","https://music.apple.com/us/album/mama-ashura/1577393791?i=1577394560&uo=4","","","https://is1-ssl.mzstatic.com/image/thumb/Music115/v4/12/16/0b/12160b02-36f1-3bd1-3979-cd0865c7762f/24757.jpg/600x600bb.jpg","https://nyegenyegetapes.bandcamp.com/album/sounds-of-sisso","verified_underrepresented_subgenre_depth","singeli;Singeli;curated_artist;playable_depth;underrepresented_subgenre_expansion_v18_20260820","catalog_depth","underrepresented_style_depth","published","high","Artista curado para Singeli; artista exato, gravação e prévia verificados no Apple Music."
"singeli","MC Pilato","Wamenichoma","Sounds of Pamoja","","https://audio-ssl.itunes.apple.com/itunes-assets/AudioPreview115/v4/14/bd/f4/14bdf48f-a8a8-947b-b5e9-a42022967999/mzaf_10407893163028418918.plus.aac.p.m4a","2021-09-17","427","","","Singeli","MC Pilato foi curado para ampliar a profundidade de Singeli no catálogo.","underrepresented_subgenre_expansion_v18_20260820","https://music.apple.com/us/album/wamenichoma/1577393791?i=1577394563&uo=4","https://music.apple.com/us/album/wamenichoma/1577393791?i=1577394563&uo=4","","","https://is1-ssl.mzstatic.com/image/thumb/Music115/v4/12/16/0b/12160b02-36f1-3bd1-3979-cd0865c7762f/24757.jpg/600x600bb.jpg","https://nyegenyegetapes.bandcamp.com/album/sounds-of-sisso","verified_underrepresented_subgenre_depth","singeli;Singeli;curated_artist;playable_depth;underrepresented_subgenre_expansion_v18_20260820","catalog_depth","underrepresented_style_depth","published","high","Artista curado para Singeli; artista exato, gravação e prévia verificados no Apple Music."
"space_ambient","Carbon Based Lifeforms","Abiogenesis","World of Sleepers","","https://audio-ssl.itunes.apple.com/itunes-assets/AudioPreview115/v4/79/5a/da/795ada11-4294-490f-0363-150b118f7d3f/mzaf_12453934042020769117.plus.aac.p.m4a","2006-12-02","405","","","Space Ambient","Carbon Based Lifeforms foi curado para ampliar a profundidade de Space Ambient no catálogo.","underrepresented_subgenre_expansion_v18_20260820","https://music.apple.com/us/album/abiogenesis/1490806011?i=1490806018&uo=4","https://music.apple.com/us/album/abiogenesis/1490806011?i=1490806018&uo=4","828539222","https://www.deezer.com/track/828539222","https://is1-ssl.mzstatic.com/image/thumb/Music123/v4/29/14/4e/29144e67-3570-e296-6d53-d15dc71af52a/0885014442868_cover.jpg/600x600bb.jpg","","verified_underrepresented_subgenre_depth","space_ambient;Space Ambient;curated_artist;playable_depth;underrepresented_subgenre_expansion_v18_20260820;itunes_verified;deezer_verified","catalog_depth","underrepresented_style_depth","published","high","Artista curado para Space Ambient; artista exato, gravação e prévia verificados em Apple Music e Deezer."
"space_ambient","Carbon Based Lifeforms","Derelicts (feat. Ester Nannmark)","Derelicts","","https://audio-ssl.itunes.apple.com/itunes-assets/AudioPreview115/v4/e6/3b/10/e63b10d5-3889-f3e1-a4a2-d0a53d0d5f03/mzaf_2991215448230795114.plus.aac.p.m4a","2017-10-06","372","","","Space Ambient","Carbon Based Lifeforms foi curado para ampliar a profundidade de Space Ambient no catálogo.","underrepresented_subgenre_expansion_v18_20260820","https://music.apple.com/us/album/derelicts-feat-ester-nannmark/1492320795?i=1492320805&uo=4","https://music.apple.com/us/album/derelicts-feat-ester-nannmark/1492320795?i=1492320805&uo=4","826654672","https://www.deezer.com/track/826654672","https://is1-ssl.mzstatic.com/image/thumb/Music115/v4/35/98/dc/3598dc78-5eee-aabf-593b-a4ffd71eb621/0885014799665_cover.jpg/600x600bb.jpg","","verified_underrepresented_subgenre_depth","space_ambient;Space Ambient;curated_artist;playable_depth;underrepresented_subgenre_expansion_v18_20260820;itunes_verified;deezer_verified","catalog_depth","underrepresented_style_depth","published","high","Artista curado para Space Ambient; artista exato, gravação e prévia verificados em Apple Music e Deezer."
"space_ambient","Carbon Based Lifeforms","Or Plan B","The Path","","https://cdnt-preview.dzcdn.net/api/1/1/9/f/7/0/9f76cfc427e6414bfddb020720e389c4.mp3?hdnea=exp=1787242706~acl=/api/1/1/9/f/7/0/9f76cfc427e6414bfddb020720e389c4.mp3*~data=user_id=0,application_id=42~hmac=b714a4bcd9adff6a8b7c87bb9351769efd5a7de42e6a3f569c6e9865e2b5dba9","","538","","","Space Ambient","Carbon Based Lifeforms foi curado para ampliar a profundidade de Space Ambient no catálogo.","underrepresented_subgenre_expansion_v18_20260820","https://www.deezer.com/track/826245602","https://www.deezer.com/track/826245602","826245602","https://www.deezer.com/track/826245602","https://cdn-images.dzcdn.net/images/cover/2623dbc7f19a9589a6af763a7baa63ba/500x500-000000-80-0-0.jpg","","verified_underrepresented_subgenre_depth","space_ambient;Space Ambient;curated_artist;playable_depth;underrepresented_subgenre_expansion_v18_20260820","catalog_depth","underrepresented_style_depth","published","high","Artista curado para Space Ambient; artista exato, gravação e prévia verificados no Deezer."
"space_ambient","Carbon Based Lifeforms","Right Where It Ends","Interloper","","https://audio-ssl.itunes.apple.com/itunes-assets/AudioPreview125/v4/92/a8/a8/92a8a83f-a9df-122b-76d0-bce9eef73e9b/mzaf_4641067349439837639.plus.aac.p.m4a","2010-05-03","418","","","Space Ambient","Carbon Based Lifeforms foi curado para ampliar a profundidade de Space Ambient no catálogo.","underrepresented_subgenre_expansion_v18_20260820","https://music.apple.com/us/album/right-where-it-ends/1490804887?i=1490804899&uo=4","https://music.apple.com/us/album/right-where-it-ends/1490804887?i=1490804899&uo=4","828530932","https://www.deezer.com/track/828530932","https://is1-ssl.mzstatic.com/image/thumb/Music123/v4/7a/b2/72/7ab272b5-ee09-d26d-1c9a-6fcdfda6ccb0/0885014391036_cover.jpg/600x600bb.jpg","","verified_underrepresented_subgenre_depth","space_ambient;Space Ambient;curated_artist;playable_depth;underrepresented_subgenre_expansion_v18_20260820;itunes_verified;deezer_verified","catalog_depth","underrepresented_style_depth","published","high","Artista curado para Space Ambient; artista exato, gravação e prévia verificados em Apple Music e Deezer."
"space_ambient","Max Corbacho","Dark Sky Opening, Pt. 1","Nocturnes","","https://audio-ssl.itunes.apple.com/itunes-assets/AudioPreview125/v4/88/45/7e/88457ebc-79b4-7319-104f-2ddfed719d67/mzaf_2536839520564192493.plus.aac.p.m4a","2017-05-19","287","","","Space Ambient","Max Corbacho foi curado para ampliar a profundidade de Space Ambient no catálogo.","underrepresented_subgenre_expansion_v18_20260820","https://music.apple.com/us/album/dark-sky-opening-pt-1/1232144204?i=1232144206&uo=4","https://music.apple.com/us/album/dark-sky-opening-pt-1/1232144204?i=1232144206&uo=4","356986731","https://www.deezer.com/track/356986731","https://is1-ssl.mzstatic.com/image/thumb/Music122/v4/ac/83/02/ac8302fb-e517-8452-c342-131efdc232ff/191061632061.jpg/600x600bb.jpg","","verified_underrepresented_subgenre_depth","space_ambient;Space Ambient;curated_artist;playable_depth;underrepresented_subgenre_expansion_v18_20260820;itunes_verified;deezer_verified","catalog_depth","underrepresented_style_depth","published","high","Artista curado para Space Ambient; artista exato, gravação e prévia verificados em Apple Music e Deezer."
"space_ambient","Max Corbacho","Desolada","Vestiges","","https://audio-ssl.itunes.apple.com/itunes-assets/AudioPreview115/v4/9f/54/52/9f5452ea-23b8-c63f-d96f-d8dbf68406cb/mzaf_10672411922735231016.plus.aac.p.m4a","1998-01-01","383","","","Space Ambient","Max Corbacho foi curado para ampliar a profundidade de Space Ambient no catálogo.","underrepresented_subgenre_expansion_v18_20260820","https://music.apple.com/us/album/desolada/4074462?i=4074445&uo=4","https://music.apple.com/us/album/desolada/4074462?i=4074445&uo=4","1803744","https://www.deezer.com/track/1803744","https://is1-ssl.mzstatic.com/image/thumb/Music/y2003/m12/d12/h06/s05.kxfzixru.jpg/600x600bb.jpg","","verified_underrepresented_subgenre_depth","space_ambient;Space Ambient;curated_artist;playable_depth;underrepresented_subgenre_expansion_v18_20260820;itunes_verified;deezer_verified","catalog_depth","underrepresented_style_depth","published","high","Artista curado para Space Ambient; artista exato, gravação e prévia verificados em Apple Music e Deezer."
"space_ambient","Max Corbacho","Night Caravan","Vestiges","","https://cdnt-preview.dzcdn.net/api/1/1/8/1/d/0/81df8a445273fff8e0f5218bc4d2c307.mp3?hdnea=exp=1787242706~acl=/api/1/1/8/1/d/0/81df8a445273fff8e0f5218bc4d2c307.mp3*~data=user_id=0,application_id=42~hmac=98e5dbee7551f8ecbe2faf0e5a6c905c1cab94aa1b7793a6f7b9a4a6ec49d05c","","419","","","Space Ambient","Max Corbacho foi curado para ampliar a profundidade de Space Ambient no catálogo.","underrepresented_subgenre_expansion_v18_20260820","https://www.deezer.com/track/1803749","https://www.deezer.com/track/1803749","1803749","https://www.deezer.com/track/1803749","https://cdn-images.dzcdn.net/images/cover/b6cb31c272b68db44becdc0dc90ff958/500x500-000000-80-0-0.jpg","","verified_underrepresented_subgenre_depth","space_ambient;Space Ambient;curated_artist;playable_depth;underrepresented_subgenre_expansion_v18_20260820","catalog_depth","underrepresented_style_depth","published","high","Artista curado para Space Ambient; artista exato, gravação e prévia verificados no Deezer."
"space_ambient","Max Corbacho","Temple of Dissolution","BreathStream","","https://audio-ssl.itunes.apple.com/itunes-assets/AudioPreview115/v4/72/39/a7/7239a7dc-62e5-1c72-7380-e4d371cf3ce1/mzaf_9992779924684995998.plus.aac.p.m4a","2008-11-25","741","","","Space Ambient","Max Corbacho foi curado para ampliar a profundidade de Space Ambient no catálogo.","underrepresented_subgenre_expansion_v18_20260820","https://music.apple.com/us/album/temple-of-dissolution/300815853?i=300815871&uo=4","https://music.apple.com/us/album/temple-of-dissolution/300815853?i=300815871&uo=4","8980720","https://www.deezer.com/track/8980720","https://is1-ssl.mzstatic.com/image/thumb/Music124/v4/d4/1e/46/d41e4674-7148-e19c-be72-d3cb7c3829cf/mzi.jzqjrqut.jpg/600x600bb.jpg","","verified_underrepresented_subgenre_depth","space_ambient;Space Ambient;curated_artist;playable_depth;underrepresented_subgenre_expansion_v18_20260820;itunes_verified;deezer_verified","catalog_depth","underrepresented_style_depth","published","high","Artista curado para Space Ambient; artista exato, gravação e prévia verificados em Apple Music e Deezer."
"space_ambient","Michael Stearns","As the Earth Kissed the Moon (2022 Remaster)","Planetary Unfolding (2022 Remaster)","","https://audio-ssl.itunes.apple.com/itunes-assets/AudioPreview116/v4/40/76/3e/40763e41-6180-a614-dd69-3b003eb6def4/mzaf_4791755879044401247.plus.aac.p.m4a","1981-05-01","611","","","Space Ambient","Michael Stearns foi curado para ampliar a profundidade de Space Ambient no catálogo.","underrepresented_subgenre_expansion_v18_20260820","https://music.apple.com/us/album/as-the-earth-kissed-the-moon-2022-remaster/1606492980?i=1606492985&uo=4","https://music.apple.com/us/album/as-the-earth-kissed-the-moon-2022-remaster/1606492980?i=1606492985&uo=4","1629131772","https://www.deezer.com/track/1629131772","https://is1-ssl.mzstatic.com/image/thumb/Music116/v4/da/0d/2a/da0d2aa0-91e8-99dc-d41d-2189a370bb68/617026039428.png/600x600bb.jpg","","verified_underrepresented_subgenre_depth","space_ambient;Space Ambient;curated_artist;playable_depth;underrepresented_subgenre_expansion_v18_20260820;itunes_verified;deezer_verified","catalog_depth","underrepresented_style_depth","published","high","Artista curado para Space Ambient; artista exato, gravação e prévia verificados em Apple Music e Deezer."
"space_ambient","Michael Stearns","Bali Girls","Samsara","","https://cdnt-preview.dzcdn.net/api/1/1/4/8/0/0/4808fc78286f3ac2ad795963354632e7.mp3?hdnea=exp=1787242704~acl=/api/1/1/4/8/0/0/4808fc78286f3ac2ad795963354632e7.mp3*~data=user_id=0,application_id=42~hmac=7db4fdf5d89e0a3bd14e3b611e4d96051947e56430f6d10fff57d2d3b67df445","","97","","","Space Ambient","Michael Stearns foi curado para ampliar a profundidade de Space Ambient no catálogo.","underrepresented_subgenre_expansion_v18_20260820","https://www.deezer.com/track/118995900","https://www.deezer.com/track/118995900","118995900","https://www.deezer.com/track/118995900","https://cdn-images.dzcdn.net/images/cover/19a8bf64d9b893fc3a75b7ade2661938/500x500-000000-80-0-0.jpg","","verified_underrepresented_subgenre_depth","space_ambient;Space Ambient;curated_artist;playable_depth;underrepresented_subgenre_expansion_v18_20260820","catalog_depth","underrepresented_style_depth","published","high","Artista curado para Space Ambient; artista exato, gravação e prévia verificados no Deezer."
"space_ambient","Michael Stearns","Pagan","Samsara (Original Motion Picture Soundtrack)","","https://audio-ssl.itunes.apple.com/itunes-assets/AudioPreview115/v4/3f/d7/e8/3fd7e85c-9f36-8f8a-5958-83da88dca61e/mzaf_6045939672899959340.plus.aac.p.m4a","2002-11-15","148","","","Space Ambient","Michael Stearns foi curado para ampliar a profundidade de Space Ambient no catálogo.","underrepresented_subgenre_expansion_v18_20260820","https://music.apple.com/us/album/pagan/1442226369?i=1442227616&uo=4","https://music.apple.com/us/album/pagan/1442226369?i=1442227616&uo=4","118995922","https://www.deezer.com/track/118995922","https://is1-ssl.mzstatic.com/image/thumb/Music125/v4/da/ca/e0/dacae0ad-41c9-b338-10e4-1d58297774a0/00030206715927.rgb.jpg/600x600bb.jpg","","verified_underrepresented_subgenre_depth","space_ambient;Space Ambient;curated_artist;playable_depth;underrepresented_subgenre_expansion_v18_20260820;itunes_verified;deezer_verified","catalog_depth","underrepresented_style_depth","published","high","Artista curado para Space Ambient; artista exato, gravação e prévia verificados em Apple Music e Deezer."
"space_ambient","Michael Stearns","St. Peters","Samsara (Original Motion Picture Soundtrack)","","https://audio-ssl.itunes.apple.com/itunes-assets/AudioPreview125/v4/da/6a/71/da6a71ec-c7f9-86da-2127-6f1639fa0412/mzaf_7060698234220061253.plus.aac.p.m4a","2002-11-15","151","","","Space Ambient","Michael Stearns foi curado para ampliar a profundidade de Space Ambient no catálogo.","underrepresented_subgenre_expansion_v18_20260820","https://music.apple.com/us/album/st-peters/1442226369?i=1442228279&uo=4","https://music.apple.com/us/album/st-peters/1442226369?i=1442228279&uo=4","118995934","https://www.deezer.com/track/118995934","https://is1-ssl.mzstatic.com/image/thumb/Music125/v4/da/ca/e0/dacae0ad-41c9-b338-10e4-1d58297774a0/00030206715927.rgb.jpg/600x600bb.jpg","","verified_underrepresented_subgenre_depth","space_ambient;Space Ambient;curated_artist;playable_depth;underrepresented_subgenre_expansion_v18_20260820;itunes_verified;deezer_verified","catalog_depth","underrepresented_style_depth","published","high","Artista curado para Space Ambient; artista exato, gravação e prévia verificados em Apple Music e Deezer."
"space_ambient","Robert Rich","Ice Fields","Outpost","","https://cdnt-preview.dzcdn.net/api/1/1/4/0/6/0/4063fddc7cc23090b74c7987da52511b.mp3?hdnea=exp=1787242707~acl=/api/1/1/4/0/6/0/4063fddc7cc23090b74c7987da52511b.mp3*~data=user_id=0,application_id=42~hmac=debdf22048396a9087355d4b095d1a017e6047652b469c7fbf75283c6f280fa7","","501","","","Space Ambient","Robert Rich foi curado para ampliar a profundidade de Space Ambient no catálogo.","underrepresented_subgenre_expansion_v18_20260820","https://www.deezer.com/track/1926421617","https://www.deezer.com/track/1926421617","1926421617","https://www.deezer.com/track/1926421617","https://cdn-images.dzcdn.net/images/cover/5f243091ec85722ccdba8a50b92fad42/500x500-000000-80-0-0.jpg","","verified_underrepresented_subgenre_depth","space_ambient;Space Ambient;curated_artist;playable_depth;underrepresented_subgenre_expansion_v18_20260820","catalog_depth","underrepresented_style_depth","published","high","Artista curado para Space Ambient; artista exato, gravação e prévia verificados no Deezer."
"space_ambient","Robert Rich","Majorana","Filaments","","https://cdnt-preview.dzcdn.net/api/1/1/f/9/9/0/f997ac7c0f3fdcfa837d81c7d6f7896d.mp3?hdnea=exp=1787242707~acl=/api/1/1/f/9/9/0/f997ac7c0f3fdcfa837d81c7d6f7896d.mp3*~data=user_id=0,application_id=42~hmac=88d29f127305a1b416d8e0b94bb2899644b325c0e7efd62b7db62bf15ca9fd44","","645","","","Space Ambient","Robert Rich foi curado para ampliar a profundidade de Space Ambient no catálogo.","underrepresented_subgenre_expansion_v18_20260820","https://www.deezer.com/track/3640233202","https://www.deezer.com/track/3640233202","3640233202","https://www.deezer.com/track/3640233202","https://cdn-images.dzcdn.net/images/cover/27949159cfd57cdb505ce4c0849a7505/500x500-000000-80-0-0.jpg","","verified_underrepresented_subgenre_depth","space_ambient;Space Ambient;curated_artist;playable_depth;underrepresented_subgenre_expansion_v18_20260820","catalog_depth","underrepresented_style_depth","published","high","Artista curado para Space Ambient; artista exato, gravação e prévia verificados no Deezer."
"space_ambient","Robert Rich","Somnium","Fahrenheit Project, Pt. 2","","https://audio-ssl.itunes.apple.com/itunes-assets/AudioPreview221/v4/99/f3/11/99f3117e-be80-1a26-8781-595916f3303a/mzaf_10235215777110730868.plus.aac.p.m4a","2001-12-01","493","","","Space Ambient","Robert Rich foi curado para ampliar a profundidade de Space Ambient no catálogo.","underrepresented_subgenre_expansion_v18_20260820","https://music.apple.com/us/album/somnium/139266943?i=139268193&uo=4","https://music.apple.com/us/album/somnium/139266943?i=139268193&uo=4","6209049","https://www.deezer.com/track/6209049","https://is1-ssl.mzstatic.com/image/thumb/Music211/v4/22/eb/b8/22ebb8d9-8adf-969b-119a-bf9096c40876/881034015648_Cover.jpg/600x600bb.jpg","","verified_underrepresented_subgenre_depth","space_ambient;Space Ambient;curated_artist;playable_depth;underrepresented_subgenre_expansion_v18_20260820;itunes_verified;deezer_verified","catalog_depth","underrepresented_style_depth","published","high","Artista curado para Space Ambient; artista exato, gravação e prévia verificados em Apple Music e Deezer."
"space_ambient","Robert Rich","The Spiral Steps","Gaudí","","https://cdnt-preview.dzcdn.net/api/1/1/2/9/c/0/29cbe9a404ed9aa2e06353aa996a669e.mp3?hdnea=exp=1787242707~acl=/api/1/1/2/9/c/0/29cbe9a404ed9aa2e06353aa996a669e.mp3*~data=user_id=0,application_id=42~hmac=30f6549161d7a2b4003238877dc46e998ecd8b232e8f640581594312fe7e60e2","","587","","","Space Ambient","Robert Rich foi curado para ampliar a profundidade de Space Ambient no catálogo.","underrepresented_subgenre_expansion_v18_20260820","https://www.deezer.com/track/2582219212","https://www.deezer.com/track/2582219212","2582219212","https://www.deezer.com/track/2582219212","https://cdn-images.dzcdn.net/images/cover/cafd69a709575e99084516130cf1116e/500x500-000000-80-0-0.jpg","","verified_underrepresented_subgenre_depth","space_ambient;Space Ambient;curated_artist;playable_depth;underrepresented_subgenre_expansion_v18_20260820","catalog_depth","underrepresented_style_depth","published","high","Artista curado para Space Ambient; artista exato, gravação e prévia verificados no Deezer."
"space_ambient","Stellardrone","Airglow","Light Years","","https://audio-ssl.itunes.apple.com/itunes-assets/AudioPreview115/v4/84/3c/e4/843ce45a-e33e-6124-e591-5e64910c52e8/mzaf_7509815125461460040.plus.aac.p.m4a","2013-06-22","317","","","Space Ambient","Stellardrone foi curado para ampliar a profundidade de Space Ambient no catálogo.","underrepresented_subgenre_expansion_v18_20260820","https://music.apple.com/us/album/airglow/669237623?i=669237702&uo=4","https://music.apple.com/us/album/airglow/669237623?i=669237702&uo=4","68837456","https://www.deezer.com/track/68837456","https://is1-ssl.mzstatic.com/image/thumb/Music115/v4/59/b1/e5/59b1e5d2-3329-d46c-ed79-8a796bcef97b/859710861421_cover.tif/600x600bb.jpg","","verified_underrepresented_subgenre_depth","space_ambient;Space Ambient;curated_artist;playable_depth;underrepresented_subgenre_expansion_v18_20260820;itunes_verified;deezer_verified","catalog_depth","underrepresented_style_depth","published","high","Artista curado para Space Ambient; artista exato, gravação e prévia verificados em Apple Music e Deezer."
"space_ambient","Stellardrone","Breathe in the Light","Between the Rings - EP","","https://audio-ssl.itunes.apple.com/itunes-assets/AudioPreview115/v4/5e/18/4d/5e184de0-7866-647c-906a-6b77615f04c1/mzaf_14630124000023161232.plus.aac.p.m4a","2017-07-20","302","","","Space Ambient","Stellardrone foi curado para ampliar a profundidade de Space Ambient no catálogo.","underrepresented_subgenre_expansion_v18_20260820","https://music.apple.com/us/album/breathe-in-the-light/1263666497?i=1263666518&uo=4","https://music.apple.com/us/album/breathe-in-the-light/1263666497?i=1263666518&uo=4","388337411","https://www.deezer.com/track/388337411","https://is1-ssl.mzstatic.com/image/thumb/Music128/v4/7e/5e/fc/7e5efcbe-d8ef-c70c-7eaf-45c53805ffdd/859722168266_cover.jpg/600x600bb.jpg","","verified_underrepresented_subgenre_depth","space_ambient;Space Ambient;curated_artist;playable_depth;underrepresented_subgenre_expansion_v18_20260820;itunes_verified;deezer_verified","catalog_depth","underrepresented_style_depth","published","high","Artista curado para Space Ambient; artista exato, gravação e prévia verificados em Apple Music e Deezer."
"space_ambient","Stellardrone","Comet Halley","Light Years","","https://audio-ssl.itunes.apple.com/itunes-assets/AudioPreview125/v4/f9/e5/a4/f9e5a4a1-219f-5150-2168-5bf10dc0edf5/mzaf_14549386097685048482.plus.aac.p.m4a","2013-06-22","222","","","Space Ambient","Stellardrone foi curado para ampliar a profundidade de Space Ambient no catálogo.","underrepresented_subgenre_expansion_v18_20260820","https://music.apple.com/us/album/comet-halley/669237623?i=669237708&uo=4","https://music.apple.com/us/album/comet-halley/669237623?i=669237708&uo=4","68837461","https://www.deezer.com/track/68837461","https://is1-ssl.mzstatic.com/image/thumb/Music115/v4/59/b1/e5/59b1e5d2-3329-d46c-ed79-8a796bcef97b/859710861421_cover.tif/600x600bb.jpg","","verified_underrepresented_subgenre_depth","space_ambient;Space Ambient;curated_artist;playable_depth;underrepresented_subgenre_expansion_v18_20260820;itunes_verified;deezer_verified","catalog_depth","underrepresented_style_depth","published","high","Artista curado para Space Ambient; artista exato, gravação e prévia verificados em Apple Music e Deezer."
"space_ambient","Stellardrone","Light Years","Light Years","","https://audio-ssl.itunes.apple.com/itunes-assets/AudioPreview125/v4/2a/c3/71/2ac37123-dd0d-11a7-30ec-954cbbde52d6/mzaf_10377662351720057452.plus.aac.p.m4a","2013-06-22","365","","","Space Ambient","Stellardrone foi curado para ampliar a profundidade de Space Ambient no catálogo.","underrepresented_subgenre_expansion_v18_20260820","https://music.apple.com/us/album/light-years/669237623?i=669237704&uo=4","https://music.apple.com/us/album/light-years/669237623?i=669237704&uo=4","68837458","https://www.deezer.com/track/68837458","https://is1-ssl.mzstatic.com/image/thumb/Music115/v4/59/b1/e5/59b1e5d2-3329-d46c-ed79-8a796bcef97b/859710861421_cover.tif/600x600bb.jpg","","verified_underrepresented_subgenre_depth","space_ambient;Space Ambient;curated_artist;playable_depth;underrepresented_subgenre_expansion_v18_20260820;itunes_verified;deezer_verified","catalog_depth","underrepresented_style_depth","published","high","Artista curado para Space Ambient; artista exato, gravação e prévia verificados em Apple Music e Deezer."
"techstep","Bad Company UK","Beast Mode","Ice Station Zero","","https://cdnt-preview.dzcdn.net/api/1/1/a/8/d/0/a8dd26936d68fdfef20763822cb61d3d.mp3?hdnea=exp=1787242709~acl=/api/1/1/a/8/d/0/a8dd26936d68fdfef20763822cb61d3d.mp3*~data=user_id=0,application_id=42~hmac=0cb9630c5f3b02256a33a87e1dcacd61f2eb1cb4f5184074a8d03b8635aa2858","","260","","","Techstep","Bad Company UK foi curado para ampliar a profundidade de Techstep no catálogo.","underrepresented_subgenre_expansion_v18_20260820","https://www.deezer.com/track/3717765882","https://www.deezer.com/track/3717765882","3717765882","https://www.deezer.com/track/3717765882","https://cdn-images.dzcdn.net/images/cover/7262867657f1724eb23347b748c781c1/500x500-000000-80-0-0.jpg","","verified_underrepresented_subgenre_depth","techstep;Techstep;curated_artist;playable_depth;underrepresented_subgenre_expansion_v18_20260820","catalog_depth","underrepresented_style_depth","published","high","Artista curado para Techstep; artista exato, gravação e prévia verificados no Deezer."
"techstep","Bad Company UK","Nitrous","Inside the Machine","","https://audio-ssl.itunes.apple.com/itunes-assets/AudioPreview115/v4/82/a4/c2/82a4c28c-0fe2-5f9a-7f88-5346c5ebaaa1/mzaf_2220633794967225231.plus.aac.p.m4a","2000-05-15","438","","","Techstep","Bad Company UK foi curado para ampliar a profundidade de Techstep no catálogo.","underrepresented_subgenre_expansion_v18_20260820","https://music.apple.com/us/album/nitrous/1281918981?i=1281918990&uo=4","https://music.apple.com/us/album/nitrous/1281918981?i=1281918990&uo=4","405405852","https://www.deezer.com/track/405405852","https://is1-ssl.mzstatic.com/image/thumb/Music125/v4/18/bd/32/18bd32ae-953d-e06f-442f-275aa4d6e9d1/5053760034056.png/600x600bb.jpg","","verified_underrepresented_subgenre_depth","techstep;Techstep;curated_artist;playable_depth;underrepresented_subgenre_expansion_v18_20260820;itunes_verified;deezer_verified","catalog_depth","underrepresented_style_depth","published","high","Artista curado para Techstep; artista exato, gravação e prévia verificados em Apple Music e Deezer."
"techstep","Bad Company UK","Ruckus (feat. $pyda)","Ice Station Zero","","https://audio-ssl.itunes.apple.com/itunes-assets/AudioPreview115/v4/80/13/bd/8013bd3f-3b22-259b-eed8-36208898369d/mzaf_17459961639137551529.plus.aac.p.m4a","2018-04-22","229","","","Techstep","Bad Company UK foi curado para ampliar a profundidade de Techstep no catálogo.","underrepresented_subgenre_expansion_v18_20260820","https://music.apple.com/us/album/ruckus-feat-%24pyda/1363226556?i=1363226793&uo=4","https://music.apple.com/us/album/ruckus-feat-%24pyda/1363226556?i=1363226793&uo=4","3717765892","https://www.deezer.com/track/3717765892","https://is1-ssl.mzstatic.com/image/thumb/Music118/v4/e9/82/d3/e982d3b8-61a4-8cc8-c21a-7362d8f621a1/4050538370584.jpg/600x600bb.jpg","","verified_underrepresented_subgenre_depth","techstep;Techstep;curated_artist;playable_depth;underrepresented_subgenre_expansion_v18_20260820;itunes_verified;deezer_verified","catalog_depth","underrepresented_style_depth","published","high","Artista curado para Techstep; artista exato, gravação e prévia verificados em Apple Music e Deezer."
"techstep","Bad Company UK","The Nine (Remastered)","The Nine (Remastered) - Single","","https://audio-ssl.itunes.apple.com/itunes-assets/AudioPreview211/v4/65/6c/5f/656c5f6f-a82c-8742-1a4b-1091b354252f/mzaf_11433313753604882466.plus.aac.p.m4a","2014-01-03","426","","","Techstep","Bad Company UK foi curado para ampliar a profundidade de Techstep no catálogo.","underrepresented_subgenre_expansion_v18_20260820","https://music.apple.com/us/album/the-nine-remastered/1849140423?i=1849140591&uo=4","https://music.apple.com/us/album/the-nine-remastered/1849140423?i=1849140591&uo=4","3624983372","https://www.deezer.com/track/3624983372","https://is1-ssl.mzstatic.com/image/thumb/Music221/v4/e9/74/a1/e974a16e-9ba2-55a5-12f4-7da674d0f9d3/5060182935526_cover.jpg/600x600bb.jpg","","verified_underrepresented_subgenre_depth","techstep;Techstep;curated_artist;playable_depth;underrepresented_subgenre_expansion_v18_20260820;itunes_verified;deezer_verified","catalog_depth","underrepresented_style_depth","published","high","Artista curado para Techstep; artista exato, gravação e prévia verificados em Apple Music e Deezer."
"techstep","Dom & Roland","Adrenalin","Dynamo / Adrenalin","","https://cdnt-preview.dzcdn.net/api/1/1/0/8/a/0/08a611069060ea1bbfb8bff86e1bfff5.mp3?hdnea=exp=1787242708~acl=/api/1/1/0/8/a/0/08a611069060ea1bbfb8bff86e1bfff5.mp3*~data=user_id=0,application_id=42~hmac=85549342a66e73eff73162b20b20ad0680642686aaf2dc0072fd23b233f805c5","","333","","","Techstep","Dom & Roland foi curado para ampliar a profundidade de Techstep no catálogo.","underrepresented_subgenre_expansion_v18_20260820","https://www.deezer.com/track/2238722417","https://www.deezer.com/track/2238722417","2238722417","https://www.deezer.com/track/2238722417","https://cdn-images.dzcdn.net/images/cover/8067e5afea70032eabaef7e8d3280a57/500x500-000000-80-0-0.jpg","","verified_underrepresented_subgenre_depth","techstep;Techstep;curated_artist;playable_depth;underrepresented_subgenre_expansion_v18_20260820","catalog_depth","underrepresented_style_depth","published","high","Artista curado para Techstep; artista exato, gravação e prévia verificados no Deezer."
"techstep","Dom & Roland","Hear My Call","Dom & Roland Productions: Remix Album","","https://cdnt-preview.dzcdn.net/api/1/1/9/9/5/0/995bc8e334b4ab3800eea65fc7287750.mp3?hdnea=exp=1787242708~acl=/api/1/1/9/9/5/0/995bc8e334b4ab3800eea65fc7287750.mp3*~data=user_id=0,application_id=42~hmac=563d1801c8cb713767ef34b27bc9f5036b0009e8289a78194a3e0b46a1e471bf","","361","","","Techstep","Dom & Roland foi curado para ampliar a profundidade de Techstep no catálogo.","underrepresented_subgenre_expansion_v18_20260820","https://www.deezer.com/track/407117072","https://www.deezer.com/track/407117072","407117072","https://www.deezer.com/track/407117072","https://cdn-images.dzcdn.net/images/cover/2a29088156ee36ca4d965edd2b03f758/500x500-000000-80-0-0.jpg","","verified_underrepresented_subgenre_depth","techstep;Techstep;curated_artist;playable_depth;underrepresented_subgenre_expansion_v18_20260820","catalog_depth","underrepresented_style_depth","published","high","Artista curado para Techstep; artista exato, gravação e prévia verificados no Deezer."
"techstep","Dom & Roland","Outcast","Last Refuge of a Scoundrel","","https://audio-ssl.itunes.apple.com/itunes-assets/AudioPreview115/v4/78/1d/fc/781dfc03-8664-39f6-8a0d-7bed2f10c124/mzaf_15546377195632584840.plus.aac.p.m4a","2016-10-07","318","","","Techstep","Dom & Roland foi curado para ampliar a profundidade de Techstep no catálogo.","underrepresented_subgenre_expansion_v18_20260820","https://music.apple.com/us/album/outcast/1152468037?i=1152468996&uo=4","https://music.apple.com/us/album/outcast/1152468037?i=1152468996&uo=4","131758488","https://www.deezer.com/track/131758488","https://is1-ssl.mzstatic.com/image/thumb/Music115/v4/dc/19/97/dc1997c3-cff7-ca9a-e97e-aa5c24d6246a/cover.jpg/600x600bb.jpg","","verified_underrepresented_subgenre_depth","techstep;Techstep;curated_artist;playable_depth;underrepresented_subgenre_expansion_v18_20260820;itunes_verified;deezer_verified","catalog_depth","underrepresented_style_depth","published","high","Artista curado para Techstep; artista exato, gravação e prévia verificados em Apple Music e Deezer."
"techstep","Dom & Roland","Sirens Song (feat. Robert Manos)","Last Refuge of a Scoundrel","","https://audio-ssl.itunes.apple.com/itunes-assets/AudioPreview115/v4/c7/44/b3/c744b38e-b9b5-c9e1-6110-7f44a6808cc7/mzaf_14114787369272892476.plus.aac.p.m4a","2016-09-09","346","","","Techstep","Dom & Roland foi curado para ampliar a profundidade de Techstep no catálogo.","underrepresented_subgenre_expansion_v18_20260820","https://music.apple.com/us/album/sirens-song-feat-robert-manos/1152468037?i=1152468515&uo=4","https://music.apple.com/us/album/sirens-song-feat-robert-manos/1152468037?i=1152468515&uo=4","131758470","https://www.deezer.com/track/131758470","https://is1-ssl.mzstatic.com/image/thumb/Music115/v4/dc/19/97/dc1997c3-cff7-ca9a-e97e-aa5c24d6246a/cover.jpg/600x600bb.jpg","","verified_underrepresented_subgenre_depth","techstep;Techstep;curated_artist;playable_depth;underrepresented_subgenre_expansion_v18_20260820;itunes_verified;deezer_verified","catalog_depth","underrepresented_style_depth","published","high","Artista curado para Techstep; artista exato, gravação e prévia verificados em Apple Music e Deezer."
"techstep","Kemal & Rob Data","Hybrid","Clockwork (Mixed By Stakka & Skynet)","","https://audio-ssl.itunes.apple.com/itunes-assets/Music/43/c9/4d/mzm.pnrestsc.aac.p.m4a","2001-01-01","323","","","Techstep","Kemal & Rob Data foi curado para ampliar a profundidade de Techstep no catálogo.","underrepresented_subgenre_expansion_v18_20260820","https://music.apple.com/us/album/hybrid/470398581?i=470398768&uo=4","https://music.apple.com/us/album/hybrid/470398581?i=470398768&uo=4","","","https://is1-ssl.mzstatic.com/image/thumb/Music/1a/fa/cd/mzi.tvbjqsnr.jpg/600x600bb.jpg","","verified_underrepresented_subgenre_depth","techstep;Techstep;curated_artist;playable_depth;underrepresented_subgenre_expansion_v18_20260820;itunes_verified","catalog_depth","underrepresented_style_depth","published","high","Artista curado para Techstep; artista exato, gravação e prévia verificados em Apple Music."
"techstep","Kemal & Rob Data","Star Trails","FABRICLIVE 76: Calyx & Teebee","","https://audio-ssl.itunes.apple.com/itunes-assets/AudioPreview123/v4/78/bb/8d/78bb8d85-28f1-7b15-7e07-939b4eab864a/mzaf_13037240142712367849.plus.aac.p.m4a","2014-07-21","465","","","Techstep","Kemal & Rob Data foi curado para ampliar a profundidade de Techstep no catálogo.","underrepresented_subgenre_expansion_v18_20260820","https://music.apple.com/us/album/star-trails/1504388152?i=1504388475&uo=4","https://music.apple.com/us/album/star-trails/1504388152?i=1504388475&uo=4","","","https://is1-ssl.mzstatic.com/image/thumb/Music123/v4/7c/47/8b/7c478b2c-aaed-a459-092a-1cacf1105956/802560015278.jpg/600x600bb.jpg","","verified_underrepresented_subgenre_depth","techstep;Techstep;curated_artist;playable_depth;underrepresented_subgenre_expansion_v18_20260820;itunes_verified","catalog_depth","underrepresented_style_depth","published","high","Artista curado para Techstep; artista exato, gravação e prévia verificados em Apple Music."
"techstep","Konflict","Bad Acid","Armageddon - Single","","https://audio-ssl.itunes.apple.com/itunes-assets/AudioPreview118/v4/ea/62/c9/ea62c97a-f849-e63a-fbeb-8595a87854a9/mzaf_278029913246819048.plus.aac.p.m4a","1999-09-27","421","","","Techstep","Konflict foi curado para ampliar a profundidade de Techstep no catálogo.","underrepresented_subgenre_expansion_v18_20260820","https://music.apple.com/us/album/bad-acid/1284155870?i=1284156069&uo=4","https://music.apple.com/us/album/bad-acid/1284155870?i=1284156069&uo=4","","","https://is1-ssl.mzstatic.com/image/thumb/Music128/v4/61/56/87/615687de-7be9-eaff-661b-f3e6e390169e/5029651001117_cover.jpg/600x600bb.jpg","","verified_underrepresented_subgenre_depth","techstep;Techstep;curated_artist;playable_depth;underrepresented_subgenre_expansion_v18_20260820","catalog_depth","underrepresented_style_depth","published","high","Artista curado para Techstep; artista exato, gravação e prévia verificados no Apple Music."
"techstep","Konflict","Celestial","Maelstrom","","https://audio-ssl.itunes.apple.com/itunes-assets/AudioPreview125/v4/7e/29/b6/7e29b654-7a53-0b52-f6db-3bec4109c838/mzaf_17057276108777968973.plus.aac.p.m4a","2000-07-24","456","","","Techstep","Konflict foi curado para ampliar a profundidade de Techstep no catálogo.","underrepresented_subgenre_expansion_v18_20260820","https://music.apple.com/us/album/celestial/1284926163?i=1284927320&uo=4","https://music.apple.com/us/album/celestial/1284926163?i=1284927320&uo=4","","","https://is1-ssl.mzstatic.com/image/thumb/Music124/v4/60/f2/08/60f208bc-2f1e-46df-266a-6a985b674892/5029651001261_cover.jpg/600x600bb.jpg","","verified_underrepresented_subgenre_depth","techstep;Techstep;curated_artist;playable_depth;underrepresented_subgenre_expansion_v18_20260820","catalog_depth","underrepresented_style_depth","published","high","Artista curado para Techstep; artista exato, gravação e prévia verificados no Apple Music."
"techstep","Konflict","New World Order","Maelstrom","","https://audio-ssl.itunes.apple.com/itunes-assets/AudioPreview125/v4/62/59/be/6259bec9-bcfe-a0ca-046e-992ee4288fb0/mzaf_4222744285403040895.plus.aac.p.m4a","2000-07-24","448","","","Techstep","Konflict foi curado para ampliar a profundidade de Techstep no catálogo.","underrepresented_subgenre_expansion_v18_20260820","https://music.apple.com/us/album/new-world-order/1284926163?i=1284927324&uo=4","https://music.apple.com/us/album/new-world-order/1284926163?i=1284927324&uo=4","408247192","https://www.deezer.com/track/408247192","https://is1-ssl.mzstatic.com/image/thumb/Music124/v4/60/f2/08/60f208bc-2f1e-46df-266a-6a985b674892/5029651001261_cover.jpg/600x600bb.jpg","","verified_underrepresented_subgenre_depth","techstep;Techstep;curated_artist;playable_depth;underrepresented_subgenre_expansion_v18_20260820;itunes_verified;deezer_verified","catalog_depth","underrepresented_style_depth","published","high","Artista curado para Techstep; artista exato, gravação e prévia verificados em Apple Music e Deezer."
"techstep","Konflict","Phobia","Armageddon","","https://audio-ssl.itunes.apple.com/itunes-assets/AudioPreview118/v4/87/a6/54/87a654d9-d734-ea7d-e63f-56e7b0a07602/mzaf_8925836039020059472.plus.aac.p.m4a","1999-06-06","430","","","Techstep","Konflict foi curado para ampliar a profundidade de Techstep no catálogo.","underrepresented_subgenre_expansion_v18_20260820","https://music.apple.com/us/album/phobia/1282830063?i=1282830843&uo=4","https://music.apple.com/us/album/phobia/1282830063?i=1282830843&uo=4","","","https://is1-ssl.mzstatic.com/image/thumb/Music128/v4/2d/be/1f/2dbe1fd4-69ae-a44c-11c2-ca386d492467/5051142091062_cover.jpg/600x600bb.jpg","","verified_underrepresented_subgenre_depth","techstep;Techstep;curated_artist;playable_depth;underrepresented_subgenre_expansion_v18_20260820","catalog_depth","underrepresented_style_depth","published","high","Artista curado para Techstep; artista exato, gravação e prévia verificados no Apple Music."
"techstep","Stakka & Skynet","Altitude","Clockwork","","https://cdnt-preview.dzcdn.net/api/1/1/d/6/6/0/d66bd088fdaa6b5ff124cb9b8aae3f43.mp3?hdnea=exp=1787242709~acl=/api/1/1/d/6/6/0/d66bd088fdaa6b5ff124cb9b8aae3f43.mp3*~data=user_id=0,application_id=42~hmac=b86d779020d045ad35f611c51ac61ce41c901119b5a8df1acae23285a1f5de5d","","383","","","Techstep","Stakka & Skynet foi curado para ampliar a profundidade de Techstep no catálogo.","underrepresented_subgenre_expansion_v18_20260820","https://www.deezer.com/track/14474653","https://www.deezer.com/track/14474653","14474840","https://www.deezer.com/track/14474840","https://cdn-images.dzcdn.net/images/cover/b5b41f4e725e5f4e0fb68fd942acdaee/500x500-000000-80-0-0.jpg","","verified_underrepresented_subgenre_depth","techstep;Techstep;curated_artist;playable_depth;underrepresented_subgenre_expansion_v18_20260820;deezer_verified","catalog_depth","underrepresented_style_depth","published","high","Artista curado para Techstep; artista exato, gravação e prévia verificados em Deezer."
"techstep","Stakka & Skynet","Bios Fear","Clockwork","","https://cdnt-preview.dzcdn.net/api/1/1/f/9/7/0/f97de3e89068fd56dac85f8e8efa3885.mp3?hdnea=exp=1787242709~acl=/api/1/1/f/9/7/0/f97de3e89068fd56dac85f8e8efa3885.mp3*~data=user_id=0,application_id=42~hmac=364ecec9d6d4276f694b8aaa651782036a6e0dc2327b5dd993be35aecc516ed7","","399","","","Techstep","Stakka & Skynet foi curado para ampliar a profundidade de Techstep no catálogo.","underrepresented_subgenre_expansion_v18_20260820","https://www.deezer.com/track/14474648","https://www.deezer.com/track/14474648","14474648","https://www.deezer.com/track/14474648","https://cdn-images.dzcdn.net/images/cover/b5b41f4e725e5f4e0fb68fd942acdaee/500x500-000000-80-0-0.jpg","","verified_underrepresented_subgenre_depth","techstep;Techstep;curated_artist;playable_depth;underrepresented_subgenre_expansion_v18_20260820","catalog_depth","underrepresented_style_depth","published","high","Artista curado para Techstep; artista exato, gravação e prévia verificados no Deezer."
"techstep","Stakka & Skynet","Biosfear","Bedlam","","https://audio-ssl.itunes.apple.com/itunes-assets/AudioPreview125/v4/a8/64/84/a8648404-af8a-c7ad-6a85-356a12e665c9/mzaf_8321950655533155157.plus.aac.p.m4a","2002-08-13","109","","","Techstep","Stakka & Skynet foi curado para ampliar a profundidade de Techstep no catálogo.","underrepresented_subgenre_expansion_v18_20260820","https://music.apple.com/us/album/biosfear/1016688255?i=1016688453&uo=4","https://music.apple.com/us/album/biosfear/1016688255?i=1016688453&uo=4","","","https://is1-ssl.mzstatic.com/image/thumb/Music7/v4/df/fd/d4/dffdd46a-b6de-9c03-f039-d93cd6e16eed/9202_300dpi.jpg/600x600bb.jpg","","verified_underrepresented_subgenre_depth","techstep;Techstep;curated_artist;playable_depth;underrepresented_subgenre_expansion_v18_20260820","catalog_depth","underrepresented_style_depth","published","high","Artista curado para Techstep; artista exato, gravação e prévia verificados no Apple Music."
"techstep","Stakka & Skynet","So Confused","Clockwork - Mixed by Stakka & Skynet","","https://cdnt-preview.dzcdn.net/api/1/1/5/a/c/0/5acee3c50a9be248db721d52327e013c.mp3?hdnea=exp=1787242709~acl=/api/1/1/5/a/c/0/5acee3c50a9be248db721d52327e013c.mp3*~data=user_id=0,application_id=42~hmac=15b3dd2b2c34a69ed6c43acd3d1376e79eeef979adb64fe4ffbc5a98f9a22d6d","","345","","","Techstep","Stakka & Skynet foi curado para ampliar a profundidade de Techstep no catálogo.","underrepresented_subgenre_expansion_v18_20260820","https://www.deezer.com/track/14474843","https://www.deezer.com/track/14474843","14474843","https://www.deezer.com/track/14474843","https://cdn-images.dzcdn.net/images/cover/b5b41f4e725e5f4e0fb68fd942acdaee/500x500-000000-80-0-0.jpg","","verified_underrepresented_subgenre_depth","techstep;Techstep;curated_artist;playable_depth;underrepresented_subgenre_expansion_v18_20260820","catalog_depth","underrepresented_style_depth","published","high","Artista curado para Techstep; artista exato, gravação e prévia verificados no Deezer."
